county,precinct,office,district,party,candidate,votes,election_day,mail,provisional
Kings,1101,Registered Voters,,,,378,,,
Kings,1102,Registered Voters,,,,455,,,
Kings,1103,Registered Voters,,,,141,,,
Kings,1104,Registered Voters,,,,13,,,
Kings,1105,Registered Voters,,,,474,,,
Kings,1106,Registered Voters,,,,145,,,
Kings,1107,Registered Voters,,,,58,,,
Kings,1108,Registered Voters,,,,10,,,
Kings,1109,Registered Voters,,,,338,,,
Kings,1110,Registered Voters,,,,0,,,
Kings,1111,Registered Voters,,,,47,,,
Kings,1112,Registered Voters,,,,110,,,
Kings,1113,Registered Voters,,,,209,,,
Kings,1114,Registered Voters,,,,677,,,
Kings,1115,Registered Voters,,,,274,,,
Kings,1116,Registered Voters,,,,90,,,
Kings,1117,Registered Voters,,,,379,,,
Kings,1118,Registered Voters,,,,668,,,
Kings,1119,Registered Voters,,,,0,,,
Kings,1120,Registered Voters,,,,4,,,
Kings,1121,Registered Voters,,,,992,,,
Kings,1122,Registered Voters,,,,1802,,,
Kings,1123,Registered Voters,,,,949,,,
Kings,1124,Registered Voters,,,,379,,,
Kings,1125,Registered Voters,,,,559,,,
Kings,1126,Registered Voters,,,,1043,,,
Kings,1127,Registered Voters,,,,467,,,
Kings,1201,Registered Voters,,,,10,,,
Kings,1202,Registered Voters,,,,225,,,
Kings,1203,Registered Voters,,,,294,,,
Kings,1204,Registered Voters,,,,477,,,
Kings,1205,Registered Voters,,,,257,,,
Kings,1206,Registered Voters,,,,4070,,,
Kings,1207,Registered Voters,,,,1091,,,
Kings,1208,Registered Voters,,,,699,,,
Kings,1209,Registered Voters,,,,1598,,,
Kings,1301,Registered Voters,,,,0,,,
Kings,1302,Registered Voters,,,,15,,,
Kings,1303,Registered Voters,,,,51,,,
Kings,1304,Registered Voters,,,,4,,,
Kings,1305,Registered Voters,,,,30,,,
Kings,1306,Registered Voters,,,,247,,,
Kings,1307,Registered Voters,,,,88,,,
Kings,1308,Registered Voters,,,,312,,,
Kings,1309,Registered Voters,,,,63,,,
Kings,1310,Registered Voters,,,,49,,,
Kings,1311,Registered Voters,,,,63,,,
Kings,1312,Registered Voters,,,,272,,,
Kings,1313,Registered Voters,,,,147,,,
Kings,1314,Registered Voters,,,,7,,,
Kings,1315,Registered Voters,,,,0,,,
Kings,1316,Registered Voters,,,,39,,,
Kings,1317,Registered Voters,,,,3,,,
Kings,1318,Registered Voters,,,,263,,,
Kings,1319,Registered Voters,,,,0,,,
Kings,1320,Registered Voters,,,,23,,,
Kings,1321,Registered Voters,,,,1,,,
Kings,1322,Registered Voters,,,,81,,,
Kings,1323,Registered Voters,,,,9,,,
Kings,1324,Registered Voters,,,,2,,,
Kings,1325,Registered Voters,,,,3,,,
Kings,1326,Registered Voters,,,,170,,,
Kings,1327,Registered Voters,,,,2949,,,
Kings,1328,Registered Voters,,,,1016,,,
Kings,1329,Registered Voters,,,,1330,,,
Kings,1330,Registered Voters,,,,1133,,,
Kings,1331,Registered Voters,,,,723,,,
Kings,1332,Registered Voters,,,,3259,,,
Kings,1333,Registered Voters,,,,1613,,,
Kings,1401,Registered Voters,,,,70,,,
Kings,1402,Registered Voters,,,,0,,,
Kings,1403,Registered Voters,,,,1234,,,
Kings,1404,Registered Voters,,,,63,,,
Kings,1405,Registered Voters,,,,292,,,
Kings,1406,Registered Voters,,,,20,,,
Kings,1407,Registered Voters,,,,30,,,
Kings,1408,Registered Voters,,,,63,,,
Kings,1409,Registered Voters,,,,212,,,
Kings,1410,Registered Voters,,,,0,,,
Kings,1411,Registered Voters,,,,173,,,
Kings,1412,Registered Voters,,,,397,,,
Kings,1413,Registered Voters,,,,88,,,
Kings,1414,Registered Voters,,,,216,,,
Kings,1415,Registered Voters,,,,8053,,,
Kings,1416,Registered Voters,,,,937,,,
Kings,1417,Registered Voters,,,,1107,,,
Kings,1501,Registered Voters,,,,320,,,
Kings,1502,Registered Voters,,,,208,,,
Kings,1503,Registered Voters,,,,572,,,
Kings,1504,Registered Voters,,,,1948,,,
Kings,1505,Registered Voters,,,,454,,,
Kings,1506,Registered Voters,,,,436,,,
Kings,1507,Registered Voters,,,,105,,,
Kings,1508,Registered Voters,,,,2575,,,
Kings,1509,Registered Voters,,,,4821,,,
Kings,1510,Registered Voters,,,,2432,,,
Kings,KINGS CA,Registered Voters,,,,60173,,,
Kings,1101,Ballots Cast,,,,308,23,276,9
Kings,1102,Ballots Cast,,,,335,26,302,7
Kings,1103,Ballots Cast,,,,119,8,108,3
Kings,1104,Ballots Cast,,,,11,1,10,0
Kings,1105,Ballots Cast,,,,339,45,236,58
Kings,1106,Ballots Cast,,,,107,15,77,15
Kings,1107,Ballots Cast,,,,49,2,44,3
Kings,1108,Ballots Cast,,,,6,0,6,0
Kings,1109,Ballots Cast,,,,202,25,164,13
Kings,1110,Ballots Cast,,,,0,0,0,0
Kings,1111,Ballots Cast,,,,40,2,38,0
Kings,1112,Ballots Cast,,,,94,6,88,0
Kings,1113,Ballots Cast,,,,160,23,135,2
Kings,1114,Ballots Cast,,,,532,87,424,21
Kings,1115,Ballots Cast,,,,191,25,159,7
Kings,1116,Ballots Cast,,,,73,19,51,3
Kings,1117,Ballots Cast,,,,286,35,234,17
Kings,1118,Ballots Cast,,,,461,68,385,8
Kings,1119,Ballots Cast,,,,0,0,0,0
Kings,1120,Ballots Cast,,,,1,0,1,0
Kings,1121,Ballots Cast,,,,793,97,670,26
Kings,1122,Ballots Cast,,,,1218,143,1010,65
Kings,1123,Ballots Cast,,,,670,71,580,19
Kings,1124,Ballots Cast,,,,284,33,239,12
Kings,1125,Ballots Cast,,,,435,43,378,14
Kings,1126,Ballots Cast,,,,841,105,719,17
Kings,1127,Ballots Cast,,,,249,46,194,9
Kings,1201,Ballots Cast,,,,7,0,7,0
Kings,1202,Ballots Cast,,,,133,6,126,1
Kings,1203,Ballots Cast,,,,232,9,221,2
Kings,1204,Ballots Cast,,,,257,7,240,10
Kings,1205,Ballots Cast,,,,168,2,163,3
Kings,1206,Ballots Cast,,,,2554,263,2178,113
Kings,1207,Ballots Cast,,,,740,74,643,23
Kings,1208,Ballots Cast,,,,453,93,342,18
Kings,1209,Ballots Cast,,,,962,140,790,32
Kings,1301,Ballots Cast,,,,0,0,0,0
Kings,1302,Ballots Cast,,,,14,0,14,0
Kings,1303,Ballots Cast,,,,41,2,39,0
Kings,1304,Ballots Cast,,,,6,0,6,0
Kings,1305,Ballots Cast,,,,26,1,25,0
Kings,1306,Ballots Cast,,,,221,6,213,2
Kings,1307,Ballots Cast,,,,89,7,73,9
Kings,1308,Ballots Cast,,,,287,10,273,4
Kings,1309,Ballots Cast,,,,44,8,30,6
Kings,1310,Ballots Cast,,,,39,2,35,2
Kings,1311,Ballots Cast,,,,56,5,45,6
Kings,1312,Ballots Cast,,,,186,10,168,8
Kings,1313,Ballots Cast,,,,123,9,109,5
Kings,1314,Ballots Cast,,,,6,0,6,0
Kings,1315,Ballots Cast,,,,0,0,0,0
Kings,1316,Ballots Cast,,,,27,4,23,0
Kings,1317,Ballots Cast,,,,1,1,0,0
Kings,1318,Ballots Cast,,,,221,8,212,1
Kings,1319,Ballots Cast,,,,0,0,0,0
Kings,1320,Ballots Cast,,,,18,2,16,0
Kings,1321,Ballots Cast,,,,1,0,1,0
Kings,1322,Ballots Cast,,,,68,5,62,1
Kings,1323,Ballots Cast,,,,10,2,8,0
Kings,1324,Ballots Cast,,,,0,0,0,0
Kings,1325,Ballots Cast,,,,3,0,3,0
Kings,1326,Ballots Cast,,,,106,4,99,3
Kings,1327,Ballots Cast,,,,2449,176,2216,57
Kings,1328,Ballots Cast,,,,803,65,726,12
Kings,1329,Ballots Cast,,,,999,81,885,33
Kings,1330,Ballots Cast,,,,854,82,744,28
Kings,1331,Ballots Cast,,,,554,66,472,16
Kings,1332,Ballots Cast,,,,2810,221,2531,58
Kings,1333,Ballots Cast,,,,1202,119,1027,56
Kings,1401,Ballots Cast,,,,63,1,62,0
Kings,1402,Ballots Cast,,,,3,0,3,0
Kings,1403,Ballots Cast,,,,751,59,664,28
Kings,1404,Ballots Cast,,,,37,3,31,3
Kings,1405,Ballots Cast,,,,231,19,207,5
Kings,1406,Ballots Cast,,,,20,0,20,0
Kings,1407,Ballots Cast,,,,28,1,27,0
Kings,1408,Ballots Cast,,,,52,3,47,2
Kings,1409,Ballots Cast,,,,170,8,160,2
Kings,1410,Ballots Cast,,,,0,0,0,0
Kings,1411,Ballots Cast,,,,129,12,116,1
Kings,1412,Ballots Cast,,,,275,30,243,2
Kings,1413,Ballots Cast,,,,61,8,53,0
Kings,1414,Ballots Cast,,,,157,9,146,2
Kings,1415,Ballots Cast,,,,5674,450,5035,189
Kings,1416,Ballots Cast,,,,761,78,671,12
Kings,1417,Ballots Cast,,,,711,75,608,28
Kings,1501,Ballots Cast,,,,288,13,272,3
Kings,1502,Ballots Cast,,,,91,5,82,4
Kings,1503,Ballots Cast,,,,369,22,340,7
Kings,1504,Ballots Cast,,,,1275,82,1152,41
Kings,1505,Ballots Cast,,,,390,16,371,3
Kings,1506,Ballots Cast,,,,357,18,335,4
Kings,1507,Ballots Cast,,,,93,5,88,0
Kings,1508,Ballots Cast,,,,2192,136,2025,31
Kings,1509,Ballots Cast,,,,3654,242,3311,101
Kings,1510,Ballots Cast,,,,2036,143,1853,40
Kings,KINGS CA,Ballots Cast,,,,44442,3876,39221,1345
Kings,1101,President,,DEM,Joe Biden,123,6,115,2
Kings,1102,President,,DEM,Joe Biden,93,3,90,
Kings,1103,President,,DEM,Joe Biden,29,,29,
Kings,1104,President,,DEM,Joe Biden,1,,1,
Kings,1105,President,,DEM,Joe Biden,167,15,127,25
Kings,1106,President,,DEM,Joe Biden,38,6,25,7
Kings,1107,President,,DEM,Joe Biden,19,,18,1
Kings,1108,President,,DEM,Joe Biden,3,,3,
Kings,1109,President,,DEM,Joe Biden,121,11,104,6
Kings,1110,President,,DEM,Joe Biden,,,,
Kings,1111,President,,DEM,Joe Biden,9,2,7,
Kings,1112,President,,DEM,Joe Biden,29,,29,
Kings,1113,President,,DEM,Joe Biden,55,4,49,2
Kings,1114,President,,DEM,Joe Biden,198,21,169,8
Kings,1115,President,,DEM,Joe Biden,74,9,63,2
Kings,1116,President,,DEM,Joe Biden,21,2,18,1
Kings,1117,President,,DEM,Joe Biden,114,7,99,8
Kings,1118,President,,DEM,Joe Biden,168,13,152,3
Kings,1119,President,,DEM,Joe Biden,,,,
Kings,1120,President,,DEM,Joe Biden,,,,
Kings,1121,President,,DEM,Joe Biden,289,20,258,11
Kings,1122,President,,DEM,Joe Biden,643,57,555,31
Kings,1123,President,,DEM,Joe Biden,297,22,262,13
Kings,1124,President,,DEM,Joe Biden,114,8,100,6
Kings,1125,President,,DEM,Joe Biden,161,5,149,7
Kings,1126,President,,DEM,Joe Biden,323,16,300,7
Kings,1127,President,,DEM,Joe Biden,145,18,121,6
Kings,1201,President,,DEM,Joe Biden,5,,5,
Kings,1202,President,,DEM,Joe Biden,73,4,69,
Kings,1203,President,,DEM,Joe Biden,61,1,59,1
Kings,1204,President,,DEM,Joe Biden,146,5,132,9
Kings,1205,President,,DEM,Joe Biden,105,,104,1
Kings,1206,President,,DEM,Joe Biden,1461,121,1276,64
Kings,1207,President,,DEM,Joe Biden,392,27,354,11
Kings,1208,President,,DEM,Joe Biden,272,45,213,14
Kings,1209,President,,DEM,Joe Biden,633,67,542,24
Kings,1301,President,,DEM,Joe Biden,,,,
Kings,1302,President,,DEM,Joe Biden,5,,5,
Kings,1303,President,,DEM,Joe Biden,8,1,7,
Kings,1304,President,,DEM,Joe Biden,3,,3,
Kings,1305,President,,DEM,Joe Biden,6,,6,
Kings,1306,President,,DEM,Joe Biden,46,1,44,1
Kings,1307,President,,DEM,Joe Biden,27,1,24,2
Kings,1308,President,,DEM,Joe Biden,70,3,66,1
Kings,1309,President,,DEM,Joe Biden,23,4,15,4
Kings,1310,President,,DEM,Joe Biden,13,,13,
Kings,1311,President,,DEM,Joe Biden,24,1,21,2
Kings,1312,President,,DEM,Joe Biden,83,3,76,4
Kings,1313,President,,DEM,Joe Biden,35,4,30,1
Kings,1314,President,,DEM,Joe Biden,1,,1,
Kings,1315,President,,DEM,Joe Biden,,,,
Kings,1316,President,,DEM,Joe Biden,2,1,1,
Kings,1317,President,,DEM,Joe Biden,,,,
Kings,1318,President,,DEM,Joe Biden,35,,34,1
Kings,1319,President,,DEM,Joe Biden,,,,
Kings,1320,President,,DEM,Joe Biden,5,1,4,
Kings,1321,President,,DEM,Joe Biden,,,,
Kings,1322,President,,DEM,Joe Biden,19,1,17,1
Kings,1323,President,,DEM,Joe Biden,3,,3,
Kings,1324,President,,DEM,Joe Biden,,,,
Kings,1325,President,,DEM,Joe Biden,,,,
Kings,1326,President,,DEM,Joe Biden,66,2,63,1
Kings,1327,President,,DEM,Joe Biden,870,27,817,26
Kings,1328,President,,DEM,Joe Biden,162,8,151,3
Kings,1329,President,,DEM,Joe Biden,394,25,358,11
Kings,1330,President,,DEM,Joe Biden,366,15,334,17
Kings,1331,President,,DEM,Joe Biden,225,14,202,9
Kings,1332,President,,DEM,Joe Biden,975,49,906,20
Kings,1333,President,,DEM,Joe Biden,453,22,401,30
Kings,1401,President,,DEM,Joe Biden,23,,23,
Kings,1402,President,,DEM,Joe Biden,3,,3,
Kings,1403,President,,DEM,Joe Biden,500,32,448,20
Kings,1404,President,,DEM,Joe Biden,19,1,15,3
Kings,1405,President,,DEM,Joe Biden,125,5,117,3
Kings,1406,President,,DEM,Joe Biden,4,,4,
Kings,1407,President,,DEM,Joe Biden,9,,9,
Kings,1408,President,,DEM,Joe Biden,6,,5,1
Kings,1409,President,,DEM,Joe Biden,49,2,47,
Kings,1410,President,,DEM,Joe Biden,,,,
Kings,1411,President,,DEM,Joe Biden,37,5,32,
Kings,1412,President,,DEM,Joe Biden,134,8,125,1
Kings,1413,President,,DEM,Joe Biden,21,2,19,
Kings,1414,President,,DEM,Joe Biden,52,1,51,
Kings,1415,President,,DEM,Joe Biden,2769,156,2516,97
Kings,1416,President,,DEM,Joe Biden,266,20,241,5
Kings,1417,President,,DEM,Joe Biden,361,29,321,11
Kings,1501,President,,DEM,Joe Biden,49,,49,
Kings,1502,President,,DEM,Joe Biden,73,4,65,4
Kings,1503,President,,DEM,Joe Biden,182,3,177,2
Kings,1504,President,,DEM,Joe Biden,647,47,578,22
Kings,1505,President,,DEM,Joe Biden,62,1,60,1
Kings,1506,President,,DEM,Joe Biden,64,5,58,1
Kings,1507,President,,DEM,Joe Biden,19,,19,
Kings,1508,President,,DEM,Joe Biden,709,29,671,9
Kings,1509,President,,DEM,Joe Biden,1513,86,1388,39
Kings,1510,President,,DEM,Joe Biden,702,25,659,18
Kings,KINGS CA,President,,DEM,Joe Biden,18699,1159,16899,641
Kings,1101,President,,REP,Donald Trump,179,17,155,7
Kings,1102,President,,REP,Donald Trump,229,20,203,6
Kings,1103,President,,REP,Donald Trump,87,8,76,3
Kings,1104,President,,REP,Donald Trump,9,,9,
Kings,1105,President,,REP,Donald Trump,149,28,92,29
Kings,1106,President,,REP,Donald Trump,55,8,41,6
Kings,1107,President,,REP,Donald Trump,27,,25,2
Kings,1108,President,,REP,Donald Trump,3,,3,
Kings,1109,President,,REP,Donald Trump,74,14,54,6
Kings,1110,President,,REP,Donald Trump,,,,
Kings,1111,President,,REP,Donald Trump,30,,30,
Kings,1112,President,,REP,Donald Trump,59,5,54,
Kings,1113,President,,REP,Donald Trump,100,17,83,
Kings,1114,President,,REP,Donald Trump,306,62,233,11
Kings,1115,President,,REP,Donald Trump,105,14,86,5
Kings,1116,President,,REP,Donald Trump,51,17,32,2
Kings,1117,President,,REP,Donald Trump,156,26,121,9
Kings,1118,President,,REP,Donald Trump,278,54,220,4
Kings,1119,President,,REP,Donald Trump,,,,
Kings,1120,President,,REP,Donald Trump,1,,1,
Kings,1121,President,,REP,Donald Trump,464,73,376,15
Kings,1122,President,,REP,Donald Trump,519,82,411,26
Kings,1123,President,,REP,Donald Trump,344,48,292,4
Kings,1124,President,,REP,Donald Trump,161,25,131,5
Kings,1125,President,,REP,Donald Trump,260,37,217,6
Kings,1126,President,,REP,Donald Trump,482,84,388,10
Kings,1127,President,,REP,Donald Trump,96,26,67,3
Kings,1201,President,,REP,Donald Trump,2,,2,
Kings,1202,President,,REP,Donald Trump,46,2,43,1
Kings,1203,President,,REP,Donald Trump,162,8,153,1
Kings,1204,President,,REP,Donald Trump,97,2,94,1
Kings,1205,President,,REP,Donald Trump,56,2,52,2
Kings,1206,President,,REP,Donald Trump,993,133,813,47
Kings,1207,President,,REP,Donald Trump,325,45,269,11
Kings,1208,President,,REP,Donald Trump,166,45,118,3
Kings,1209,President,,REP,Donald Trump,274,61,206,7
Kings,1301,President,,REP,Donald Trump,,,,
Kings,1302,President,,REP,Donald Trump,9,,9,
Kings,1303,President,,REP,Donald Trump,33,1,32,
Kings,1304,President,,REP,Donald Trump,3,,3,
Kings,1305,President,,REP,Donald Trump,17,1,16,
Kings,1306,President,,REP,Donald Trump,171,5,165,1
Kings,1307,President,,REP,Donald Trump,58,6,46,6
Kings,1308,President,,REP,Donald Trump,207,7,197,3
Kings,1309,President,,REP,Donald Trump,21,4,15,2
Kings,1310,President,,REP,Donald Trump,26,2,22,2
Kings,1311,President,,REP,Donald Trump,31,4,23,4
Kings,1312,President,,REP,Donald Trump,100,7,89,4
Kings,1313,President,,REP,Donald Trump,82,5,73,4
Kings,1314,President,,REP,Donald Trump,5,,5,
Kings,1315,President,,REP,Donald Trump,,,,
Kings,1316,President,,REP,Donald Trump,25,3,22,
Kings,1317,President,,REP,Donald Trump,1,1,,
Kings,1318,President,,REP,Donald Trump,182,8,174,
Kings,1319,President,,REP,Donald Trump,,,,
Kings,1320,President,,REP,Donald Trump,12,1,11,
Kings,1321,President,,REP,Donald Trump,,,,
Kings,1322,President,,REP,Donald Trump,44,4,40,
Kings,1323,President,,REP,Donald Trump,7,2,5,
Kings,1324,President,,REP,Donald Trump,,,,
Kings,1325,President,,REP,Donald Trump,3,,3,
Kings,1326,President,,REP,Donald Trump,39,2,35,2
Kings,1327,President,,REP,Donald Trump,1494,147,1320,27
Kings,1328,President,,REP,Donald Trump,623,57,557,9
Kings,1329,President,,REP,Donald Trump,562,56,485,21
Kings,1330,President,,REP,Donald Trump,461,66,385,10
Kings,1331,President,,REP,Donald Trump,306,52,248,6
Kings,1332,President,,REP,Donald Trump,1727,170,1522,35
Kings,1333,President,,REP,Donald Trump,701,95,582,24
Kings,1401,President,,REP,Donald Trump,36,,36,
Kings,1402,President,,REP,Donald Trump,,,,
Kings,1403,President,,REP,Donald Trump,232,24,201,7
Kings,1404,President,,REP,Donald Trump,16,2,14,
Kings,1405,President,,REP,Donald Trump,97,13,82,2
Kings,1406,President,,REP,Donald Trump,15,,15,
Kings,1407,President,,REP,Donald Trump,19,1,18,
Kings,1408,President,,REP,Donald Trump,43,3,39,1
Kings,1409,President,,REP,Donald Trump,119,6,111,2
Kings,1410,President,,REP,Donald Trump,,,,
Kings,1411,President,,REP,Donald Trump,87,7,79,1
Kings,1412,President,,REP,Donald Trump,135,21,113,1
Kings,1413,President,,REP,Donald Trump,39,6,33,
Kings,1414,President,,REP,Donald Trump,100,8,90,2
Kings,1415,President,,REP,Donald Trump,2696,277,2335,84
Kings,1416,President,,REP,Donald Trump,478,57,414,7
Kings,1417,President,,REP,Donald Trump,316,44,255,17
Kings,1501,President,,REP,Donald Trump,227,13,211,3
Kings,1502,President,,REP,Donald Trump,14,1,13,
Kings,1503,President,,REP,Donald Trump,168,16,147,5
Kings,1504,President,,REP,Donald Trump,584,33,533,18
Kings,1505,President,,REP,Donald Trump,320,14,304,2
Kings,1506,President,,REP,Donald Trump,285,13,269,3
Kings,1507,President,,REP,Donald Trump,71,5,66,
Kings,1508,President,,REP,Donald Trump,1425,105,1300,20
Kings,1509,President,,REP,Donald Trump,2000,148,1793,59
Kings,1510,President,,REP,Donald Trump,1255,112,1125,18
Kings,KINGS CA,President,,REP,Donald Trump,24072,2598,20830,644
Kings,1101,President,,PFP,Gloria LaRiva,,,,
Kings,1102,President,,PFP,Gloria LaRiva,,,,
Kings,1103,President,,PFP,Gloria LaRiva,,,,
Kings,1104,President,,PFP,Gloria LaRiva,,,,
Kings,1105,President,,PFP,Gloria LaRiva,1,,1,
Kings,1106,President,,PFP,Gloria LaRiva,,,,
Kings,1107,President,,PFP,Gloria LaRiva,,,,
Kings,1108,President,,PFP,Gloria LaRiva,,,,
Kings,1109,President,,PFP,Gloria LaRiva,,,,
Kings,1110,President,,PFP,Gloria LaRiva,,,,
Kings,1111,President,,PFP,Gloria LaRiva,,,,
Kings,1112,President,,PFP,Gloria LaRiva,,,,
Kings,1113,President,,PFP,Gloria LaRiva,,,,
Kings,1114,President,,PFP,Gloria LaRiva,2,,2,
Kings,1115,President,,PFP,Gloria LaRiva,2,,2,
Kings,1116,President,,PFP,Gloria LaRiva,,,,
Kings,1117,President,,PFP,Gloria LaRiva,1,,1,
Kings,1118,President,,PFP,Gloria LaRiva,1,,1,
Kings,1119,President,,PFP,Gloria LaRiva,,,,
Kings,1120,President,,PFP,Gloria LaRiva,,,,
Kings,1121,President,,PFP,Gloria LaRiva,2,,2,
Kings,1122,President,,PFP,Gloria LaRiva,6,1,5,
Kings,1123,President,,PFP,Gloria LaRiva,5,,5,
Kings,1124,President,,PFP,Gloria LaRiva,4,,4,
Kings,1125,President,,PFP,Gloria LaRiva,1,,1,
Kings,1126,President,,PFP,Gloria LaRiva,1,1,,
Kings,1127,President,,PFP,Gloria LaRiva,2,1,1,
Kings,1201,President,,PFP,Gloria LaRiva,,,,
Kings,1202,President,,PFP,Gloria LaRiva,4,,4,
Kings,1203,President,,PFP,Gloria LaRiva,1,,1,
Kings,1204,President,,PFP,Gloria LaRiva,2,,2,
Kings,1205,President,,PFP,Gloria LaRiva,1,,1,
Kings,1206,President,,PFP,Gloria LaRiva,12,,12,
Kings,1207,President,,PFP,Gloria LaRiva,4,1,2,1
Kings,1208,President,,PFP,Gloria LaRiva,,,,
Kings,1209,President,,PFP,Gloria LaRiva,12,2,10,
Kings,1301,President,,PFP,Gloria LaRiva,,,,
Kings,1302,President,,PFP,Gloria LaRiva,,,,
Kings,1303,President,,PFP,Gloria LaRiva,,,,
Kings,1304,President,,PFP,Gloria LaRiva,,,,
Kings,1305,President,,PFP,Gloria LaRiva,,,,
Kings,1306,President,,PFP,Gloria LaRiva,,,,
Kings,1307,President,,PFP,Gloria LaRiva,,,,
Kings,1308,President,,PFP,Gloria LaRiva,,,,
Kings,1309,President,,PFP,Gloria LaRiva,,,,
Kings,1310,President,,PFP,Gloria LaRiva,,,,
Kings,1311,President,,PFP,Gloria LaRiva,,,,
Kings,1312,President,,PFP,Gloria LaRiva,,,,
Kings,1313,President,,PFP,Gloria LaRiva,2,,2,
Kings,1314,President,,PFP,Gloria LaRiva,,,,
Kings,1315,President,,PFP,Gloria LaRiva,,,,
Kings,1316,President,,PFP,Gloria LaRiva,,,,
Kings,1317,President,,PFP,Gloria LaRiva,,,,
Kings,1318,President,,PFP,Gloria LaRiva,1,,1,
Kings,1319,President,,PFP,Gloria LaRiva,,,,
Kings,1320,President,,PFP,Gloria LaRiva,,,,
Kings,1321,President,,PFP,Gloria LaRiva,,,,
Kings,1322,President,,PFP,Gloria LaRiva,,,,
Kings,1323,President,,PFP,Gloria LaRiva,,,,
Kings,1324,President,,PFP,Gloria LaRiva,,,,
Kings,1325,President,,PFP,Gloria LaRiva,,,,
Kings,1326,President,,PFP,Gloria LaRiva,,,,
Kings,1327,President,,PFP,Gloria LaRiva,8,,7,1
Kings,1328,President,,PFP,Gloria LaRiva,,,,
Kings,1329,President,,PFP,Gloria LaRiva,3,,2,1
Kings,1330,President,,PFP,Gloria LaRiva,2,,2,
Kings,1331,President,,PFP,Gloria LaRiva,,,,
Kings,1332,President,,PFP,Gloria LaRiva,8,,6,2
Kings,1333,President,,PFP,Gloria LaRiva,1,,,1
Kings,1401,President,,PFP,Gloria LaRiva,,,,
Kings,1402,President,,PFP,Gloria LaRiva,,,,
Kings,1403,President,,PFP,Gloria LaRiva,3,,3,
Kings,1404,President,,PFP,Gloria LaRiva,,,,
Kings,1405,President,,PFP,Gloria LaRiva,,,,
Kings,1406,President,,PFP,Gloria LaRiva,,,,
Kings,1407,President,,PFP,Gloria LaRiva,,,,
Kings,1408,President,,PFP,Gloria LaRiva,2,,2,
Kings,1409,President,,PFP,Gloria LaRiva,,,,
Kings,1410,President,,PFP,Gloria LaRiva,,,,
Kings,1411,President,,PFP,Gloria LaRiva,,,,
Kings,1412,President,,PFP,Gloria LaRiva,1,1,,
Kings,1413,President,,PFP,Gloria LaRiva,,,,
Kings,1414,President,,PFP,Gloria LaRiva,1,,1,
Kings,1415,President,,PFP,Gloria LaRiva,35,6,26,3
Kings,1416,President,,PFP,Gloria LaRiva,2,,2,
Kings,1417,President,,PFP,Gloria LaRiva,4,,4,
Kings,1501,President,,PFP,Gloria LaRiva,1,,1,
Kings,1502,President,,PFP,Gloria LaRiva,2,,2,
Kings,1503,President,,PFP,Gloria LaRiva,5,1,4,
Kings,1504,President,,PFP,Gloria LaRiva,7,,6,1
Kings,1505,President,,PFP,Gloria LaRiva,,,,
Kings,1506,President,,PFP,Gloria LaRiva,,,,
Kings,1507,President,,PFP,Gloria LaRiva,,,,
Kings,1508,President,,PFP,Gloria LaRiva,4,,4,
Kings,1509,President,,PFP,Gloria LaRiva,11,1,9,1
Kings,1510,President,,PFP,Gloria LaRiva,11,2,9,
Kings,KINGS CA,President,,PFP,Gloria LaRiva,178,17,150,11
Kings,1101,President,,AIP,Rocky de la Fuente Guerra,3,,3,
Kings,1102,President,,AIP,Rocky de la Fuente Guerra,,,,
Kings,1103,President,,AIP,Rocky de la Fuente Guerra,,,,
Kings,1104,President,,AIP,Rocky de la Fuente Guerra,,,,
Kings,1105,President,,AIP,Rocky de la Fuente Guerra,,,,
Kings,1106,President,,AIP,Rocky de la Fuente Guerra,,,,
Kings,1107,President,,AIP,Rocky de la Fuente Guerra,1,,1,
Kings,1108,President,,AIP,Rocky de la Fuente Guerra,,,,
Kings,1109,President,,AIP,Rocky de la Fuente Guerra,,,,
Kings,1110,President,,AIP,Rocky de la Fuente Guerra,,,,
Kings,1111,President,,AIP,Rocky de la Fuente Guerra,,,,
Kings,1112,President,,AIP,Rocky de la Fuente Guerra,,,,
Kings,1113,President,,AIP,Rocky de la Fuente Guerra,,,,
Kings,1114,President,,AIP,Rocky de la Fuente Guerra,2,,2,
Kings,1115,President,,AIP,Rocky de la Fuente Guerra,,,,
Kings,1116,President,,AIP,Rocky de la Fuente Guerra,,,,
Kings,1117,President,,AIP,Rocky de la Fuente Guerra,,,,
Kings,1118,President,,AIP,Rocky de la Fuente Guerra,4,,4,
Kings,1119,President,,AIP,Rocky de la Fuente Guerra,,,,
Kings,1120,President,,AIP,Rocky de la Fuente Guerra,,,,
Kings,1121,President,,AIP,Rocky de la Fuente Guerra,4,,4,
Kings,1122,President,,AIP,Rocky de la Fuente Guerra,6,1,3,2
Kings,1123,President,,AIP,Rocky de la Fuente Guerra,3,1,1,1
Kings,1124,President,,AIP,Rocky de la Fuente Guerra,,,,
Kings,1125,President,,AIP,Rocky de la Fuente Guerra,4,,4,
Kings,1126,President,,AIP,Rocky de la Fuente Guerra,6,1,5,
Kings,1127,President,,AIP,Rocky de la Fuente Guerra,1,,1,
Kings,1201,President,,AIP,Rocky de la Fuente Guerra,,,,
Kings,1202,President,,AIP,Rocky de la Fuente Guerra,2,,2,
Kings,1203,President,,AIP,Rocky de la Fuente Guerra,,,,
Kings,1204,President,,AIP,Rocky de la Fuente Guerra,2,,2,
Kings,1205,President,,AIP,Rocky de la Fuente Guerra,,,,
Kings,1206,President,,AIP,Rocky de la Fuente Guerra,16,4,12,
Kings,1207,President,,AIP,Rocky de la Fuente Guerra,,,,
Kings,1208,President,,AIP,Rocky de la Fuente Guerra,4,1,3,
Kings,1209,President,,AIP,Rocky de la Fuente Guerra,9,2,6,1
Kings,1301,President,,AIP,Rocky de la Fuente Guerra,,,,
Kings,1302,President,,AIP,Rocky de la Fuente Guerra,,,,
Kings,1303,President,,AIP,Rocky de la Fuente Guerra,,,,
Kings,1304,President,,AIP,Rocky de la Fuente Guerra,,,,
Kings,1305,President,,AIP,Rocky de la Fuente Guerra,1,,1,
Kings,1306,President,,AIP,Rocky de la Fuente Guerra,1,,1,
Kings,1307,President,,AIP,Rocky de la Fuente Guerra,,,,
Kings,1308,President,,AIP,Rocky de la Fuente Guerra,2,,2,
Kings,1309,President,,AIP,Rocky de la Fuente Guerra,,,,
Kings,1310,President,,AIP,Rocky de la Fuente Guerra,,,,
Kings,1311,President,,AIP,Rocky de la Fuente Guerra,,,,
Kings,1312,President,,AIP,Rocky de la Fuente Guerra,,,,
Kings,1313,President,,AIP,Rocky de la Fuente Guerra,1,,1,
Kings,1314,President,,AIP,Rocky de la Fuente Guerra,,,,
Kings,1315,President,,AIP,Rocky de la Fuente Guerra,,,,
Kings,1316,President,,AIP,Rocky de la Fuente Guerra,,,,
Kings,1317,President,,AIP,Rocky de la Fuente Guerra,,,,
Kings,1318,President,,AIP,Rocky de la Fuente Guerra,,,,
Kings,1319,President,,AIP,Rocky de la Fuente Guerra,,,,
Kings,1320,President,,AIP,Rocky de la Fuente Guerra,,,,
Kings,1321,President,,AIP,Rocky de la Fuente Guerra,,,,
Kings,1322,President,,AIP,Rocky de la Fuente Guerra,1,,1,
Kings,1323,President,,AIP,Rocky de la Fuente Guerra,,,,
Kings,1324,President,,AIP,Rocky de la Fuente Guerra,,,,
Kings,1325,President,,AIP,Rocky de la Fuente Guerra,,,,
Kings,1326,President,,AIP,Rocky de la Fuente Guerra,,,,
Kings,1327,President,,AIP,Rocky de la Fuente Guerra,6,,6,
Kings,1328,President,,AIP,Rocky de la Fuente Guerra,1,,1,
Kings,1329,President,,AIP,Rocky de la Fuente Guerra,,,,
Kings,1330,President,,AIP,Rocky de la Fuente Guerra,4,,4,
Kings,1331,President,,AIP,Rocky de la Fuente Guerra,2,,2,
Kings,1332,President,,AIP,Rocky de la Fuente Guerra,12,1,11,
Kings,1333,President,,AIP,Rocky de la Fuente Guerra,6,,6,
Kings,1401,President,,AIP,Rocky de la Fuente Guerra,,,,
Kings,1402,President,,AIP,Rocky de la Fuente Guerra,,,,
Kings,1403,President,,AIP,Rocky de la Fuente Guerra,2,,2,
Kings,1404,President,,AIP,Rocky de la Fuente Guerra,,,,
Kings,1405,President,,AIP,Rocky de la Fuente Guerra,2,,2,
Kings,1406,President,,AIP,Rocky de la Fuente Guerra,,,,
Kings,1407,President,,AIP,Rocky de la Fuente Guerra,,,,
Kings,1408,President,,AIP,Rocky de la Fuente Guerra,,,,
Kings,1409,President,,AIP,Rocky de la Fuente Guerra,,,,
Kings,1410,President,,AIP,Rocky de la Fuente Guerra,,,,
Kings,1411,President,,AIP,Rocky de la Fuente Guerra,1,,1,
Kings,1412,President,,AIP,Rocky de la Fuente Guerra,,,,
Kings,1413,President,,AIP,Rocky de la Fuente Guerra,1,,1,
Kings,1414,President,,AIP,Rocky de la Fuente Guerra,,,,
Kings,1415,President,,AIP,Rocky de la Fuente Guerra,28,1,27,
Kings,1416,President,,AIP,Rocky de la Fuente Guerra,2,1,1,
Kings,1417,President,,AIP,Rocky de la Fuente Guerra,2,,2,
Kings,1501,President,,AIP,Rocky de la Fuente Guerra,,,,
Kings,1502,President,,AIP,Rocky de la Fuente Guerra,,,,
Kings,1503,President,,AIP,Rocky de la Fuente Guerra,5,,5,
Kings,1504,President,,AIP,Rocky de la Fuente Guerra,4,,4,
Kings,1505,President,,AIP,Rocky de la Fuente Guerra,1,,1,
Kings,1506,President,,AIP,Rocky de la Fuente Guerra,3,,3,
Kings,1507,President,,AIP,Rocky de la Fuente Guerra,,,,
Kings,1508,President,,AIP,Rocky de la Fuente Guerra,5,,5,
Kings,1509,President,,AIP,Rocky de la Fuente Guerra,14,2,12,
Kings,1510,President,,AIP,Rocky de la Fuente Guerra,6,1,5,
Kings,KINGS CA,President,,AIP,Rocky de la Fuente Guerra,180,16,160,4
Kings,1101,President,,GRN,Howie Hawkins,,,,
Kings,1102,President,,GRN,Howie Hawkins,3,1,2,
Kings,1103,President,,GRN,Howie Hawkins,,,,
Kings,1104,President,,GRN,Howie Hawkins,1,1,,
Kings,1105,President,,GRN,Howie Hawkins,2,1,1,
Kings,1106,President,,GRN,Howie Hawkins,1,,1,
Kings,1107,President,,GRN,Howie Hawkins,,,,
Kings,1108,President,,GRN,Howie Hawkins,,,,
Kings,1109,President,,GRN,Howie Hawkins,,,,
Kings,1110,President,,GRN,Howie Hawkins,,,,
Kings,1111,President,,GRN,Howie Hawkins,,,,
Kings,1112,President,,GRN,Howie Hawkins,,,,
Kings,1113,President,,GRN,Howie Hawkins,1,1,,
Kings,1114,President,,GRN,Howie Hawkins,1,,1,
Kings,1115,President,,GRN,Howie Hawkins,1,,1,
Kings,1116,President,,GRN,Howie Hawkins,,,,
Kings,1117,President,,GRN,Howie Hawkins,,,,
Kings,1118,President,,GRN,Howie Hawkins,1,,1,
Kings,1119,President,,GRN,Howie Hawkins,,,,
Kings,1120,President,,GRN,Howie Hawkins,,,,
Kings,1121,President,,GRN,Howie Hawkins,5,2,3,
Kings,1122,President,,GRN,Howie Hawkins,4,,3,1
Kings,1123,President,,GRN,Howie Hawkins,2,,2,
Kings,1124,President,,GRN,Howie Hawkins,2,,1,1
Kings,1125,President,,GRN,Howie Hawkins,3,,3,
Kings,1126,President,,GRN,Howie Hawkins,,,,
Kings,1127,President,,GRN,Howie Hawkins,,,,
Kings,1201,President,,GRN,Howie Hawkins,,,,
Kings,1202,President,,GRN,Howie Hawkins,1,,1,
Kings,1203,President,,GRN,Howie Hawkins,,,,
Kings,1204,President,,GRN,Howie Hawkins,3,,3,
Kings,1205,President,,GRN,Howie Hawkins,,,,
Kings,1206,President,,GRN,Howie Hawkins,7,1,6,
Kings,1207,President,,GRN,Howie Hawkins,3,,3,
Kings,1208,President,,GRN,Howie Hawkins,1,,1,
Kings,1209,President,,GRN,Howie Hawkins,8,3,5,
Kings,1301,President,,GRN,Howie Hawkins,,,,
Kings,1302,President,,GRN,Howie Hawkins,,,,
Kings,1303,President,,GRN,Howie Hawkins,,,,
Kings,1304,President,,GRN,Howie Hawkins,,,,
Kings,1305,President,,GRN,Howie Hawkins,,,,
Kings,1306,President,,GRN,Howie Hawkins,,,,
Kings,1307,President,,GRN,Howie Hawkins,,,,
Kings,1308,President,,GRN,Howie Hawkins,1,,1,
Kings,1309,President,,GRN,Howie Hawkins,,,,
Kings,1310,President,,GRN,Howie Hawkins,,,,
Kings,1311,President,,GRN,Howie Hawkins,,,,
Kings,1312,President,,GRN,Howie Hawkins,,,,
Kings,1313,President,,GRN,Howie Hawkins,,,,
Kings,1314,President,,GRN,Howie Hawkins,,,,
Kings,1315,President,,GRN,Howie Hawkins,,,,
Kings,1316,President,,GRN,Howie Hawkins,,,,
Kings,1317,President,,GRN,Howie Hawkins,,,,
Kings,1318,President,,GRN,Howie Hawkins,1,,1,
Kings,1319,President,,GRN,Howie Hawkins,,,,
Kings,1320,President,,GRN,Howie Hawkins,1,,1,
Kings,1321,President,,GRN,Howie Hawkins,,,,
Kings,1322,President,,GRN,Howie Hawkins,,,,
Kings,1323,President,,GRN,Howie Hawkins,,,,
Kings,1324,President,,GRN,Howie Hawkins,,,,
Kings,1325,President,,GRN,Howie Hawkins,,,,
Kings,1326,President,,GRN,Howie Hawkins,,,,
Kings,1327,President,,GRN,Howie Hawkins,2,,2,
Kings,1328,President,,GRN,Howie Hawkins,1,,1,
Kings,1329,President,,GRN,Howie Hawkins,5,,5,
Kings,1330,President,,GRN,Howie Hawkins,2,,2,
Kings,1331,President,,GRN,Howie Hawkins,1,,1,
Kings,1332,President,,GRN,Howie Hawkins,6,1,5,
Kings,1333,President,,GRN,Howie Hawkins,6,,5,1
Kings,1401,President,,GRN,Howie Hawkins,,,,
Kings,1402,President,,GRN,Howie Hawkins,,,,
Kings,1403,President,,GRN,Howie Hawkins,4,,4,
Kings,1404,President,,GRN,Howie Hawkins,1,,1,
Kings,1405,President,,GRN,Howie Hawkins,1,,1,
Kings,1406,President,,GRN,Howie Hawkins,,,,
Kings,1407,President,,GRN,Howie Hawkins,,,,
Kings,1408,President,,GRN,Howie Hawkins,,,,
Kings,1409,President,,GRN,Howie Hawkins,,,,
Kings,1410,President,,GRN,Howie Hawkins,,,,
Kings,1411,President,,GRN,Howie Hawkins,,,,
Kings,1412,President,,GRN,Howie Hawkins,,,,
Kings,1413,President,,GRN,Howie Hawkins,,,,
Kings,1414,President,,GRN,Howie Hawkins,,,,
Kings,1415,President,,GRN,Howie Hawkins,17,2,15,
Kings,1416,President,,GRN,Howie Hawkins,1,,1,
Kings,1417,President,,GRN,Howie Hawkins,3,,3,
Kings,1501,President,,GRN,Howie Hawkins,,,,
Kings,1502,President,,GRN,Howie Hawkins,,,,
Kings,1503,President,,GRN,Howie Hawkins,,,,
Kings,1504,President,,GRN,Howie Hawkins,2,,2,
Kings,1505,President,,GRN,Howie Hawkins,1,1,,
Kings,1506,President,,GRN,Howie Hawkins,,,,
Kings,1507,President,,GRN,Howie Hawkins,,,,
Kings,1508,President,,GRN,Howie Hawkins,3,,3,
Kings,1509,President,,GRN,Howie Hawkins,10,,10,
Kings,1510,President,,GRN,Howie Hawkins,6,1,4,1
Kings,KINGS CA,President,,GRN,Howie Hawkins,125,15,106,4
Kings,1101,President,,LIB,Jo Jorgensen,2,,2,
Kings,1102,President,,LIB,Jo Jorgensen,4,1,3,
Kings,1103,President,,LIB,Jo Jorgensen,2,,2,
Kings,1104,President,,LIB,Jo Jorgensen,,,,
Kings,1105,President,,LIB,Jo Jorgensen,15,1,11,3
Kings,1106,President,,LIB,Jo Jorgensen,13,1,10,2
Kings,1107,President,,LIB,Jo Jorgensen,2,2,,
Kings,1108,President,,LIB,Jo Jorgensen,,,,
Kings,1109,President,,LIB,Jo Jorgensen,1,,1,
Kings,1110,President,,LIB,Jo Jorgensen,,,,
Kings,1111,President,,LIB,Jo Jorgensen,1,,1,
Kings,1112,President,,LIB,Jo Jorgensen,2,1,1,
Kings,1113,President,,LIB,Jo Jorgensen,3,1,2,
Kings,1114,President,,LIB,Jo Jorgensen,14,4,9,1
Kings,1115,President,,LIB,Jo Jorgensen,6,1,5,
Kings,1116,President,,LIB,Jo Jorgensen,1,,1,
Kings,1117,President,,LIB,Jo Jorgensen,10,1,9,
Kings,1118,President,,LIB,Jo Jorgensen,4,,4,
Kings,1119,President,,LIB,Jo Jorgensen,,,,
Kings,1120,President,,LIB,Jo Jorgensen,,,,
Kings,1121,President,,LIB,Jo Jorgensen,9,1,8,
Kings,1122,President,,LIB,Jo Jorgensen,28,2,22,4
Kings,1123,President,,LIB,Jo Jorgensen,10,,9,1
Kings,1124,President,,LIB,Jo Jorgensen,1,,1,
Kings,1125,President,,LIB,Jo Jorgensen,6,1,4,1
Kings,1126,President,,LIB,Jo Jorgensen,16,1,15,
Kings,1127,President,,LIB,Jo Jorgensen,3,1,2,
Kings,1201,President,,LIB,Jo Jorgensen,,,,
Kings,1202,President,,LIB,Jo Jorgensen,2,,2,
Kings,1203,President,,LIB,Jo Jorgensen,2,,2,
Kings,1204,President,,LIB,Jo Jorgensen,2,,2,
Kings,1205,President,,LIB,Jo Jorgensen,1,,1,
Kings,1206,President,,LIB,Jo Jorgensen,22,1,21,
Kings,1207,President,,LIB,Jo Jorgensen,5,1,4,
Kings,1208,President,,LIB,Jo Jorgensen,3,,3,
Kings,1209,President,,LIB,Jo Jorgensen,14,2,12,
Kings,1301,President,,LIB,Jo Jorgensen,,,,
Kings,1302,President,,LIB,Jo Jorgensen,,,,
Kings,1303,President,,LIB,Jo Jorgensen,,,,
Kings,1304,President,,LIB,Jo Jorgensen,,,,
Kings,1305,President,,LIB,Jo Jorgensen,,,,
Kings,1306,President,,LIB,Jo Jorgensen,1,,1,
Kings,1307,President,,LIB,Jo Jorgensen,1,,1,
Kings,1308,President,,LIB,Jo Jorgensen,4,,4,
Kings,1309,President,,LIB,Jo Jorgensen,,,,
Kings,1310,President,,LIB,Jo Jorgensen,,,,
Kings,1311,President,,LIB,Jo Jorgensen,,,,
Kings,1312,President,,LIB,Jo Jorgensen,,,,
Kings,1313,President,,LIB,Jo Jorgensen,,,,
Kings,1314,President,,LIB,Jo Jorgensen,,,,
Kings,1315,President,,LIB,Jo Jorgensen,,,,
Kings,1316,President,,LIB,Jo Jorgensen,,,,
Kings,1317,President,,LIB,Jo Jorgensen,,,,
Kings,1318,President,,LIB,Jo Jorgensen,,,,
Kings,1319,President,,LIB,Jo Jorgensen,,,,
Kings,1320,President,,LIB,Jo Jorgensen,,,,
Kings,1321,President,,LIB,Jo Jorgensen,1,,1,
Kings,1322,President,,LIB,Jo Jorgensen,2,,2,
Kings,1323,President,,LIB,Jo Jorgensen,,,,
Kings,1324,President,,LIB,Jo Jorgensen,,,,
Kings,1325,President,,LIB,Jo Jorgensen,,,,
Kings,1326,President,,LIB,Jo Jorgensen,1,,1,
Kings,1327,President,,LIB,Jo Jorgensen,34,1,32,1
Kings,1328,President,,LIB,Jo Jorgensen,11,,11,
Kings,1329,President,,LIB,Jo Jorgensen,22,,22,
Kings,1330,President,,LIB,Jo Jorgensen,12,,12,
Kings,1331,President,,LIB,Jo Jorgensen,9,,8,1
Kings,1332,President,,LIB,Jo Jorgensen,42,,41,1
Kings,1333,President,,LIB,Jo Jorgensen,21,2,19,
Kings,1401,President,,LIB,Jo Jorgensen,2,1,1,
Kings,1402,President,,LIB,Jo Jorgensen,,,,
Kings,1403,President,,LIB,Jo Jorgensen,4,1,3,
Kings,1404,President,,LIB,Jo Jorgensen,,,,
Kings,1405,President,,LIB,Jo Jorgensen,3,1,2,
Kings,1406,President,,LIB,Jo Jorgensen,,,,
Kings,1407,President,,LIB,Jo Jorgensen,,,,
Kings,1408,President,,LIB,Jo Jorgensen,1,,1,
Kings,1409,President,,LIB,Jo Jorgensen,1,,1,
Kings,1410,President,,LIB,Jo Jorgensen,,,,
Kings,1411,President,,LIB,Jo Jorgensen,,,,
Kings,1412,President,,LIB,Jo Jorgensen,3,,3,
Kings,1413,President,,LIB,Jo Jorgensen,,,,
Kings,1414,President,,LIB,Jo Jorgensen,3,,3,
Kings,1415,President,,LIB,Jo Jorgensen,69,5,64,
Kings,1416,President,,LIB,Jo Jorgensen,7,,7,
Kings,1417,President,,LIB,Jo Jorgensen,8,,8,
Kings,1501,President,,LIB,Jo Jorgensen,3,,3,
Kings,1502,President,,LIB,Jo Jorgensen,1,,1,
Kings,1503,President,,LIB,Jo Jorgensen,6,2,4,
Kings,1504,President,,LIB,Jo Jorgensen,15,1,14,
Kings,1505,President,,LIB,Jo Jorgensen,,,,
Kings,1506,President,,LIB,Jo Jorgensen,2,,2,
Kings,1507,President,,LIB,Jo Jorgensen,3,,3,
Kings,1508,President,,LIB,Jo Jorgensen,18,2,15,1
Kings,1509,President,,LIB,Jo Jorgensen,58,4,53,1
Kings,1510,President,,LIB,Jo Jorgensen,32,2,28,2
Kings,KINGS CA,President,,LIB,Jo Jorgensen,604,45,540,19
Kings,1101,U.S. House,21,DEM,TJ Cox,104,4,98,2
Kings,1102,U.S. House,21,DEM,TJ Cox,87,5,82,
Kings,1103,U.S. House,21,DEM,TJ Cox,23,,23,
Kings,1104,U.S. House,21,DEM,TJ Cox,2,1,1,
Kings,1105,U.S. House,21,DEM,TJ Cox,142,14,107,21
Kings,1106,U.S. House,21,DEM,TJ Cox,38,7,28,3
Kings,1107,U.S. House,21,DEM,TJ Cox,19,,19,
Kings,1108,U.S. House,21,DEM,TJ Cox,3,,3,
Kings,1109,U.S. House,21,DEM,TJ Cox,119,8,104,7
Kings,1110,U.S. House,21,DEM,TJ Cox,,,,
Kings,1111,U.S. House,21,DEM,TJ Cox,5,2,3,
Kings,1112,U.S. House,21,DEM,TJ Cox,20,,20,
Kings,1113,U.S. House,21,DEM,TJ Cox,46,3,41,2
Kings,1114,U.S. House,21,DEM,TJ Cox,182,20,156,6
Kings,1115,U.S. House,21,DEM,TJ Cox,64,9,54,1
Kings,1116,U.S. House,21,DEM,TJ Cox,21,2,19,
Kings,1117,U.S. House,21,DEM,TJ Cox,106,7,93,6
Kings,1118,U.S. House,21,DEM,TJ Cox,153,11,141,1
Kings,1119,U.S. House,21,DEM,TJ Cox,,,,
Kings,1120,U.S. House,21,DEM,TJ Cox,,,,
Kings,1121,U.S. House,21,DEM,TJ Cox,266,21,238,7
Kings,1122,U.S. House,21,DEM,TJ Cox,587,51,504,32
Kings,1123,U.S. House,21,DEM,TJ Cox,262,23,230,9
Kings,1124,U.S. House,21,DEM,TJ Cox,102,5,90,7
Kings,1125,U.S. House,21,DEM,TJ Cox,143,5,133,5
Kings,1126,U.S. House,21,DEM,TJ Cox,291,14,272,5
Kings,1127,U.S. House,21,DEM,TJ Cox,137,21,113,3
Kings,1201,U.S. House,21,DEM,TJ Cox,5,,5,
Kings,1202,U.S. House,21,DEM,TJ Cox,73,4,69,
Kings,1203,U.S. House,21,DEM,TJ Cox,44,1,43,
Kings,1204,U.S. House,21,DEM,TJ Cox,145,4,133,8
Kings,1205,U.S. House,21,DEM,TJ Cox,94,,93,1
Kings,1206,U.S. House,21,DEM,TJ Cox,1365,118,1190,57
Kings,1207,U.S. House,21,DEM,TJ Cox,340,24,307,9
Kings,1208,U.S. House,21,DEM,TJ Cox,243,37,195,11
Kings,1209,U.S. House,21,DEM,TJ Cox,580,61,500,19
Kings,1301,U.S. House,21,DEM,TJ Cox,,,,
Kings,1302,U.S. House,21,DEM,TJ Cox,3,,3,
Kings,1303,U.S. House,21,DEM,TJ Cox,6,1,5,
Kings,1304,U.S. House,21,DEM,TJ Cox,4,,4,
Kings,1305,U.S. House,21,DEM,TJ Cox,6,,6,
Kings,1306,U.S. House,21,DEM,TJ Cox,34,,34,
Kings,1307,U.S. House,21,DEM,TJ Cox,26,1,24,1
Kings,1308,U.S. House,21,DEM,TJ Cox,64,4,59,1
Kings,1309,U.S. House,21,DEM,TJ Cox,17,3,11,3
Kings,1310,U.S. House,21,DEM,TJ Cox,11,,11,
Kings,1311,U.S. House,21,DEM,TJ Cox,20,,18,2
Kings,1312,U.S. House,21,DEM,TJ Cox,76,3,69,4
Kings,1313,U.S. House,21,DEM,TJ Cox,33,4,29,
Kings,1314,U.S. House,21,DEM,TJ Cox,1,,1,
Kings,1315,U.S. House,21,DEM,TJ Cox,,,,
Kings,1316,U.S. House,21,DEM,TJ Cox,,,,
Kings,1317,U.S. House,21,DEM,TJ Cox,,,,
Kings,1318,U.S. House,21,DEM,TJ Cox,32,,32,
Kings,1319,U.S. House,21,DEM,TJ Cox,,,,
Kings,1320,U.S. House,21,DEM,TJ Cox,6,1,5,
Kings,1321,U.S. House,21,DEM,TJ Cox,,,,
Kings,1322,U.S. House,21,DEM,TJ Cox,16,1,14,1
Kings,1323,U.S. House,21,DEM,TJ Cox,3,,3,
Kings,1324,U.S. House,21,DEM,TJ Cox,,,,
Kings,1325,U.S. House,21,DEM,TJ Cox,,,,
Kings,1326,U.S. House,21,DEM,TJ Cox,58,2,55,1
Kings,1327,U.S. House,21,DEM,TJ Cox,749,24,707,18
Kings,1328,U.S. House,21,DEM,TJ Cox,138,8,128,2
Kings,1329,U.S. House,21,DEM,TJ Cox,340,21,310,9
Kings,1330,U.S. House,21,DEM,TJ Cox,341,14,312,15
Kings,1331,U.S. House,21,DEM,TJ Cox,190,16,167,7
Kings,1332,U.S. House,21,DEM,TJ Cox,848,40,792,16
Kings,1333,U.S. House,21,DEM,TJ Cox,404,22,359,23
Kings,1401,U.S. House,21,DEM,TJ Cox,19,,19,
Kings,1402,U.S. House,21,DEM,TJ Cox,3,,3,
Kings,1403,U.S. House,21,DEM,TJ Cox,439,29,393,17
Kings,1404,U.S. House,21,DEM,TJ Cox,21,2,17,2
Kings,1405,U.S. House,21,DEM,TJ Cox,117,6,108,3
Kings,1406,U.S. House,21,DEM,TJ Cox,4,,4,
Kings,1407,U.S. House,21,DEM,TJ Cox,5,,5,
Kings,1408,U.S. House,21,DEM,TJ Cox,6,,6,
Kings,1409,U.S. House,21,DEM,TJ Cox,42,2,40,
Kings,1410,U.S. House,21,DEM,TJ Cox,,,,
Kings,1411,U.S. House,21,DEM,TJ Cox,37,4,33,
Kings,1412,U.S. House,21,DEM,TJ Cox,122,8,113,1
Kings,1413,U.S. House,21,DEM,TJ Cox,18,2,16,
Kings,1414,U.S. House,21,DEM,TJ Cox,49,1,48,
Kings,1415,U.S. House,21,DEM,TJ Cox,2458,128,2253,77
Kings,1416,U.S. House,21,DEM,TJ Cox,220,15,200,5
Kings,1417,U.S. House,21,DEM,TJ Cox,319,23,287,9
Kings,1501,U.S. House,21,DEM,TJ Cox,40,,40,
Kings,1502,U.S. House,21,DEM,TJ Cox,69,4,62,3
Kings,1503,U.S. House,21,DEM,TJ Cox,175,6,167,2
Kings,1504,U.S. House,21,DEM,TJ Cox,589,33,537,19
Kings,1505,U.S. House,21,DEM,TJ Cox,54,2,52,
Kings,1506,U.S. House,21,DEM,TJ Cox,52,4,47,1
Kings,1507,U.S. House,21,DEM,TJ Cox,15,,15,
Kings,1508,U.S. House,21,DEM,TJ Cox,574,20,549,5
Kings,1509,U.S. House,21,DEM,TJ Cox,1319,68,1218,33
Kings,1510,U.S. House,21,DEM,TJ Cox,608,29,562,17
Kings,KINGS CA,U.S. House,21,DEM,TJ Cox,16611,1033,15059,519
Kings,1101,U.S. House,21,REP,David Valadao,200,19,174,7
Kings,1102,U.S. House,21,REP,David Valadao,241,20,215,6
Kings,1103,U.S. House,21,REP,David Valadao,95,8,84,3
Kings,1104,U.S. House,21,REP,David Valadao,9,,9,
Kings,1105,U.S. House,21,REP,David Valadao,180,31,117,32
Kings,1106,U.S. House,21,REP,David Valadao,68,8,48,12
Kings,1107,U.S. House,21,REP,David Valadao,30,2,25,3
Kings,1108,U.S. House,21,REP,David Valadao,3,,3,
Kings,1109,U.S. House,21,REP,David Valadao,79,16,57,6
Kings,1110,U.S. House,21,REP,David Valadao,,,,
Kings,1111,U.S. House,21,REP,David Valadao,33,,33,
Kings,1112,U.S. House,21,REP,David Valadao,70,6,64,
Kings,1113,U.S. House,21,REP,David Valadao,109,20,89,
Kings,1114,U.S. House,21,REP,David Valadao,345,67,264,14
Kings,1115,U.S. House,21,REP,David Valadao,126,16,104,6
Kings,1116,U.S. House,21,REP,David Valadao,52,17,32,3
Kings,1117,U.S. House,21,REP,David Valadao,173,27,137,9
Kings,1118,U.S. House,21,REP,David Valadao,306,56,243,7
Kings,1119,U.S. House,21,REP,David Valadao,,,,
Kings,1120,U.S. House,21,REP,David Valadao,1,,1,
Kings,1121,U.S. House,21,REP,David Valadao,506,74,414,18
Kings,1122,U.S. House,21,REP,David Valadao,605,88,486,31
Kings,1123,U.S. House,21,REP,David Valadao,394,48,338,8
Kings,1124,U.S. House,21,REP,David Valadao,174,27,142,5
Kings,1125,U.S. House,21,REP,David Valadao,286,38,240,8
Kings,1126,U.S. House,21,REP,David Valadao,535,90,434,11
Kings,1127,U.S. House,21,REP,David Valadao,109,25,80,4
Kings,1201,U.S. House,21,REP,David Valadao,2,,2,
Kings,1202,U.S. House,21,REP,David Valadao,55,2,52,1
Kings,1203,U.S. House,21,REP,David Valadao,184,8,174,2
Kings,1204,U.S. House,21,REP,David Valadao,103,3,99,1
Kings,1205,U.S. House,21,REP,David Valadao,68,2,64,2
Kings,1206,U.S. House,21,REP,David Valadao,1125,139,933,53
Kings,1207,U.S. House,21,REP,David Valadao,387,50,324,13
Kings,1208,U.S. House,21,REP,David Valadao,195,54,134,7
Kings,1209,U.S. House,21,REP,David Valadao,343,75,257,11
Kings,1301,U.S. House,21,REP,David Valadao,,,,
Kings,1302,U.S. House,21,REP,David Valadao,10,,10,
Kings,1303,U.S. House,21,REP,David Valadao,35,1,34,
Kings,1304,U.S. House,21,REP,David Valadao,2,,2,
Kings,1305,U.S. House,21,REP,David Valadao,18,1,17,
Kings,1306,U.S. House,21,REP,David Valadao,186,6,178,2
Kings,1307,U.S. House,21,REP,David Valadao,62,6,48,8
Kings,1308,U.S. House,21,REP,David Valadao,222,6,213,3
Kings,1309,U.S. House,21,REP,David Valadao,25,5,19,1
Kings,1310,U.S. House,21,REP,David Valadao,28,2,24,2
Kings,1311,U.S. House,21,REP,David Valadao,36,5,27,4
Kings,1312,U.S. House,21,REP,David Valadao,108,7,97,4
Kings,1313,U.S. House,21,REP,David Valadao,87,5,78,4
Kings,1314,U.S. House,21,REP,David Valadao,5,,5,
Kings,1315,U.S. House,21,REP,David Valadao,,,,
Kings,1316,U.S. House,21,REP,David Valadao,27,4,23,
Kings,1317,U.S. House,21,REP,David Valadao,1,1,,
Kings,1318,U.S. House,21,REP,David Valadao,187,8,178,1
Kings,1319,U.S. House,21,REP,David Valadao,,,,
Kings,1320,U.S. House,21,REP,David Valadao,12,1,11,
Kings,1321,U.S. House,21,REP,David Valadao,1,,1,
Kings,1322,U.S. House,21,REP,David Valadao,52,4,48,
Kings,1323,U.S. House,21,REP,David Valadao,7,2,5,
Kings,1324,U.S. House,21,REP,David Valadao,,,,
Kings,1325,U.S. House,21,REP,David Valadao,3,,3,
Kings,1326,U.S. House,21,REP,David Valadao,46,2,42,2
Kings,1327,U.S. House,21,REP,David Valadao,1670,147,1486,37
Kings,1328,U.S. House,21,REP,David Valadao,655,57,589,9
Kings,1329,U.S. House,21,REP,David Valadao,634,57,556,21
Kings,1330,U.S. House,21,REP,David Valadao,506,67,428,11
Kings,1331,U.S. House,21,REP,David Valadao,352,50,293,9
Kings,1332,U.S. House,21,REP,David Valadao,1927,180,1705,42
Kings,1333,U.S. House,21,REP,David Valadao,777,97,653,27
Kings,1401,U.S. House,21,REP,David Valadao,40,1,39,
Kings,1402,U.S. House,21,REP,David Valadao,,,,
Kings,1403,U.S. House,21,REP,David Valadao,295,29,255,11
Kings,1404,U.S. House,21,REP,David Valadao,12,1,11,
Kings,1405,U.S. House,21,REP,David Valadao,111,13,96,2
Kings,1406,U.S. House,21,REP,David Valadao,15,,15,
Kings,1407,U.S. House,21,REP,David Valadao,22,,22,
Kings,1408,U.S. House,21,REP,David Valadao,45,3,41,1
Kings,1409,U.S. House,21,REP,David Valadao,126,6,118,2
Kings,1410,U.S. House,21,REP,David Valadao,,,,
Kings,1411,U.S. House,21,REP,David Valadao,90,8,81,1
Kings,1412,U.S. House,21,REP,David Valadao,146,22,123,1
Kings,1413,U.S. House,21,REP,David Valadao,43,6,37,
Kings,1414,U.S. House,21,REP,David Valadao,105,8,95,2
Kings,1415,U.S. House,21,REP,David Valadao,3116,300,2708,108
Kings,1416,U.S. House,21,REP,David Valadao,528,60,461,7
Kings,1417,U.S. House,21,REP,David Valadao,369,46,304,19
Kings,1501,U.S. House,21,REP,David Valadao,246,13,230,3
Kings,1502,U.S. House,21,REP,David Valadao,21,1,20,
Kings,1503,U.S. House,21,REP,David Valadao,185,16,164,5
Kings,1504,U.S. House,21,REP,David Valadao,665,49,596,20
Kings,1505,U.S. House,21,REP,David Valadao,333,14,316,3
Kings,1506,U.S. House,21,REP,David Valadao,299,14,282,3
Kings,1507,U.S. House,21,REP,David Valadao,77,5,72,
Kings,1508,U.S. House,21,REP,David Valadao,1578,112,1442,24
Kings,1509,U.S. House,21,REP,David Valadao,2249,164,2018,67
Kings,1510,U.S. House,21,REP,David Valadao,1395,113,1261,21
Kings,KINGS CA,U.S. House,21,REP,David Valadao,26983,2761,23452,770
Kings,1101,State Assembly,32,REP,Todd Cotta,183,19,159,5
Kings,1102,State Assembly,32,REP,Todd Cotta,229,19,204,6
Kings,1103,State Assembly,32,REP,Todd Cotta,87,8,76,3
Kings,1104,State Assembly,32,REP,Todd Cotta,10,1,9,
Kings,1105,State Assembly,32,REP,Todd Cotta,156,25,100,31
Kings,1106,State Assembly,32,REP,Todd Cotta,65,9,47,9
Kings,1107,State Assembly,32,REP,Todd Cotta,30,2,27,1
Kings,1108,State Assembly,32,REP,Todd Cotta,3,,3,
Kings,1109,State Assembly,32,REP,Todd Cotta,72,14,53,5
Kings,1110,State Assembly,32,REP,Todd Cotta,,,,
Kings,1111,State Assembly,32,REP,Todd Cotta,33,,33,
Kings,1112,State Assembly,32,REP,Todd Cotta,61,6,55,
Kings,1113,State Assembly,32,REP,Todd Cotta,101,17,83,1
Kings,1114,State Assembly,32,REP,Todd Cotta,320,64,244,12
Kings,1115,State Assembly,32,REP,Todd Cotta,111,15,91,5
Kings,1116,State Assembly,32,REP,Todd Cotta,50,17,30,3
Kings,1117,State Assembly,32,REP,Todd Cotta,151,27,118,6
Kings,1118,State Assembly,32,REP,Todd Cotta,288,55,226,7
Kings,1119,State Assembly,32,REP,Todd Cotta,,,,
Kings,1120,State Assembly,32,REP,Todd Cotta,1,,1,
Kings,1121,State Assembly,32,REP,Todd Cotta,465,68,382,15
Kings,1122,State Assembly,32,REP,Todd Cotta,509,80,405,24
Kings,1123,State Assembly,32,REP,Todd Cotta,353,49,297,7
Kings,1124,State Assembly,32,REP,Todd Cotta,159,24,130,5
Kings,1125,State Assembly,32,REP,Todd Cotta,265,35,224,6
Kings,1126,State Assembly,32,REP,Todd Cotta,478,83,386,9
Kings,1127,State Assembly,32,REP,Todd Cotta,91,24,62,5
Kings,1201,State Assembly,32,REP,Todd Cotta,2,,2,
Kings,1202,State Assembly,32,REP,Todd Cotta,41,2,38,1
Kings,1203,State Assembly,32,REP,Todd Cotta,162,8,153,1
Kings,1204,State Assembly,32,REP,Todd Cotta,87,4,83,
Kings,1205,State Assembly,32,REP,Todd Cotta,48,2,44,2
Kings,1206,State Assembly,32,REP,Todd Cotta,872,111,715,46
Kings,1207,State Assembly,32,REP,Todd Cotta,297,44,243,10
Kings,1208,State Assembly,32,REP,Todd Cotta,153,40,109,4
Kings,1209,State Assembly,32,REP,Todd Cotta,262,52,202,8
Kings,1301,State Assembly,32,REP,Todd Cotta,,,,
Kings,1302,State Assembly,32,REP,Todd Cotta,10,,10,
Kings,1303,State Assembly,32,REP,Todd Cotta,31,1,30,
Kings,1304,State Assembly,32,REP,Todd Cotta,2,,2,
Kings,1305,State Assembly,32,REP,Todd Cotta,17,1,16,
Kings,1306,State Assembly,32,REP,Todd Cotta,171,3,168,
Kings,1307,State Assembly,32,REP,Todd Cotta,57,6,45,6
Kings,1308,State Assembly,32,REP,Todd Cotta,215,8,204,3
Kings,1309,State Assembly,32,REP,Todd Cotta,22,4,17,1
Kings,1310,State Assembly,32,REP,Todd Cotta,24,2,21,1
Kings,1311,State Assembly,32,REP,Todd Cotta,28,2,23,3
Kings,1312,State Assembly,32,REP,Todd Cotta,98,5,90,3
Kings,1313,State Assembly,32,REP,Todd Cotta,82,4,75,3
Kings,1314,State Assembly,32,REP,Todd Cotta,5,,5,
Kings,1315,State Assembly,32,REP,Todd Cotta,,,,
Kings,1316,State Assembly,32,REP,Todd Cotta,24,3,21,
Kings,1317,State Assembly,32,REP,Todd Cotta,1,1,,
Kings,1318,State Assembly,32,REP,Todd Cotta,170,7,163,
Kings,1319,State Assembly,32,REP,Todd Cotta,,,,
Kings,1320,State Assembly,32,REP,Todd Cotta,11,,11,
Kings,1321,State Assembly,32,REP,Todd Cotta,,,,
Kings,1322,State Assembly,32,REP,Todd Cotta,48,4,44,
Kings,1323,State Assembly,32,REP,Todd Cotta,7,2,5,
Kings,1324,State Assembly,32,REP,Todd Cotta,,,,
Kings,1325,State Assembly,32,REP,Todd Cotta,3,,3,
Kings,1326,State Assembly,32,REP,Todd Cotta,42,2,38,2
Kings,1327,State Assembly,32,REP,Todd Cotta,1529,141,1359,29
Kings,1328,State Assembly,32,REP,Todd Cotta,629,56,565,8
Kings,1329,State Assembly,32,REP,Todd Cotta,563,55,487,21
Kings,1330,State Assembly,32,REP,Todd Cotta,459,64,384,11
Kings,1331,State Assembly,32,REP,Todd Cotta,314,45,265,4
Kings,1332,State Assembly,32,REP,Todd Cotta,1764,166,1561,37
Kings,1333,State Assembly,32,REP,Todd Cotta,697,91,580,26
Kings,1401,State Assembly,32,REP,Todd Cotta,35,,35,
Kings,1402,State Assembly,32,REP,Todd Cotta,,,,
Kings,1403,State Assembly,32,REP,Todd Cotta,238,27,206,5
Kings,1404,State Assembly,32,REP,Todd Cotta,12,,11,1
Kings,1405,State Assembly,32,REP,Todd Cotta,94,10,82,2
Kings,1406,State Assembly,32,REP,Todd Cotta,14,,14,
Kings,1407,State Assembly,32,REP,Todd Cotta,18,,18,
Kings,1408,State Assembly,32,REP,Todd Cotta,40,3,37,
Kings,1409,State Assembly,32,REP,Todd Cotta,112,6,104,2
Kings,1410,State Assembly,32,REP,Todd Cotta,,,,
Kings,1411,State Assembly,32,REP,Todd Cotta,82,6,76,
Kings,1412,State Assembly,32,REP,Todd Cotta,127,20,106,1
Kings,1413,State Assembly,32,REP,Todd Cotta,40,6,34,
Kings,1414,State Assembly,32,REP,Todd Cotta,101,8,91,2
Kings,1415,State Assembly,32,REP,Todd Cotta,2710,278,2350,82
Kings,1416,State Assembly,32,REP,Todd Cotta,476,57,412,7
Kings,1417,State Assembly,32,REP,Todd Cotta,315,42,255,18
Kings,1501,State Assembly,32,REP,Todd Cotta,221,13,205,3
Kings,1502,State Assembly,32,REP,Todd Cotta,9,,9,
Kings,1503,State Assembly,32,REP,Todd Cotta,161,12,144,5
Kings,1504,State Assembly,32,REP,Todd Cotta,568,40,513,15
Kings,1505,State Assembly,32,REP,Todd Cotta,316,15,299,2
Kings,1506,State Assembly,32,REP,Todd Cotta,279,13,263,3
Kings,1507,State Assembly,32,REP,Todd Cotta,73,5,68,
Kings,1508,State Assembly,32,REP,Todd Cotta,1449,97,1330,22
Kings,1509,State Assembly,32,REP,Todd Cotta,1997,143,1797,57
Kings,1510,State Assembly,32,REP,Todd Cotta,1294,112,1162,20
Kings,KINGS CA,State Assembly,32,REP,Todd Cotta,23999,2510,20847,642
Kings,1101,State Assembly,32,DEM,Rudy Salas,117,4,109,4
Kings,1102,State Assembly,32,DEM,Rudy Salas,98,6,92,
Kings,1103,State Assembly,32,DEM,Rudy Salas,30,,30,
Kings,1104,State Assembly,32,DEM,Rudy Salas,1,,1,
Kings,1105,State Assembly,32,DEM,Rudy Salas,158,17,122,19
Kings,1106,State Assembly,32,DEM,Rudy Salas,38,6,26,6
Kings,1107,State Assembly,32,DEM,Rudy Salas,17,,16,1
Kings,1108,State Assembly,32,DEM,Rudy Salas,3,,3,
Kings,1109,State Assembly,32,DEM,Rudy Salas,126,11,107,8
Kings,1110,State Assembly,32,DEM,Rudy Salas,,,,
Kings,1111,State Assembly,32,DEM,Rudy Salas,6,2,4,
Kings,1112,State Assembly,32,DEM,Rudy Salas,29,,29,
Kings,1113,State Assembly,32,DEM,Rudy Salas,56,6,49,1
Kings,1114,State Assembly,32,DEM,Rudy Salas,204,23,173,8
Kings,1115,State Assembly,32,DEM,Rudy Salas,78,10,66,2
Kings,1116,State Assembly,32,DEM,Rudy Salas,23,2,21,
Kings,1117,State Assembly,32,DEM,Rudy Salas,125,7,109,9
Kings,1118,State Assembly,32,DEM,Rudy Salas,160,11,148,1
Kings,1119,State Assembly,32,DEM,Rudy Salas,,,,
Kings,1120,State Assembly,32,DEM,Rudy Salas,,,,
Kings,1121,State Assembly,32,DEM,Rudy Salas,299,25,264,10
Kings,1122,State Assembly,32,DEM,Rudy Salas,678,55,585,38
Kings,1123,State Assembly,32,DEM,Rudy Salas,302,21,270,11
Kings,1124,State Assembly,32,DEM,Rudy Salas,113,7,100,6
Kings,1125,State Assembly,32,DEM,Rudy Salas,160,6,148,6
Kings,1126,State Assembly,32,DEM,Rudy Salas,342,21,315,6
Kings,1127,State Assembly,32,DEM,Rudy Salas,153,20,130,3
Kings,1201,State Assembly,32,DEM,Rudy Salas,5,,5,
Kings,1202,State Assembly,32,DEM,Rudy Salas,87,4,83,
Kings,1203,State Assembly,32,DEM,Rudy Salas,65,1,63,1
Kings,1204,State Assembly,32,DEM,Rudy Salas,157,3,146,8
Kings,1205,State Assembly,32,DEM,Rudy Salas,113,,112,1
Kings,1206,State Assembly,32,DEM,Rudy Salas,1619,142,1415,62
Kings,1207,State Assembly,32,DEM,Rudy Salas,427,29,386,12
Kings,1208,State Assembly,32,DEM,Rudy Salas,288,51,225,12
Kings,1209,State Assembly,32,DEM,Rudy Salas,667,80,564,23
Kings,1301,State Assembly,32,DEM,Rudy Salas,,,,
Kings,1302,State Assembly,32,DEM,Rudy Salas,3,,3,
Kings,1303,State Assembly,32,DEM,Rudy Salas,9,1,8,
Kings,1304,State Assembly,32,DEM,Rudy Salas,4,,4,
Kings,1305,State Assembly,32,DEM,Rudy Salas,6,,6,
Kings,1306,State Assembly,32,DEM,Rudy Salas,40,,39,1
Kings,1307,State Assembly,32,DEM,Rudy Salas,29,1,26,2
Kings,1308,State Assembly,32,DEM,Rudy Salas,70,2,67,1
Kings,1309,State Assembly,32,DEM,Rudy Salas,20,4,13,3
Kings,1310,State Assembly,32,DEM,Rudy Salas,15,,14,1
Kings,1311,State Assembly,32,DEM,Rudy Salas,27,3,21,3
Kings,1312,State Assembly,32,DEM,Rudy Salas,85,5,77,3
Kings,1313,State Assembly,32,DEM,Rudy Salas,39,5,33,1
Kings,1314,State Assembly,32,DEM,Rudy Salas,1,,1,
Kings,1315,State Assembly,32,DEM,Rudy Salas,,,,
Kings,1316,State Assembly,32,DEM,Rudy Salas,2,1,1,
Kings,1317,State Assembly,32,DEM,Rudy Salas,,,,
Kings,1318,State Assembly,32,DEM,Rudy Salas,44,,43,1
Kings,1319,State Assembly,32,DEM,Rudy Salas,,,,
Kings,1320,State Assembly,32,DEM,Rudy Salas,7,2,5,
Kings,1321,State Assembly,32,DEM,Rudy Salas,1,,1,
Kings,1322,State Assembly,32,DEM,Rudy Salas,17,1,15,1
Kings,1323,State Assembly,32,DEM,Rudy Salas,3,,3,
Kings,1324,State Assembly,32,DEM,Rudy Salas,,,,
Kings,1325,State Assembly,32,DEM,Rudy Salas,,,,
Kings,1326,State Assembly,32,DEM,Rudy Salas,61,1,59,1
Kings,1327,State Assembly,32,DEM,Rudy Salas,850,27,799,24
Kings,1328,State Assembly,32,DEM,Rudy Salas,152,9,139,4
Kings,1329,State Assembly,32,DEM,Rudy Salas,404,24,371,9
Kings,1330,State Assembly,32,DEM,Rudy Salas,378,17,345,16
Kings,1331,State Assembly,32,DEM,Rudy Salas,225,21,193,11
Kings,1332,State Assembly,32,DEM,Rudy Salas,996,52,925,19
Kings,1333,State Assembly,32,DEM,Rudy Salas,474,27,423,24
Kings,1401,State Assembly,32,DEM,Rudy Salas,25,,25,
Kings,1402,State Assembly,32,DEM,Rudy Salas,3,,3,
Kings,1403,State Assembly,32,DEM,Rudy Salas,492,30,442,20
Kings,1404,State Assembly,32,DEM,Rudy Salas,21,3,16,2
Kings,1405,State Assembly,32,DEM,Rudy Salas,130,8,119,3
Kings,1406,State Assembly,32,DEM,Rudy Salas,4,,4,
Kings,1407,State Assembly,32,DEM,Rudy Salas,9,1,8,
Kings,1408,State Assembly,32,DEM,Rudy Salas,9,,8,1
Kings,1409,State Assembly,32,DEM,Rudy Salas,51,2,49,
Kings,1410,State Assembly,32,DEM,Rudy Salas,,,,
Kings,1411,State Assembly,32,DEM,Rudy Salas,43,5,38,
Kings,1412,State Assembly,32,DEM,Rudy Salas,141,9,132,
Kings,1413,State Assembly,32,DEM,Rudy Salas,20,2,18,
Kings,1414,State Assembly,32,DEM,Rudy Salas,54,1,53,
Kings,1415,State Assembly,32,DEM,Rudy Salas,2804,156,2547,101
Kings,1416,State Assembly,32,DEM,Rudy Salas,273,18,250,5
Kings,1417,State Assembly,32,DEM,Rudy Salas,362,24,328,10
Kings,1501,State Assembly,32,DEM,Rudy Salas,56,,56,
Kings,1502,State Assembly,32,DEM,Rudy Salas,82,5,73,4
Kings,1503,State Assembly,32,DEM,Rudy Salas,199,8,189,2
Kings,1504,State Assembly,32,DEM,Rudy Salas,668,38,605,25
Kings,1505,State Assembly,32,DEM,Rudy Salas,64,1,62,1
Kings,1506,State Assembly,32,DEM,Rudy Salas,71,5,65,1
Kings,1507,State Assembly,32,DEM,Rudy Salas,20,,20,
Kings,1508,State Assembly,32,DEM,Rudy Salas,686,32,647,7
Kings,1509,State Assembly,32,DEM,Rudy Salas,1558,87,1433,38
Kings,1510,State Assembly,32,DEM,Rudy Salas,701,29,654,18
Kings,KINGS CA,State Assembly,32,DEM,Rudy Salas,19252,1237,17394,621