county,precinct,office,district,party,candidate,votes,mail,election_day
Sutter,LO Comm 01 ,Governor,,Rep,John Cox,414,279,135
Sutter,LO Comm 02 ,Governor,,Rep,John Cox,552,362,190
Sutter,Dell Wayne 03,Governor,,Rep,John Cox,366,262,104
Sutter,United Pent 04,Governor,,Rep,John Cox,941,707,234
Sutter,United Pent 05,Governor,,Rep,John Cox,562,380,182
Sutter,7th Day 06,Governor,,Rep,John Cox,133,111,22
Sutter,Sutter Estates 07,Governor,,Rep,John Cox,148,107,41
Sutter,YS Fair 08,Governor,,Rep,John Cox,155,106,49
Sutter,YS Fair 09,Governor,,Rep,John Cox,294,199,95
Sutter,St Isidore 10,Governor,,Rep,John Cox,299,203,96
Sutter,Sutter HS 11,Governor,,Rep,John Cox,708,520,188
Sutter,Sutter HS 12,Governor,,Rep,John Cox,621,429,192
Sutter,Franklin 13,Governor,,Rep,John Cox,255,195,60
Sutter,Meridian 14,Governor,,Rep,John Cox,202,152,50
Sutter,1st United 15,Governor,,Rep,John Cox,550,393,157
Sutter,1st United 16,Governor,,Rep,John Cox,698,507,191
Sutter,Veterans 17,Governor,,Rep,John Cox,334,240,94
Sutter,Veterans 18,Governor,,Rep,John Cox,478,357,121
Sutter,Veterans 19,Governor,,Rep,John Cox,574,436,138
Sutter,Veterans 20,Governor,,Rep,John Cox,555,423,132
Sutter,St Andrew 21,Governor,,Rep,John Cox,411,238,143
Sutter,St Andrew 22,Governor,,Rep,John Cox,526,276,77
Sutter,AK School 23,Governor,,Rep,John Cox,591,250,109
Sutter,AK School 24,Governor,,Rep,John Cox,607,343,108
Sutter,St James 25,Governor,,Rep,John Cox,246,114,28
Sutter,Walnut 26,Governor,,Rep,John Cox,523,179,64
Sutter,Walnut 27,Governor,,Rep,John Cox,507,134,48
Sutter,NV Calvary 28,Governor,,Rep,John Cox,648,272,91
Sutter,NV Calvary 29,Governor,,Rep,John Cox,485,179,111
Sutter,Riverbend 30,Governor,,Rep,John Cox,442,190,94
Sutter,1st Reform 31,Governor,,Rep,John Cox,151,31,18
Sutter,P Grove 32,Governor,,Rep,John Cox,319,68,39
Sutter,E Nicolaus 33,Governor,,Rep,John Cox,525,134,95
Sutter,34,Governor,,Rep,John Cox,454,171,1
Sutter,35,Governor,,Rep,John Cox,317,123,2
Sutter,36,Governor,,Rep,John Cox,91,44,0
Sutter,37,Governor,,Rep,John Cox,472,194,0
Sutter,38,Governor,,Rep,John Cox,261,90,0
Sutter,39,Governor,,Rep,John Cox,128,41,0
Sutter,40,Governor,,Rep,John Cox,272,152,0
Sutter,41,Governor,,Rep,John Cox,339,171,0
Sutter,42,Governor,,Rep,John Cox,309,133,0
Sutter,43,Governor,,Rep,John Cox,225,115,0
Sutter,44,Governor,,Rep,John Cox,400,278,0
Sutter,45,Governor,,Rep,John Cox,230,105,0
Sutter,46,Governor,,Rep,John Cox,60,27,0
Sutter,47,Governor,,Rep,John Cox,45,16,0
Sutter,48,Governor,,Rep,John Cox,183,92,0
Sutter,49,Governor,,Rep,John Cox,302,99,0
Sutter,50,Governor,,Rep,John Cox,45,33,0
Sutter,LO Comm 01 ,Governor,,Dem,Gavin Newsom,469,316,153
Sutter,LO Comm 02 ,Governor,,Dem,Gavin Newsom,531,376,155
Sutter,Dell Wayne 03,Governor,,Dem,Gavin Newsom,232,176,56
Sutter,United Pent 04,Governor,,Dem,Gavin Newsom,534,389,145
Sutter,United Pent 05,Governor,,Dem,Gavin Newsom,311,209,102
Sutter,7th Day 06,Governor,,Dem,Gavin Newsom,79,58,21
Sutter,Sutter Estates 07,Governor,,Dem,Gavin Newsom,140,95,45
Sutter,YS Fair 08,Governor,,Dem,Gavin Newsom,183,114,69
Sutter,YS Fair 09,Governor,,Dem,Gavin Newsom,183,121,62
Sutter,St Isidore 10,Governor,,Dem,Gavin Newsom,163,119,44
Sutter,Sutter HS 11,Governor,,Dem,Gavin Newsom,151,107,44
Sutter,Sutter HS 12,Governor,,Dem,Gavin Newsom,136,85,51
Sutter,Franklin 13,Governor,,Dem,Gavin Newsom,64,43,21
Sutter,Meridian 14,Governor,,Dem,Gavin Newsom,39,33,6
Sutter,1st United 15,Governor,,Dem,Gavin Newsom,392,311,81
Sutter,1st United 16,Governor,,Dem,Gavin Newsom,265,182,83
Sutter,Veterans 17,Governor,,Dem,Gavin Newsom,155,107,48
Sutter,Veterans 18,Governor,,Dem,Gavin Newsom,204,154,50
Sutter,Veterans 19,Governor,,Dem,Gavin Newsom,241,173,68
Sutter,Veterans 20,Governor,,Dem,Gavin Newsom,357,246,111
Sutter,St Andrew 21,Governor,,Dem,Gavin Newsom,529,321,113
Sutter,St Andrew 22,Governor,,Dem,Gavin Newsom,497,295,139
Sutter,AK School 23,Governor,,Dem,Gavin Newsom,510,370,117
Sutter,AK School 24,Governor,,Dem,Gavin Newsom,707,434,160
Sutter,St James 25,Governor,,Dem,Gavin Newsom,211,161,31
Sutter,Walnut 26,Governor,,Dem,Gavin Newsom,205,200,84
Sutter,Walnut 27,Governor,,Dem,Gavin Newsom,155,206,72
Sutter,NV Calvary 28,Governor,,Dem,Gavin Newsom,461,360,117
Sutter,NV Calvary 29,Governor,,Dem,Gavin Newsom,370,257,122
Sutter,Riverbend 30,Governor,,Dem,Gavin Newsom,355,258,92
Sutter,1st Reform 31,Governor,,Dem,Gavin Newsom,57,65,28
Sutter,P Grove 32,Governor,,Dem,Gavin Newsom,64,80,58
Sutter,E Nicolaus 33,Governor,,Dem,Gavin Newsom,142,145,76
Sutter,34,Governor,,Dem,Gavin Newsom,159,240,3
Sutter,35,Governor,,Dem,Gavin Newsom,95,154,1
Sutter,36,Governor,,Dem,Gavin Newsom,42,54,0
Sutter,37,Governor,,Dem,Gavin Newsom,210,279,0
Sutter,38,Governor,,Dem,Gavin Newsom,96,148,0
Sutter,39,Governor,,Dem,Gavin Newsom,29,55,1
Sutter,40,Governor,,Dem,Gavin Newsom,199,221,0
Sutter,41,Governor,,Dem,Gavin Newsom,243,280,0
Sutter,42,Governor,,Dem,Gavin Newsom,154,191,0
Sutter,43,Governor,,Dem,Gavin Newsom,170,204,0
Sutter,44,Governor,,Dem,Gavin Newsom,300,278,0
Sutter,45,Governor,,Dem,Gavin Newsom,80,115,0
Sutter,46,Governor,,Dem,Gavin Newsom,11,18,0
Sutter,47,Governor,,Dem,Gavin Newsom,10,19,0
Sutter,48,Governor,,Dem,Gavin Newsom,106,123,0
Sutter,49,Governor,,Dem,Gavin Newsom,96,157,0
Sutter,50,Governor,,Dem,Gavin Newsom,30,29,0
Sutter,LO Comm 01 ,Lt Governor,,Dem,Ed Hernandez,395,256,139
Sutter,LO Comm 02 ,Lt Governor,,Dem,Ed Hernandez,488,314,174
Sutter,Dell Wayne 03,Lt Governor,,Dem,Ed Hernandez,178,136,42
Sutter,United Pent 04,Lt Governor,,Dem,Ed Hernandez,446,321,125
Sutter,United Pent 05,Lt Governor,,Dem,Ed Hernandez,277,187,90
Sutter,7th Day 06,Lt Governor,,Dem,Ed Hernandez,58,46,12
Sutter,Sutter Estates 07,Lt Governor,,Dem,Ed Hernandez,102,77,25
Sutter,YS Fair 08,Lt Governor,,Dem,Ed Hernandez,162,92,70
Sutter,YS Fair 09,Lt Governor,,Dem,Ed Hernandez,142,89,53
Sutter,St Isidore 10,Lt Governor,,Dem,Ed Hernandez,118,82,36
Sutter,Sutter HS 11,Lt Governor,,Dem,Ed Hernandez,235,172,63
Sutter,Sutter HS 12,Lt Governor,,Dem,Ed Hernandez,224,139,85
Sutter,Franklin 13,Lt Governor,,Dem,Ed Hernandez,87,64,23
Sutter,Meridian 14,Lt Governor,,Dem,Ed Hernandez,56,42,14
Sutter,1st United 15,Lt Governor,,Dem,Ed Hernandez,312,242,70
Sutter,1st United 16,Lt Governor,,Dem,Ed Hernandez,241,179,62
Sutter,Veterans 17,Lt Governor,,Dem,Ed Hernandez,142,100,42
Sutter,Veterans 18,Lt Governor,,Dem,Ed Hernandez,189,148,41
Sutter,Veterans 19,Lt Governor,,Dem,Ed Hernandez,249,174,75
Sutter,Veterans 20,Lt Governor,,Dem,Ed Hernandez,312,225,87
Sutter,St Andrew 21,Lt Governor,,Dem,Ed Hernandez,323,395,85
Sutter,St Andrew 22,Lt Governor,,Dem,Ed Hernandez,353,375,127
Sutter,AK School 23,Lt Governor,,Dem,Ed Hernandez,359,385,129
Sutter,AK School 24,Lt Governor,,Dem,Ed Hernandez,451,553,163
Sutter,St James 25,Lt Governor,,Dem,Ed Hernandez,142,184,26
Sutter,Walnut 26,Lt Governor,,Dem,Ed Hernandez,243,157,59
Sutter,Walnut 27,Lt Governor,,Dem,Ed Hernandez,182,135,51
Sutter,NV Calvary 28,Lt Governor,,Dem,Ed Hernandez,363,371,118
Sutter,NV Calvary 29,Lt Governor,,Dem,Ed Hernandez,290,271,132
Sutter,Riverbend 30,Lt Governor,,Dem,Ed Hernandez,284,281,111
Sutter,1st Reform 31,Lt Governor,,Dem,Ed Hernandez,49,40,25
Sutter,P Grove 32,Lt Governor,,Dem,Ed Hernandez,107,53,26
Sutter,E Nicolaus 33,Lt Governor,,Dem,Ed Hernandez,229,106,64
Sutter,34,Lt Governor,,Dem,Ed Hernandez,172,169,2
Sutter,35,Lt Governor,,Dem,Ed Hernandez,125,112,0
Sutter,36,Lt Governor,,Dem,Ed Hernandez,44,43,0
Sutter,37,Lt Governor,,Dem,Ed Hernandez,194,234,0
Sutter,38,Lt Governor,,Dem,Ed Hernandez,90,113,0
Sutter,39,Lt Governor,,Dem,Ed Hernandez,41,34,0
Sutter,40,Lt Governor,,Dem,Ed Hernandez,152,209,0
Sutter,41,Lt Governor,,Dem,Ed Hernandez,171,270,0
Sutter,42,Lt Governor,,Dem,Ed Hernandez,133,182,0
Sutter,43,Lt Governor,,Dem,Ed Hernandez,115,191,0
Sutter,44,Lt Governor,,Dem,Ed Hernandez,278,326,0
Sutter,45,Lt Governor,,Dem,Ed Hernandez,105,102,0
Sutter,46,Lt Governor,,Dem,Ed Hernandez,27,11,0
Sutter,47,Lt Governor,,Dem,Ed Hernandez,16,10,0
Sutter,48,Lt Governor,,Dem,Ed Hernandez,92,108,0
Sutter,49,Lt Governor,,Dem,Ed Hernandez,99,107,0
Sutter,50,Lt Governor,,Dem,Ed Hernandez,33,35,0
Sutter,LO Comm 01 ,Lt Governor,,Dem,Eleni Kounalakis,358,254,104
Sutter,LO Comm 02 ,Lt Governor,,Dem,Eleni Kounalakis,452,329,123
Sutter,Dell Wayne 03,Lt Governor,,Dem,Eleni Kounalakis,294,217,77
Sutter,United Pent 04,Lt Governor,,Dem,Eleni Kounalakis,628,467,161
Sutter,United Pent 05,Lt Governor,,Dem,Eleni Kounalakis,408,275,133
Sutter,7th Day 06,Lt Governor,,Dem,Eleni Kounalakis,109,86,23
Sutter,Sutter Estates 07,Lt Governor,,Dem,Eleni Kounalakis,135,87,48
Sutter,YS Fair 08,Lt Governor,,Dem,Eleni Kounalakis,130,95,35
Sutter,YS Fair 09,Lt Governor,,Dem,Eleni Kounalakis,233,158,75
Sutter,St Isidore 10,Lt Governor,,Dem,Eleni Kounalakis,197,137,60
Sutter,Sutter HS 11,Lt Governor,,Dem,Eleni Kounalakis,334,226,108
Sutter,Sutter HS 12,Lt Governor,,Dem,Eleni Kounalakis,292,192,100
Sutter,Franklin 13,Lt Governor,,Dem,Eleni Kounalakis,126,90,36
Sutter,Meridian 14,Lt Governor,,Dem,Eleni Kounalakis,104,83,21
Sutter,1st United 15,Lt Governor,,Dem,Eleni Kounalakis,392,296,96
Sutter,1st United 16,Lt Governor,,Dem,Eleni Kounalakis,385,274,111
Sutter,Veterans 17,Lt Governor,,Dem,Eleni Kounalakis,214,152,62
Sutter,Veterans 18,Lt Governor,,Dem,Eleni Kounalakis,295,225,70
Sutter,Veterans 19,Lt Governor,,Dem,Eleni Kounalakis,333,259,74
Sutter,Veterans 20,Lt Governor,,Dem,Eleni Kounalakis,365,270,95
Sutter,St Andrew 21,Lt Governor,,Dem,Eleni Kounalakis,431,239,110
Sutter,St Andrew 22,Lt Governor,,Dem,Eleni Kounalakis,434,324,146
Sutter,AK School 23,Lt Governor,,Dem,Eleni Kounalakis,487,363,179
Sutter,AK School 24,Lt Governor,,Dem,Eleni Kounalakis,594,370,160
Sutter,St James 25,Lt Governor,,Dem,Eleni Kounalakis,192,172,50
Sutter,Walnut 26,Lt Governor,,Dem,Eleni Kounalakis,284,357,117
Sutter,Walnut 27,Lt Governor,,Dem,Eleni Kounalakis,278,354,118
Sutter,NV Calvary 28,Lt Governor,,Dem,Eleni Kounalakis,477,423,157
Sutter,NV Calvary 29,Lt Governor,,Dem,Eleni Kounalakis,379,265,153
Sutter,Riverbend 30,Lt Governor,,Dem,Eleni Kounalakis,350,271,113
Sutter,1st Reform 31,Lt Governor,,Dem,Eleni Kounalakis,93,96,46
Sutter,P Grove 32,Lt Governor,,Dem,Eleni Kounalakis,138,181,119
Sutter,E Nicolaus 33,Lt Governor,,Dem,Eleni Kounalakis,221,311,165
Sutter,34,Lt Governor,,Dem,Eleni Kounalakis,243,427,2
Sutter,35,Lt Governor,,Dem,Eleni Kounalakis,155,297,3
Sutter,36,Lt Governor,,Dem,Eleni Kounalakis,54,87,0
Sutter,37,Lt Governor,,Dem,Eleni Kounalakis,279,426,0
Sutter,38,Lt Governor,,Dem,Eleni Kounalakis,148,236,0
Sutter,39,Lt Governor,,Dem,Eleni Kounalakis,56,119,1
Sutter,40,Lt Governor,,Dem,Eleni Kounalakis,221,251,0
Sutter,41,Lt Governor,,Dem,Eleni Kounalakis,280,306,0
Sutter,42,Lt Governor,,Dem,Eleni Kounalakis,191,269,0
Sutter,43,Lt Governor,,Dem,Eleni Kounalakis,204,197,0
Sutter,44,Lt Governor,,Dem,Eleni Kounalakis,278,361,0
Sutter,45,Lt Governor,,Dem,Eleni Kounalakis,115,199,0
Sutter,46,Lt Governor,,Dem,Eleni Kounalakis,18,59,0
Sutter,47,Lt Governor,,Dem,Eleni Kounalakis,19,44,0
Sutter,48,Lt Governor,,Dem,Eleni Kounalakis,123,174,0
Sutter,49,Lt Governor,,Dem,Eleni Kounalakis,157,287,0
Sutter,50,Lt Governor,,Dem,Eleni Kounalakis,29,38,0
Sutter,LO Comm 01 ,Secretary of State,,Dem,Alex Padilla,500,337,163
Sutter,LO Comm 02 ,Secretary of State,,Dem,Alex Padilla,566,386,180
Sutter,Dell Wayne 03,Secretary of State,,Dem,Alex Padilla,239,184,55
Sutter,United Pent 04,Secretary of State,,Dem,Alex Padilla,557,405,152
Sutter,United Pent 05,Secretary of State,,Dem,Alex Padilla,345,237,108
Sutter,7th Day 06,Secretary of State,,Dem,Alex Padilla,80,58,22
Sutter,Sutter Estates 07,Secretary of State,,Dem,Alex Padilla,153,105,48
Sutter,YS Fair 08,Secretary of State,,Dem,Alex Padilla,199,123,76
Sutter,YS Fair 09,Secretary of State,,Dem,Alex Padilla,219,147,72
Sutter,St Isidore 10,Secretary of State,,Dem,Alex Padilla,182,129,53
Sutter,Sutter HS 11,Secretary of State,,Dem,Alex Padilla,172,122,50
Sutter,Sutter HS 12,Secretary of State,,Dem,Alex Padilla,150,88,62
Sutter,Franklin 13,Secretary of State,,Dem,Alex Padilla,71,46,25
Sutter,Meridian 14,Secretary of State,,Dem,Alex Padilla,41,35,6
Sutter,1st United 15,Secretary of State,,Dem,Alex Padilla,427,338,89
Sutter,1st United 16,Secretary of State,,Dem,Alex Padilla,305,209,96
Sutter,Veterans 17,Secretary of State,,Dem,Alex Padilla,160,114,46
Sutter,Veterans 18,Secretary of State,,Dem,Alex Padilla,220,169,51
Sutter,Veterans 19,Secretary of State,,Dem,Alex Padilla,274,202,72
Sutter,Veterans 20,Secretary of State,,Dem,Alex Padilla,377,262,115
Sutter,St Andrew 21,Secretary of State,,Dem,Alex Padilla,517,217,122
Sutter,St Andrew 22,Secretary of State,,Dem,Alex Padilla,502,327,135
Sutter,AK School 23,Secretary of State,,Dem,Alex Padilla,514,335,165
Sutter,AK School 24,Secretary of State,,Dem,Alex Padilla,716,347,147
Sutter,St James 25,Secretary of State,,Dem,Alex Padilla,210,167,48
Sutter,Walnut 26,Secretary of State,,Dem,Alex Padilla,216,338,111
Sutter,Walnut 27,Secretary of State,,Dem,Alex Padilla,186,347,112
Sutter,NV Calvary 28,Secretary of State,,Dem,Alex Padilla,489,409,147
Sutter,NV Calvary 29,Secretary of State,,Dem,Alex Padilla,403,272,155
Sutter,Riverbend 30,Secretary of State,,Dem,Alex Padilla,392,260,111
Sutter,1st Reform 31,Secretary of State,,Dem,Alex Padilla,65,93,46
Sutter,P Grove 32,Secretary of State,,Dem,Alex Padilla,79,182,108
Sutter,E Nicolaus 33,Secretary of State,,Dem,Alex Padilla,170,294,166
Sutter,34,Secretary of State,,Dem,Alex Padilla,171,412,2
Sutter,35,Secretary of State,,Dem,Alex Padilla,112,290,3
Sutter,36,Secretary of State,,Dem,Alex Padilla,43,83,0
Sutter,37,Secretary of State,,Dem,Alex Padilla,234,410,0
Sutter,38,Secretary of State,,Dem,Alex Padilla,113,226,0
Sutter,39,Secretary of State,,Dem,Alex Padilla,34,115,1
Sutter,40,Secretary of State,,Dem,Alex Padilla,209,232,0
Sutter,41,Secretary of State,,Dem,Alex Padilla,270,284,0
Sutter,42,Secretary of State,,Dem,Alex Padilla,182,255,0
Sutter,43,Secretary of State,,Dem,Alex Padilla,191,193,0
Sutter,44,Secretary of State,,Dem,Alex Padilla,326,338,0
Sutter,45,Secretary of State,,Dem,Alex Padilla,102,192,0
Sutter,46,Secretary of State,,Dem,Alex Padilla,11,58,0
Sutter,47,Secretary of State,,Dem,Alex Padilla,10,42,0
Sutter,48,Secretary of State,,Dem,Alex Padilla,108,172,0
Sutter,49,Secretary of State,,Dem,Alex Padilla,107,282,0
Sutter,50,Secretary of State,,Dem,Alex Padilla,35,35,0
Sutter,LO Comm 01 ,Secretary of State,,Rep,Mark Meuser,368,245,123
Sutter,LO Comm 02 ,Secretary of State,,Rep,Mark Meuser,492,333,159
Sutter,Dell Wayne 03,Secretary of State,,Rep,Mark Meuser,346,248,98
Sutter,United Pent 04,Secretary of State,,Rep,Mark Meuser,865,651,214
Sutter,United Pent 05,Secretary of State,,Rep,Mark Meuser,511,339,172
Sutter,7th Day 06,Secretary of State,,Rep,Mark Meuser,127,106,21
Sutter,Sutter Estates 07,Secretary of State,,Rep,Mark Meuser,125,92,33
Sutter,YS Fair 08,Secretary of State,,Rep,Mark Meuser,135,93,42
Sutter,YS Fair 09,Secretary of State,,Rep,Mark Meuser,252,168,84
Sutter,St Isidore 10,Secretary of State,,Rep,Mark Meuser,273,188,85
Sutter,Sutter HS 11,Secretary of State,,Rep,Mark Meuser,662,485,177
Sutter,Sutter HS 12,Secretary of State,,Rep,Mark Meuser,588,410,178
Sutter,Franklin 13,Secretary of State,,Rep,Mark Meuser,241,186,55
Sutter,Meridian 14,Secretary of State,,Rep,Mark Meuser,194,146,48
Sutter,1st United 15,Secretary of State,,Rep,Mark Meuser,481,337,144
Sutter,1st United 16,Secretary of State,,Rep,Mark Meuser,622,455,167
Sutter,Veterans 17,Secretary of State,,Rep,Mark Meuser,310,217,93
Sutter,Veterans 18,Secretary of State,,Rep,Mark Meuser,447,332,115
Sutter,Veterans 19,Secretary of State,,Rep,Mark Meuser,523,394,129
Sutter,Veterans 20,Secretary of State,,Rep,Mark Meuser,509,390,119
Sutter,St Andrew 21,Secretary of State,,Rep,Mark Meuser,361,410,122
Sutter,St Andrew 22,Secretary of State,,Rep,Mark Meuser,470,377,137
Sutter,AK School 23,Secretary of State,,Rep,Mark Meuser,542,409,140
Sutter,AK School 24,Secretary of State,,Rep,Mark Meuser,530,566,172
Sutter,St James 25,Secretary of State,,Rep,Mark Meuser,222,185,29
Sutter,Walnut 26,Secretary of State,,Rep,Mark Meuser,474,182,66
Sutter,Walnut 27,Secretary of State,,Rep,Mark Meuser,472,135,55
Sutter,NV Calvary 28,Secretary of State,,Rep,Mark Meuser,580,394,123
Sutter,NV Calvary 29,Secretary of State,,Rep,Mark Meuser,418,270,132
Sutter,Riverbend 30,Secretary of State,,Rep,Mark Meuser,384,296,111
Sutter,1st Reform 31,Secretary of State,,Rep,Mark Meuser,142,40,24
Sutter,P Grove 32,Secretary of State,,Rep,Mark Meuser,300,52,35
Sutter,E Nicolaus 33,Secretary of State,,Rep,Mark Meuser,476,118,61
Sutter,34,Secretary of State,,Rep,Mark Meuser,429,186,2
Sutter,35,Secretary of State,,Rep,Mark Meuser,300,116,0
Sutter,36,Secretary of State,,Rep,Mark Meuser,87,47,0
Sutter,37,Secretary of State,,Rep,Mark Meuser,426,252,0
Sutter,38,Secretary of State,,Rep,Mark Meuser,236,125,0
Sutter,39,Secretary of State,,Rep,Mark Meuser,120,38,0
Sutter,40,Secretary of State,,Rep,Mark Meuser,251,229,0
Sutter,41,Secretary of State,,Rep,Mark Meuser,306,295,0
Sutter,42,Secretary of State,,Rep,Mark Meuser,269,200,0
Sutter,43,Secretary of State,,Rep,Mark Meuser,197,193,0
Sutter,44,Secretary of State,,Rep,Mark Meuser,361,345,0
Sutter,45,Secretary of State,,Rep,Mark Meuser,199,110,0
Sutter,46,Secretary of State,,Rep,Mark Meuser,59,11,0
Sutter,47,Secretary of State,,Rep,Mark Meuser,44,12,0
Sutter,48,Secretary of State,,Rep,Mark Meuser,174,108,0
Sutter,49,Secretary of State,,Rep,Mark Meuser,287,115,0
Sutter,50,Secretary of State,,Rep,Mark Meuser,38,39,0
Sutter,LO Comm 01 ,Controller,,Rep,Konstantinos Roditis,352,232,120
Sutter,LO Comm 02 ,Controller,,Rep,Konstantinos Roditis,474,319,155
Sutter,Dell Wayne 03,Controller,,Rep,Konstantinos Roditis,326,234,92
Sutter,United Pent 04,Controller,,Rep,Konstantinos Roditis,811,611,200
Sutter,United Pent 05,Controller,,Rep,Konstantinos Roditis,472,317,155
Sutter,7th Day 06,Controller,,Rep,Konstantinos Roditis,120,100,20
Sutter,Sutter Estates 07,Controller,,Rep,Konstantinos Roditis,120,89,31
Sutter,YS Fair 08,Controller,,Rep,Konstantinos Roditis,141,96,45
Sutter,YS Fair 09,Controller,,Rep,Konstantinos Roditis,245,163,82
Sutter,St Isidore 10,Controller,,Rep,Konstantinos Roditis,269,182,87
Sutter,Sutter HS 11,Controller,,Rep,Konstantinos Roditis,642,472,170
Sutter,Sutter HS 12,Controller,,Rep,Konstantinos Roditis,568,394,174
Sutter,Franklin 13,Controller,,Rep,Konstantinos Roditis,225,172,53
Sutter,Meridian 14,Controller,,Rep,Konstantinos Roditis,185,137,48
Sutter,1st United 15,Controller,,Rep,Konstantinos Roditis,461,320,141
Sutter,1st United 16,Controller,,Rep,Konstantinos Roditis,583,421,162
Sutter,Veterans 17,Controller,,Rep,Konstantinos Roditis,291,207,84
Sutter,Veterans 18,Controller,,Rep,Konstantinos Roditis,424,315,109
Sutter,Veterans 19,Controller,,Rep,Konstantinos Roditis,493,370,123
Sutter,Veterans 20,Controller,,Rep,Konstantinos Roditis,498,388,110
Sutter,St Andrew 21,Controller,,Rep,Konstantinos Roditis,330,,113
Sutter,St Andrew 22,Controller,,Rep,Konstantinos Roditis,462,,
Sutter,AK School 23,Controller,,Rep,Konstantinos Roditis,500,,
Sutter,AK School 24,Controller,,Rep,Konstantinos Roditis,494,,
Sutter,St James 25,Controller,,Rep,Konstantinos Roditis,215,,
Sutter,Walnut 26,Controller,,Rep,Konstantinos Roditis,449,,
Sutter,Walnut 27,Controller,,Rep,Konstantinos Roditis,459,,
Sutter,NV Calvary 28,Controller,,Rep,Konstantinos Roditis,556,,
Sutter,NV Calvary 29,Controller,,Rep,Konstantinos Roditis,427,,
Sutter,Riverbend 30,Controller,,Rep,Konstantinos Roditis,371,,
Sutter,1st Reform 31,Controller,,Rep,Konstantinos Roditis,139,,
Sutter,P Grove 32,Controller,,Rep,Konstantinos Roditis,290,,
Sutter,E Nicolaus 33,Controller,,Rep,Konstantinos Roditis,460,,
Sutter,34,Controller,,Rep,Konstantinos Roditis,414,,
Sutter,35,Controller,,Rep,Konstantinos Roditis,293,,
Sutter,36,Controller,,Rep,Konstantinos Roditis,83,,
Sutter,37,Controller,,Rep,Konstantinos Roditis,410,,
Sutter,38,Controller,,Rep,Konstantinos Roditis,226,,
Sutter,39,Controller,,Rep,Konstantinos Roditis,116,,
Sutter,40,Controller,,Rep,Konstantinos Roditis,232,,
Sutter,41,Controller,,Rep,Konstantinos Roditis,284,,
Sutter,42,Controller,,Rep,Konstantinos Roditis,255,,
Sutter,43,Controller,,Rep,Konstantinos Roditis,193,,
Sutter,44,Controller,,Rep,Konstantinos Roditis,338,,
Sutter,45,Controller,,Rep,Konstantinos Roditis,192,,
Sutter,46,Controller,,Rep,Konstantinos Roditis,58,,
Sutter,47,Controller,,Rep,Konstantinos Roditis,42,,
Sutter,48,Controller,,Rep,Konstantinos Roditis,172,,
Sutter,49,Controller,,Rep,Konstantinos Roditis,282,,
Sutter,50,Controller,,Rep,Konstantinos Roditis,35,,
Sutter,LO Comm 01 ,Controller,,Dem,Betty Yee,513,350,163
Sutter,LO Comm 02 ,Controller,,Dem,Betty Yee,587,404,183
Sutter,Dell Wayne 03,Controller,,Dem,Betty Yee,256,194,62
Sutter,United Pent 04,Controller,,Dem,Betty Yee,603,438,165
Sutter,United Pent 05,Controller,,Dem,Betty Yee,381,261,120
Sutter,7th Day 06,Controller,,Dem,Betty Yee,88,66,22
Sutter,Sutter Estates 07,Controller,,Dem,Betty Yee,153,107,46
Sutter,YS Fair 08,Controller,,Dem,Betty Yee,192,120,72
Sutter,YS Fair 09,Controller,,Dem,Betty Yee,221,149,72
Sutter,St Isidore 10,Controller,,Dem,Betty Yee,187,134,53
Sutter,Sutter HS 11,Controller,,Dem,Betty Yee,197,139,58
Sutter,Sutter HS 12,Controller,,Dem,Betty Yee,169,104,65
Sutter,Franklin 13,Controller,,Dem,Betty Yee,86,60,26
Sutter,Meridian 14,Controller,,Dem,Betty Yee,49,43,6
Sutter,1st United 15,Controller,,Dem,Betty Yee,447,357,90
Sutter,1st United 16,Controller,,Dem,Betty Yee,338,239,99
Sutter,Veterans 17,Controller,,Dem,Betty Yee,178,124,54
Sutter,Veterans 18,Controller,,Dem,Betty Yee,239,182,57
Sutter,Veterans 19,Controller,,Dem,Betty Yee,299,222,77
Sutter,Veterans 20,Controller,,Dem,Betty Yee,367,251,116
Sutter,St Andrew 21,Controller,,Dem,Betty Yee,537,,127
Sutter,St Andrew 22,Controller,,Dem,Betty Yee,514,,
Sutter,AK School 23,Controller,,Dem,Betty Yee,549,,
Sutter,AK School 24,Controller,,Dem,Betty Yee,738,,
Sutter,St James 25,Controller,,Dem,Betty Yee,214,,
Sutter,Walnut 26,Controller,,Dem,Betty Yee,248,,
Sutter,Walnut 27,Controller,,Dem,Betty Yee,190,,
Sutter,NV Calvary 28,Controller,,Dem,Betty Yee,517,,
Sutter,NV Calvary 29,Controller,,Dem,Betty Yee,402,,
Sutter,Riverbend 30,Controller,,Dem,Betty Yee,407,,
Sutter,1st Reform 31,Controller,,Dem,Betty Yee,64,,
Sutter,P Grove 32,Controller,,Dem,Betty Yee,87,,
Sutter,E Nicolaus 33,Controller,,Dem,Betty Yee,179,,
Sutter,34,Controller,,Dem,Betty Yee,188,,
Sutter,35,Controller,,Dem,Betty Yee,116,,
Sutter,36,Controller,,Dem,Betty Yee,47,,
Sutter,37,Controller,,Dem,Betty Yee,252,,
Sutter,38,Controller,,Dem,Betty Yee,125,,
Sutter,39,Controller,,Dem,Betty Yee,38,,
Sutter,40,Controller,,Dem,Betty Yee,229,,
Sutter,41,Controller,,Dem,Betty Yee,295,,
Sutter,42,Controller,,Dem,Betty Yee,200,,
Sutter,43,Controller,,Dem,Betty Yee,193,,
Sutter,44,Controller,,Dem,Betty Yee,345,,
Sutter,45,Controller,,Dem,Betty Yee,110,,
Sutter,46,Controller,,Dem,Betty Yee,11,,
Sutter,47,Controller,,Dem,Betty Yee,12,,
Sutter,48,Controller,,Dem,Betty Yee,108,,
Sutter,49,Controller,,Dem,Betty Yee,115,,
Sutter,50,Controller,,Dem,Betty Yee,39,,
Sutter,LO Comm 01 ,Treasurer,,Rep,Greg Conlon,376,,
Sutter,LO Comm 02 ,Treasurer,,Rep,Greg Conlon,497,,
Sutter,Dell Wayne 03,Treasurer,,Rep,Greg Conlon,342,,
Sutter,United Pent 04,Treasurer,,Rep,Greg Conlon,872,,
Sutter,United Pent 05,Treasurer,,Rep,Greg Conlon,502,,
Sutter,7th Day 06,Treasurer,,Rep,Greg Conlon,122,,
Sutter,Sutter Estates 07,Treasurer,,Rep,Greg Conlon,132,,
Sutter,YS Fair 08,Treasurer,,Rep,Greg Conlon,143,,
Sutter,YS Fair 09,Treasurer,,Rep,Greg Conlon,248,,
Sutter,St Isidore 10,Treasurer,,Rep,Greg Conlon,284,,
Sutter,Sutter HS 11,Treasurer,,Rep,Greg Conlon,672,,
Sutter,Sutter HS 12,Treasurer,,Rep,Greg Conlon,579,,
Sutter,Franklin 13,Treasurer,,Rep,Greg Conlon,243,,
Sutter,Meridian 14,Treasurer,,Rep,Greg Conlon,192,,
Sutter,1st United 15,Treasurer,,Rep,Greg Conlon,495,,
Sutter,1st United 16,Treasurer,,Rep,Greg Conlon,626,,
Sutter,Veterans 17,Treasurer,,Rep,Greg Conlon,311,,
Sutter,Veterans 18,Treasurer,,Rep,Greg Conlon,455,,
Sutter,Veterans 19,Treasurer,,Rep,Greg Conlon,515,,
Sutter,Veterans 20,Treasurer,,Rep,Greg Conlon,496,,
Sutter,St Andrew 21,Treasurer,,Rep,Greg Conlon,355,,
Sutter,St Andrew 22,Treasurer,,Rep,Greg Conlon,494,,
Sutter,AK School 23,Treasurer,,Rep,Greg Conlon,535,,
Sutter,AK School 24,Treasurer,,Rep,Greg Conlon,561,,
Sutter,St James 25,Treasurer,,Rep,Greg Conlon,231,,
Sutter,Walnut 26,Treasurer,,Rep,Greg Conlon,466,,
Sutter,Walnut 27,Treasurer,,Rep,Greg Conlon,468,,
Sutter,NV Calvary 28,Treasurer,,Rep,Greg Conlon,579,,
Sutter,NV Calvary 29,Treasurer,,Rep,Greg Conlon,438,,
Sutter,Riverbend 30,Treasurer,,Rep,Greg Conlon,389,,
Sutter,1st Reform 31,Treasurer,,Rep,Greg Conlon,142,,
Sutter,P Grove 32,Treasurer,,Rep,Greg Conlon,304,,
Sutter,E Nicolaus 33,Treasurer,,Rep,Greg Conlon,489,,
Sutter,34,Treasurer,,Rep,Greg Conlon,425,,
Sutter,35,Treasurer,,Rep,Greg Conlon,305,,
Sutter,36,Treasurer,,Rep,Greg Conlon,83,,
Sutter,37,Treasurer,,Rep,Greg Conlon,417,,
Sutter,38,Treasurer,,Rep,Greg Conlon,232,,
Sutter,39,Treasurer,,Rep,Greg Conlon,118,,
Sutter,40,Treasurer,,Rep,Greg Conlon,239,,
Sutter,41,Treasurer,,Rep,Greg Conlon,302,,
Sutter,42,Treasurer,,Rep,Greg Conlon,271,,
Sutter,43,Treasurer,,Rep,Greg Conlon,199,,
Sutter,44,Treasurer,,Rep,Greg Conlon,363,,
Sutter,45,Treasurer,,Rep,Greg Conlon,212,,
Sutter,46,Treasurer,,Rep,Greg Conlon,60,,
Sutter,47,Treasurer,,Rep,Greg Conlon,43,,
Sutter,48,Treasurer,,Rep,Greg Conlon,173,,
Sutter,49,Treasurer,,Rep,Greg Conlon,285,,
Sutter,50,Treasurer,,Rep,Greg Conlon,41,,
Sutter,LO Comm 01 ,Treasurer,,Dem,Fiona Ma,486,,
Sutter,LO Comm 02 ,Treasurer,,Dem,Fiona Ma,560,,
Sutter,Dell Wayne 03,Treasurer,,Dem,Fiona Ma,241,,
Sutter,United Pent 04,Treasurer,,Dem,Fiona Ma,537,,
Sutter,United Pent 05,Treasurer,,Dem,Fiona Ma,350,,
Sutter,7th Day 06,Treasurer,,Dem,Fiona Ma,83,,
Sutter,Sutter Estates 07,Treasurer,,Dem,Fiona Ma,145,,
Sutter,YS Fair 08,Treasurer,,Dem,Fiona Ma,190,,
Sutter,YS Fair 09,Treasurer,,Dem,Fiona Ma,213,,
Sutter,St Isidore 10,Treasurer,,Dem,Fiona Ma,169,,
Sutter,Sutter HS 11,Treasurer,,Dem,Fiona Ma,159,,
Sutter,Sutter HS 12,Treasurer,,Dem,Fiona Ma,157,,
Sutter,Franklin 13,Treasurer,,Dem,Fiona Ma,68,,
Sutter,Meridian 14,Treasurer,,Dem,Fiona Ma,44,,
Sutter,1st United 15,Treasurer,,Dem,Fiona Ma,408,,
Sutter,1st United 16,Treasurer,,Dem,Fiona Ma,294,,
Sutter,Veterans 17,Treasurer,,Dem,Fiona Ma,153,,
Sutter,Veterans 18,Treasurer,,Dem,Fiona Ma,212,,
Sutter,Veterans 19,Treasurer,,Dem,Fiona Ma,270,,
Sutter,Veterans 20,Treasurer,,Dem,Fiona Ma,381,,
Sutter,St Andrew 21,Treasurer,,Dem,Fiona Ma,504,,
Sutter,St Andrew 22,Treasurer,,Dem,Fiona Ma,479,,
Sutter,AK School 23,Treasurer,,Dem,Fiona Ma,509,,
Sutter,AK School 24,Treasurer,,Dem,Fiona Ma,679,,
Sutter,St James 25,Treasurer,,Dem,Fiona Ma,198,,
Sutter,Walnut 26,Treasurer,,Dem,Fiona Ma,220,,
Sutter,Walnut 27,Treasurer,,Dem,Fiona Ma,179,,
Sutter,NV Calvary 28,Treasurer,,Dem,Fiona Ma,490,,
Sutter,NV Calvary 29,Treasurer,,Dem,Fiona Ma,394,,
Sutter,Riverbend 30,Treasurer,,Dem,Fiona Ma,385,,
Sutter,1st Reform 31,Treasurer,,Dem,Fiona Ma,62,,
Sutter,P Grove 32,Treasurer,,Dem,Fiona Ma,68,,
Sutter,E Nicolaus 33,Treasurer,,Dem,Fiona Ma,150,,
Sutter,34,Treasurer,,Dem,Fiona Ma,175,,
Sutter,35,Treasurer,,Dem,Fiona Ma,108,,
Sutter,36,Treasurer,,Dem,Fiona Ma,48,,
Sutter,37,Treasurer,,Dem,Fiona Ma,237,,
Sutter,38,Treasurer,,Dem,Fiona Ma,118,,
Sutter,39,Treasurer,,Dem,Fiona Ma,33,,
Sutter,40,Treasurer,,Dem,Fiona Ma,216,,
Sutter,41,Treasurer,,Dem,Fiona Ma,276,,
Sutter,42,Treasurer,,Dem,Fiona Ma,183,,
Sutter,43,Treasurer,,Dem,Fiona Ma,184,,
Sutter,44,Treasurer,,Dem,Fiona Ma,316,,
Sutter,45,Treasurer,,Dem,Fiona Ma,91,,
Sutter,46,Treasurer,,Dem,Fiona Ma,11,,
Sutter,47,Treasurer,,Dem,Fiona Ma,11,,
Sutter,48,Treasurer,,Dem,Fiona Ma,109,,
Sutter,49,Treasurer,,Dem,Fiona Ma,107,,
Sutter,50,Treasurer,,Dem,Fiona Ma,34,,
Sutter,LO Comm 01 ,Attorney General,,Rep,Steven Bailey,379,,
Sutter,LO Comm 02 ,Attorney General,,Rep,Steven Bailey,498,,
Sutter,Dell Wayne 03,Attorney General,,Rep,Steven Bailey,353,,
Sutter,United Pent 04,Attorney General,,Rep,Steven Bailey,890,,
Sutter,United Pent 05,Attorney General,,Rep,Steven Bailey,527,,
Sutter,7th Day 06,Attorney General,,Rep,Steven Bailey,121,,
Sutter,Sutter Estates 07,Attorney General,,Rep,Steven Bailey,133,,
Sutter,YS Fair 08,Attorney General,,Rep,Steven Bailey,136,,
Sutter,YS Fair 09,Attorney General,,Rep,Steven Bailey,262,,
Sutter,St Isidore 10,Attorney General,,Rep,Steven Bailey,288,,
Sutter,Sutter HS 11,Attorney General,,Rep,Steven Bailey,677,,
Sutter,Sutter HS 12,Attorney General,,Rep,Steven Bailey,594,,
Sutter,Franklin 13,Attorney General,,Rep,Steven Bailey,243,,
Sutter,Meridian 14,Attorney General,,Rep,Steven Bailey,196,,
Sutter,1st United 15,Attorney General,,Rep,Steven Bailey,503,,
Sutter,1st United 16,Attorney General,,Rep,Steven Bailey,651,,
Sutter,Veterans 17,Attorney General,,Rep,Steven Bailey,308,,
Sutter,Veterans 18,Attorney General,,Rep,Steven Bailey,459,,
Sutter,Veterans 19,Attorney General,,Rep,Steven Bailey,539,,
Sutter,Veterans 20,Attorney General,,Rep,Steven Bailey,510,,
Sutter,St Andrew 21,Attorney General,,Rep,Steven Bailey,376,,
Sutter,St Andrew 22,Attorney General,,Rep,Steven Bailey,494,,
Sutter,AK School 23,Attorney General,,Rep,Steven Bailey,554,,
Sutter,AK School 24,Attorney General,,Rep,Steven Bailey,570,,
Sutter,St James 25,Attorney General,,Rep,Steven Bailey,234,,
Sutter,Walnut 26,Attorney General,,Rep,Steven Bailey,476,,
Sutter,Walnut 27,Attorney General,,Rep,Steven Bailey,486,,
Sutter,NV Calvary 28,Attorney General,,Rep,Steven Bailey,608,,
Sutter,NV Calvary 29,Attorney General,,Rep,Steven Bailey,453,,
Sutter,Riverbend 30,Attorney General,,Rep,Steven Bailey,404,,
Sutter,1st Reform 31,Attorney General,,Rep,Steven Bailey,146,,
Sutter,P Grove 32,Attorney General,,Rep,Steven Bailey,315,,
Sutter,E Nicolaus 33,Attorney General,,Rep,Steven Bailey,497,,
Sutter,34,Attorney General,,Rep,Steven Bailey,440,,
Sutter,35,Attorney General,,Rep,Steven Bailey,314,,
Sutter,36,Attorney General,,Rep,Steven Bailey,89,,
Sutter,37,Attorney General,,Rep,Steven Bailey,444,,
Sutter,38,Attorney General,,Rep,Steven Bailey,255,,
Sutter,39,Attorney General,,Rep,Steven Bailey,118,,
Sutter,40,Attorney General,,Rep,Steven Bailey,255,,
Sutter,41,Attorney General,,Rep,Steven Bailey,318,,
Sutter,42,Attorney General,,Rep,Steven Bailey,284,,
Sutter,43,Attorney General,,Rep,Steven Bailey,210,,
Sutter,44,Attorney General,,Rep,Steven Bailey,370,,
Sutter,45,Attorney General,,Rep,Steven Bailey,218,,
Sutter,46,Attorney General,,Rep,Steven Bailey,60,,
Sutter,47,Attorney General,,Rep,Steven Bailey,44,,
Sutter,48,Attorney General,,Rep,Steven Bailey,176,,
Sutter,49,Attorney General,,Rep,Steven Bailey,296,,
Sutter,50,Attorney General,,Rep,Steven Bailey,40,,
Sutter,LO Comm 01 ,Attorney General,,Dem,Xavier Becerra,491,,
Sutter,LO Comm 02 ,Attorney General,,Dem,Xavier Becerra,559,,
Sutter,Dell Wayne 03,Attorney General,,Dem,Xavier Becerra,233,,
Sutter,United Pent 04,Attorney General,,Dem,Xavier Becerra,526,,
Sutter,United Pent 05,Attorney General,,Dem,Xavier Becerra,328,,
Sutter,7th Day 06,Attorney General,,Dem,Xavier Becerra,87,,
Sutter,Sutter Estates 07,Attorney General,,Dem,Xavier Becerra,148,,
Sutter,YS Fair 08,Attorney General,,Dem,Xavier Becerra,199,,
Sutter,YS Fair 09,Attorney General,,Dem,Xavier Becerra,200,,
Sutter,St Isidore 10,Attorney General,,Dem,Xavier Becerra,170,,
Sutter,Sutter HS 11,Attorney General,,Dem,Xavier Becerra,159,,
Sutter,Sutter HS 12,Attorney General,,Dem,Xavier Becerra,147,,
Sutter,Franklin 13,Attorney General,,Dem,Xavier Becerra,73,,
Sutter,Meridian 14,Attorney General,,Dem,Xavier Becerra,39,,
Sutter,1st United 15,Attorney General,,Dem,Xavier Becerra,408,,
Sutter,1st United 16,Attorney General,,Dem,Xavier Becerra,282,,
Sutter,Veterans 17,Attorney General,,Dem,Xavier Becerra,167,,
Sutter,Veterans 18,Attorney General,,Dem,Xavier Becerra,211,,
Sutter,Veterans 19,Attorney General,,Dem,Xavier Becerra,257,,
Sutter,Veterans 20,Attorney General,,Dem,Xavier Becerra,376,,
Sutter,St Andrew 21,Attorney General,,Dem,Xavier Becerra,496,,
Sutter,St Andrew 22,Attorney General,,Dem,Xavier Becerra,491,,
Sutter,AK School 23,Attorney General,,Dem,Xavier Becerra,493,,
Sutter,AK School 24,Attorney General,,Dem,Xavier Becerra,669,,
Sutter,St James 25,Attorney General,,Dem,Xavier Becerra,198,,
Sutter,Walnut 26,Attorney General,,Dem,Xavier Becerra,227,,
Sutter,Walnut 27,Attorney General,,Dem,Xavier Becerra,165,,
Sutter,NV Calvary 28,Attorney General,,Dem,Xavier Becerra,473,,
Sutter,NV Calvary 29,Attorney General,,Dem,Xavier Becerra,382,,
Sutter,Riverbend 30,Attorney General,,Dem,Xavier Becerra,377,,
Sutter,1st Reform 31,Attorney General,,Dem,Xavier Becerra,58,,
Sutter,P Grove 32,Attorney General,,Dem,Xavier Becerra,65,,
Sutter,E Nicolaus 33,Attorney General,,Dem,Xavier Becerra,144,,
Sutter,34,Attorney General,,Dem,Xavier Becerra,161,,
Sutter,35,Attorney General,,Dem,Xavier Becerra,99,,
Sutter,36,Attorney General,,Dem,Xavier Becerra,42,,
Sutter,37,Attorney General,,Dem,Xavier Becerra,218,,
Sutter,38,Attorney General,,Dem,Xavier Becerra,101,,
Sutter,39,Attorney General,,Dem,Xavier Becerra,36,,
Sutter,40,Attorney General,,Dem,Xavier Becerra,209,,
Sutter,41,Attorney General,,Dem,Xavier Becerra,261,,
Sutter,42,Attorney General,,Dem,Xavier Becerra,171,,
Sutter,43,Attorney General,,Dem,Xavier Becerra,181,,
Sutter,44,Attorney General,,Dem,Xavier Becerra,309,,
Sutter,45,Attorney General,,Dem,Xavier Becerra,87,,
Sutter,46,Attorney General,,Dem,Xavier Becerra,11,,
Sutter,47,Attorney General,,Dem,Xavier Becerra,10,,
Sutter,48,Attorney General,,Dem,Xavier Becerra,110,,
Sutter,49,Attorney General,,Dem,Xavier Becerra,101,,
Sutter,50,Attorney General,,Dem,Xavier Becerra,34,,
Sutter,LO Comm 01 ,Insurance Commissioner,,Dem,Ricardo Lara,440,,
Sutter,LO Comm 02 ,Insurance Commissioner,,Dem,Ricardo Lara,495,,
Sutter,Dell Wayne 03,Insurance Commissioner,,Dem,Ricardo Lara,205,,
Sutter,United Pent 04,Insurance Commissioner,,Dem,Ricardo Lara,428,,
Sutter,United Pent 05,Insurance Commissioner,,Dem,Ricardo Lara,267,,
Sutter,7th Day 06,Insurance Commissioner,,Dem,Ricardo Lara,54,,
Sutter,Sutter Estates 07,Insurance Commissioner,,Dem,Ricardo Lara,124,,
Sutter,YS Fair 08,Insurance Commissioner,,Dem,Ricardo Lara,182,,
Sutter,YS Fair 09,Insurance Commissioner,,Dem,Ricardo Lara,157,,
Sutter,St Isidore 10,Insurance Commissioner,,Dem,Ricardo Lara,137,,
Sutter,Sutter HS 11,Insurance Commissioner,,Dem,Ricardo Lara,130,,
Sutter,Sutter HS 12,Insurance Commissioner,,Dem,Ricardo Lara,137,,
Sutter,Franklin 13,Insurance Commissioner,,Dem,Ricardo Lara,59,,
Sutter,Meridian 14,Insurance Commissioner,,Dem,Ricardo Lara,37,,
Sutter,1st United 15,Insurance Commissioner,,Dem,Ricardo Lara,360,,
Sutter,1st United 16,Insurance Commissioner,,Dem,Ricardo Lara,214,,
Sutter,Veterans 17,Insurance Commissioner,,Dem,Ricardo Lara,130,,
Sutter,Veterans 18,Insurance Commissioner,,Dem,Ricardo Lara,161,,
Sutter,Veterans 19,Insurance Commissioner,,Dem,Ricardo Lara,205,,
Sutter,Veterans 20,Insurance Commissioner,,Dem,Ricardo Lara,300,,
Sutter,St Andrew 21,Insurance Commissioner,,Dem,Ricardo Lara,444,,
Sutter,St Andrew 22,Insurance Commissioner,,Dem,Ricardo Lara,403,,
Sutter,AK School 23,Insurance Commissioner,,Dem,Ricardo Lara,452,,
Sutter,AK School 24,Insurance Commissioner,,Dem,Ricardo Lara,635,,
Sutter,St James 25,Insurance Commissioner,,Dem,Ricardo Lara,165,,
Sutter,Walnut 26,Insurance Commissioner,,Dem,Ricardo Lara,177,,
Sutter,Walnut 27,Insurance Commissioner,,Dem,Ricardo Lara,139,,
Sutter,NV Calvary 28,Insurance Commissioner,,Dem,Ricardo Lara,399,,
Sutter,NV Calvary 29,Insurance Commissioner,,Dem,Ricardo Lara,315,,
Sutter,Riverbend 30,Insurance Commissioner,,Dem,Ricardo Lara,333,,
Sutter,1st Reform 31,Insurance Commissioner,,Dem,Ricardo Lara,51,,
Sutter,P Grove 32,Insurance Commissioner,,Dem,Ricardo Lara,54,,
Sutter,E Nicolaus 33,Insurance Commissioner,,Dem,Ricardo Lara,122,,
Sutter,34,Insurance Commissioner,,Dem,Ricardo Lara,141,,
Sutter,35,Insurance Commissioner,,Dem,Ricardo Lara,97,,
Sutter,36,Insurance Commissioner,,Dem,Ricardo Lara,36,,
Sutter,37,Insurance Commissioner,,Dem,Ricardo Lara,164,,
Sutter,38,Insurance Commissioner,,Dem,Ricardo Lara,88,,
Sutter,39,Insurance Commissioner,,Dem,Ricardo Lara,37,,
Sutter,40,Insurance Commissioner,,Dem,Ricardo Lara,167,,
Sutter,41,Insurance Commissioner,,Dem,Ricardo Lara,213,,
Sutter,42,Insurance Commissioner,,Dem,Ricardo Lara,153,,
Sutter,43,Insurance Commissioner,,Dem,Ricardo Lara,158,,
Sutter,44,Insurance Commissioner,,Dem,Ricardo Lara,282,,
Sutter,45,Insurance Commissioner,,Dem,Ricardo Lara,73,,
Sutter,46,Insurance Commissioner,,Dem,Ricardo Lara,8,,
Sutter,47,Insurance Commissioner,,Dem,Ricardo Lara,10,,
Sutter,48,Insurance Commissioner,,Dem,Ricardo Lara,87,,
Sutter,49,Insurance Commissioner,,Dem,Ricardo Lara,79,,
Sutter,50,Insurance Commissioner,,Dem,Ricardo Lara,31,,
Sutter,LO Comm 01 ,Insurance Commissioner,,NPP,Steve Poizner,394,,
Sutter,LO Comm 02 ,Insurance Commissioner,,NPP,Steve Poizner,524,,
Sutter,Dell Wayne 03,Insurance Commissioner,,NPP,Steve Poizner,353,,
Sutter,United Pent 04,Insurance Commissioner,,NPP,Steve Poizner,899,,
Sutter,United Pent 05,Insurance Commissioner,,NPP,Steve Poizner,556,,
Sutter,7th Day 06,Insurance Commissioner,,NPP,Steve Poizner,147,,
Sutter,Sutter Estates 07,Insurance Commissioner,,NPP,Steve Poizner,143,,
Sutter,YS Fair 08,Insurance Commissioner,,NPP,Steve Poizner,145,,
Sutter,YS Fair 09,Insurance Commissioner,,NPP,Steve Poizner,294,,
Sutter,St Isidore 10,Insurance Commissioner,,NPP,Steve Poizner,291,,
Sutter,Sutter HS 11,Insurance Commissioner,,NPP,Steve Poizner,663,,
Sutter,Sutter HS 12,Insurance Commissioner,,NPP,Steve Poizner,557,,
Sutter,Franklin 13,Insurance Commissioner,,NPP,Steve Poizner,240,,
Sutter,Meridian 14,Insurance Commissioner,,NPP,Steve Poizner,182,,
Sutter,1st United 15,Insurance Commissioner,,NPP,Steve Poizner,501,,
Sutter,1st United 16,Insurance Commissioner,,NPP,Steve Poizner,669,,
Sutter,Veterans 17,Insurance Commissioner,,NPP,Steve Poizner,308,,
Sutter,Veterans 18,Insurance Commissioner,,NPP,Steve Poizner,472,,
Sutter,Veterans 19,Insurance Commissioner,,NPP,Steve Poizner,544,,
Sutter,Veterans 20,Insurance Commissioner,,NPP,Steve Poizner,536,,
Sutter,St Andrew 21,Insurance Commissioner,,NPP,Steve Poizner,394,,
Sutter,St Andrew 22,Insurance Commissioner,,NPP,Steve Poizner,548,,
Sutter,AK School 23,Insurance Commissioner,,NPP,Steve Poizner,543,,
Sutter,AK School 24,Insurance Commissioner,,NPP,Steve Poizner,559,,
Sutter,St James 25,Insurance Commissioner,,NPP,Steve Poizner,246,,
Sutter,Walnut 26,Insurance Commissioner,,NPP,Steve Poizner,496,,
Sutter,Walnut 27,Insurance Commissioner,,NPP,Steve Poizner,474,,
Sutter,NV Calvary 28,Insurance Commissioner,,NPP,Steve Poizner,630,,
Sutter,NV Calvary 29,Insurance Commissioner,,NPP,Steve Poizner,481,,
Sutter,Riverbend 30,Insurance Commissioner,,NPP,Steve Poizner,417,,
Sutter,1st Reform 31,Insurance Commissioner,,NPP,Steve Poizner,143,,
Sutter,P Grove 32,Insurance Commissioner,,NPP,Steve Poizner,296,,
Sutter,E Nicolaus 33,Insurance Commissioner,,NPP,Steve Poizner,472,,
Sutter,34,Insurance Commissioner,,NPP,Steve Poizner,431,,
Sutter,35,Insurance Commissioner,,NPP,Steve Poizner,283,,
Sutter,36,Insurance Commissioner,,NPP,Steve Poizner,87,,
Sutter,37,Insurance Commissioner,,NPP,Steve Poizner,462,,
Sutter,38,Insurance Commissioner,,NPP,Steve Poizner,236,,
Sutter,39,Insurance Commissioner,,NPP,Steve Poizner,108,,
Sutter,40,Insurance Commissioner,,NPP,Steve Poizner,279,,
Sutter,41,Insurance Commissioner,,NPP,Steve Poizner,335,,
Sutter,42,Insurance Commissioner,,NPP,Steve Poizner,279,,
Sutter,43,Insurance Commissioner,,NPP,Steve Poizner,211,,
Sutter,44,Insurance Commissioner,,NPP,Steve Poizner,366,,
Sutter,45,Insurance Commissioner,,NPP,Steve Poizner,209,,
Sutter,46,Insurance Commissioner,,NPP,Steve Poizner,59,,
Sutter,47,Insurance Commissioner,,NPP,Steve Poizner,42,,
Sutter,48,Insurance Commissioner,,NPP,Steve Poizner,181,,
Sutter,49,Insurance Commissioner,,NPP,Steve Poizner,284,,
Sutter,50,Insurance Commissioner,,NPP,Steve Poizner,39,,
Sutter,LO Comm 01 ,US Senate,,Dem,Dianne Feinstein,356,,
Sutter,LO Comm 02 ,US Senate,,Dem,Dianne Feinstein,423,,
Sutter,Dell Wayne 03,US Senate,,Dem,Dianne Feinstein,219,,
Sutter,United Pent 04,US Senate,,Dem,Dianne Feinstein,522,,
Sutter,United Pent 05,US Senate,,Dem,Dianne Feinstein,288,,
Sutter,7th Day 06,US Senate,,Dem,Dianne Feinstein,90,,
Sutter,Sutter Estates 07,US Senate,,Dem,Dianne Feinstein,112,,
Sutter,YS Fair 08,US Senate,,Dem,Dianne Feinstein,122,,
Sutter,YS Fair 09,US Senate,,Dem,Dianne Feinstein,159,,
Sutter,St Isidore 10,US Senate,,Dem,Dianne Feinstein,180,,
Sutter,Sutter HS 11,US Senate,,Dem,Dianne Feinstein,211,,
Sutter,Sutter HS 12,US Senate,,Dem,Dianne Feinstein,183,,
Sutter,Franklin 13,US Senate,,Dem,Dianne Feinstein,91,,
Sutter,Meridian 14,US Senate,,Dem,Dianne Feinstein,48,,
Sutter,1st United 15,US Senate,,Dem,Dianne Feinstein,363,,
Sutter,1st United 16,US Senate,,Dem,Dianne Feinstein,287,,
Sutter,Veterans 17,US Senate,,Dem,Dianne Feinstein,161,,
Sutter,Veterans 18,US Senate,,Dem,Dianne Feinstein,210,,
Sutter,Veterans 19,US Senate,,Dem,Dianne Feinstein,286,,
Sutter,Veterans 20,US Senate,,Dem,Dianne Feinstein,335,,
Sutter,St Andrew 21,US Senate,,Dem,Dianne Feinstein,349,,
Sutter,St Andrew 22,US Senate,,Dem,Dianne Feinstein,417,,
Sutter,AK School 23,US Senate,,Dem,Dianne Feinstein,421,,
Sutter,AK School 24,US Senate,,Dem,Dianne Feinstein,571,,
Sutter,St James 25,US Senate,,Dem,Dianne Feinstein,165,,
Sutter,Walnut 26,US Senate,,Dem,Dianne Feinstein,243,,
Sutter,Walnut 27,US Senate,,Dem,Dianne Feinstein,205,,
Sutter,NV Calvary 28,US Senate,,Dem,Dianne Feinstein,404,,
Sutter,NV Calvary 29,US Senate,,Dem,Dianne Feinstein,329,,
Sutter,Riverbend 30,US Senate,,Dem,Dianne Feinstein,307,,
Sutter,1st Reform 31,US Senate,,Dem,Dianne Feinstein,59,,
Sutter,P Grove 32,US Senate,,Dem,Dianne Feinstein,119,,
Sutter,E Nicolaus 33,US Senate,,Dem,Dianne Feinstein,216,,
Sutter,34,US Senate,,Dem,Dianne Feinstein,218,,
Sutter,35,US Senate,,Dem,Dianne Feinstein,129,,
Sutter,36,US Senate,,Dem,Dianne Feinstein,35,,
Sutter,37,US Senate,,Dem,Dianne Feinstein,227,,
Sutter,38,US Senate,,Dem,Dianne Feinstein,88,,
Sutter,39,US Senate,,Dem,Dianne Feinstein,51,,
Sutter,40,US Senate,,Dem,Dianne Feinstein,176,,
Sutter,41,US Senate,,Dem,Dianne Feinstein,197,,
Sutter,42,US Senate,,Dem,Dianne Feinstein,164,,
Sutter,43,US Senate,,Dem,Dianne Feinstein,132,,
Sutter,44,US Senate,,Dem,Dianne Feinstein,268,,
Sutter,45,US Senate,,Dem,Dianne Feinstein,80,,
Sutter,46,US Senate,,Dem,Dianne Feinstein,17,,
Sutter,47,US Senate,,Dem,Dianne Feinstein,11,,
Sutter,48,US Senate,,Dem,Dianne Feinstein,99,,
Sutter,49,US Senate,,Dem,Dianne Feinstein,133,,
Sutter,50,US Senate,,Dem,Dianne Feinstein,25,,
Sutter,LO Comm 01 ,US Senate,,Dem,Kevin DeLeon,443,,
Sutter,LO Comm 02 ,US Senate,,Dem,Kevin DeLeon,555,,
Sutter,Dell Wayne 03,US Senate,,Dem,Kevin DeLeon,275,,
Sutter,United Pent 04,US Senate,,Dem,Kevin DeLeon,640,,
Sutter,United Pent 05,US Senate,,Dem,Kevin DeLeon,431,,
Sutter,7th Day 06,US Senate,,Dem,Kevin DeLeon,92,,
Sutter,Sutter Estates 07,US Senate,,Dem,Kevin DeLeon,146,,
Sutter,YS Fair 08,US Senate,,Dem,Kevin DeLeon,180,,
Sutter,YS Fair 09,US Senate,,Dem,Kevin DeLeon,235,,
Sutter,St Isidore 10,US Senate,,Dem,Kevin DeLeon,197,,
Sutter,Sutter HS 11,US Senate,,Dem,Kevin DeLeon,435,,
Sutter,Sutter HS 12,US Senate,,Dem,Kevin DeLeon,426,,
Sutter,Franklin 13,US Senate,,Dem,Kevin DeLeon,154,,
Sutter,Meridian 14,US Senate,,Dem,Kevin DeLeon,129,,
Sutter,1st United 15,US Senate,,Dem,Kevin DeLeon,393,,
Sutter,1st United 16,US Senate,,Dem,Kevin DeLeon,448,,
Sutter,Veterans 17,US Senate,,Dem,Kevin DeLeon,234,,
Sutter,Veterans 18,US Senate,,Dem,Kevin DeLeon,324,,
Sutter,Veterans 19,US Senate,,Dem,Kevin DeLeon,357,,
Sutter,Veterans 20,US Senate,,Dem,Kevin DeLeon,418,,
Sutter,St Andrew 21,US Senate,,Dem,Kevin DeLeon,457,,
Sutter,St Andrew 22,US Senate,,Dem,Kevin DeLeon,451,,
Sutter,AK School 23,US Senate,,Dem,Kevin DeLeon,488,,
Sutter,AK School 24,US Senate,,Dem,Kevin DeLeon,559,,
Sutter,St James 25,US Senate,,Dem,Kevin DeLeon,202,,
Sutter,Walnut 26,US Senate,,Dem,Kevin DeLeon,341,,
Sutter,Walnut 27,US Senate,,Dem,Kevin DeLeon,309,,
Sutter,NV Calvary 28,US Senate,,Dem,Kevin DeLeon,511,,
Sutter,NV Calvary 29,US Senate,,Dem,Kevin DeLeon,403,,
Sutter,Riverbend 30,US Senate,,Dem,Kevin DeLeon,374,,
Sutter,1st Reform 31,US Senate,,Dem,Kevin DeLeon,116,,
Sutter,P Grove 32,US Senate,,Dem,Kevin DeLeon,169,,
Sutter,E Nicolaus 33,US Senate,,Dem,Kevin DeLeon,303,,
Sutter,34,US Senate,,Dem,Kevin DeLeon,270,,
Sutter,35,US Senate,,Dem,Kevin DeLeon,188,,
Sutter,36,US Senate,,Dem,Kevin DeLeon,70,,
Sutter,37,US Senate,,Dem,Kevin DeLeon,322,,
Sutter,38,US Senate,,Dem,Kevin DeLeon,193,,
Sutter,39,US Senate,,Dem,Kevin DeLeon,60,,
Sutter,40,US Senate,,Dem,Kevin DeLeon,247,,
Sutter,41,US Senate,,Dem,Kevin DeLeon,279,,
Sutter,42,US Senate,,Dem,Kevin DeLeon,213,,
Sutter,43,US Senate,,Dem,Kevin DeLeon,210,,
Sutter,44,US Senate,,Dem,Kevin DeLeon,324,,
Sutter,45,US Senate,,Dem,Kevin DeLeon,172,,
Sutter,46,US Senate,,Dem,Kevin DeLeon,36,,
Sutter,47,US Senate,,Dem,Kevin DeLeon,27,,
Sutter,48,US Senate,,Dem,Kevin DeLeon,140,,
Sutter,49,US Senate,,Dem,Kevin DeLeon,176,,
Sutter,50,US Senate,,Dem,Kevin DeLeon,44,,
Sutter,LO Comm 01 ,Public Instruction,,None,Marshall Tuck,495,,
Sutter,LO Comm 02 ,Public Instruction,,None,Marshall Tuck,573,,
Sutter,Dell Wayne 03,Public Instruction,,None,Marshall Tuck,362,,
Sutter,United Pent 04,Public Instruction,,None,Marshall Tuck,853,,
Sutter,United Pent 05,Public Instruction,,None,Marshall Tuck,547,,
Sutter,7th Day 06,Public Instruction,,None,Marshall Tuck,109,,
Sutter,Sutter Estates 07,Public Instruction,,None,Marshall Tuck,177,,
Sutter,YS Fair 08,Public Instruction,,None,Marshall Tuck,187,,
Sutter,YS Fair 09,Public Instruction,,None,Marshall Tuck,274,,
Sutter,St Isidore 10,Public Instruction,,None,Marshall Tuck,276,,
Sutter,Sutter HS 11,Public Instruction,,None,Marshall Tuck,564,,
Sutter,Sutter HS 12,Public Instruction,,None,Marshall Tuck,502,,
Sutter,Franklin 13,Public Instruction,,None,Marshall Tuck,193,,
Sutter,Meridian 14,Public Instruction,,None,Marshall Tuck,167,,
Sutter,1st United 15,Public Instruction,,None,Marshall Tuck,556,,
Sutter,1st United 16,Public Instruction,,None,Marshall Tuck,582,,
Sutter,Veterans 17,Public Instruction,,None,Marshall Tuck,315,,
Sutter,Veterans 18,Public Instruction,,None,Marshall Tuck,430,,
Sutter,Veterans 19,Public Instruction,,None,Marshall Tuck,516,,
Sutter,Veterans 20,Public Instruction,,None,Marshall Tuck,519,,
Sutter,St Andrew 21,Public Instruction,,None,Marshall Tuck,488,,
Sutter,St Andrew 22,Public Instruction,,None,Marshall Tuck,556,,
Sutter,AK School 23,Public Instruction,,None,Marshall Tuck,595,,
Sutter,AK School 24,Public Instruction,,None,Marshall Tuck,709,,
Sutter,St James 25,Public Instruction,,None,Marshall Tuck,250,,
Sutter,Walnut 26,Public Instruction,,None,Marshall Tuck,436,,
Sutter,Walnut 27,Public Instruction,,None,Marshall Tuck,412,,
Sutter,NV Calvary 28,Public Instruction,,None,Marshall Tuck,625,,
Sutter,NV Calvary 29,Public Instruction,,None,Marshall Tuck,454,,
Sutter,Riverbend 30,Public Instruction,,None,Marshall Tuck,445,,
Sutter,1st Reform 31,Public Instruction,,None,Marshall Tuck,134,,
Sutter,P Grove 32,Public Instruction,,None,Marshall Tuck,247,,
Sutter,E Nicolaus 33,Public Instruction,,None,Marshall Tuck,399,,
Sutter,34,Public Instruction,,None,Marshall Tuck,395,,
Sutter,35,Public Instruction,,None,Marshall Tuck,260,,
Sutter,36,Public Instruction,,None,Marshall Tuck,83,,
Sutter,37,Public Instruction,,None,Marshall Tuck,416,,
Sutter,38,Public Instruction,,None,Marshall Tuck,189,,
Sutter,39,Public Instruction,,None,Marshall Tuck,114,,
Sutter,40,Public Instruction,,None,Marshall Tuck,268,,
Sutter,41,Public Instruction,,None,Marshall Tuck,366,,
Sutter,42,Public Instruction,,None,Marshall Tuck,280,,
Sutter,43,Public Instruction,,None,Marshall Tuck,228,,
Sutter,44,Public Instruction,,None,Marshall Tuck,402,,
Sutter,45,Public Instruction,,None,Marshall Tuck,206,,
Sutter,46,Public Instruction,,None,Marshall Tuck,51,,
Sutter,47,Public Instruction,,None,Marshall Tuck,34,,
Sutter,48,Public Instruction,,None,Marshall Tuck,183,,
Sutter,49,Public Instruction,,None,Marshall Tuck,241,,
Sutter,50,Public Instruction,,None,Marshall Tuck,53,,
Sutter,LO Comm 01 ,Public Instruction,,None,Tony Thurmond,311,,
Sutter,LO Comm 02 ,Public Instruction,,None,Tony Thurmond,401,,
Sutter,Dell Wayne 03,Public Instruction,,None,Tony Thurmond,153,,
Sutter,United Pent 04,Public Instruction,,None,Tony Thurmond,422,,
Sutter,United Pent 05,Public Instruction,,None,Tony Thurmond,251,,
Sutter,7th Day 06,Public Instruction,,None,Tony Thurmond,77,,
Sutter,Sutter Estates 07,Public Instruction,,None,Tony Thurmond,75,,
Sutter,YS Fair 08,Public Instruction,,None,Tony Thurmond,123,,
Sutter,YS Fair 09,Public Instruction,,None,Tony Thurmond,152,,
Sutter,St Isidore 10,Public Instruction,,None,Tony Thurmond,130,,
Sutter,Sutter HS 11,Public Instruction,,None,Tony Thurmond,194,,
Sutter,Sutter HS 12,Public Instruction,,None,Tony Thurmond,171,,
Sutter,Franklin 13,Public Instruction,,None,Tony Thurmond,76,,
Sutter,Meridian 14,Public Instruction,,None,Tony Thurmond,48,,
Sutter,1st United 15,Public Instruction,,None,Tony Thurmond,259,,
Sutter,1st United 16,Public Instruction,,None,Tony Thurmond,247,,
Sutter,Veterans 17,Public Instruction,,None,Tony Thurmond,116,,
Sutter,Veterans 18,Public Instruction,,None,Tony Thurmond,163,,
Sutter,Veterans 19,Public Instruction,,None,Tony Thurmond,191,,
Sutter,Veterans 20,Public Instruction,,None,Tony Thurmond,240,,
Sutter,St Andrew 21,Public Instruction,,None,Tony Thurmond,300,,
Sutter,St Andrew 22,Public Instruction,,None,Tony Thurmond,339,,
Sutter,AK School 23,Public Instruction,,None,Tony Thurmond,358,,
Sutter,AK School 24,Public Instruction,,None,Tony Thurmond,442,,
Sutter,St James 25,Public Instruction,,None,Tony Thurmond,132,,
Sutter,Walnut 26,Public Instruction,,None,Tony Thurmond,207,,
Sutter,Walnut 27,Public Instruction,,None,Tony Thurmond,170,,
Sutter,NV Calvary 28,Public Instruction,,None,Tony Thurmond,344,,
Sutter,NV Calvary 29,Public Instruction,,None,Tony Thurmond,293,,
Sutter,Riverbend 30,Public Instruction,,None,Tony Thurmond,271,,
Sutter,1st Reform 31,Public Instruction,,None,Tony Thurmond,48,,
Sutter,P Grove 32,Public Instruction,,None,Tony Thurmond,88,,
Sutter,E Nicolaus 33,Public Instruction,,None,Tony Thurmond,154,,
Sutter,34,Public Instruction,,None,Tony Thurmond,136,,
Sutter,35,Public Instruction,,None,Tony Thurmond,102,,
Sutter,36,Public Instruction,,None,Tony Thurmond,35,,
Sutter,37,Public Instruction,,None,Tony Thurmond,177,,
Sutter,38,Public Instruction,,None,Tony Thurmond,108,,
Sutter,39,Public Instruction,,None,Tony Thurmond,24,,
Sutter,40,Public Instruction,,None,Tony Thurmond,147,,
Sutter,41,Public Instruction,,None,Tony Thurmond,169,,
Sutter,42,Public Instruction,,None,Tony Thurmond,124,,
Sutter,43,Public Instruction,,None,Tony Thurmond,129,,
Sutter,44,Public Instruction,,None,Tony Thurmond,207,,
Sutter,45,Public Instruction,,None,Tony Thurmond,70,,
Sutter,46,Public Instruction,,None,Tony Thurmond,8,,
Sutter,47,Public Instruction,,None,Tony Thurmond,10,,
Sutter,48,Public Instruction,,None,Tony Thurmond,72,,
Sutter,49,Public Instruction,,None,Tony Thurmond,99,,
Sutter,50,Public Instruction,,None,Tony Thurmond,17,,
Sutter,LO Comm 01 ,US House,3,Dem,John Garamendi,531,,
Sutter,LO Comm 02 ,US House,3,Dem,John Garamendi,628,,
Sutter,Dell Wayne 03,US House,3,Dem,John Garamendi,268,,
Sutter,United Pent 04,US House,3,Dem,John Garamendi,639,,
Sutter,United Pent 05,US House,3,Dem,John Garamendi,404,,
Sutter,7th Day 06,US House,3,Dem,John Garamendi,92,,
Sutter,Sutter Estates 07,US House,3,Dem,John Garamendi,168,,
Sutter,YS Fair 08,US House,3,Dem,John Garamendi,199,,
Sutter,YS Fair 09,US House,3,Dem,John Garamendi,236,,
Sutter,St Isidore 10,US House,3,Dem,John Garamendi,208,,
Sutter,Sutter HS 11,US House,3,Dem,John Garamendi,217,,
Sutter,Sutter HS 12,US House,3,Dem,John Garamendi,217,,
Sutter,Franklin 13,US House,3,Dem,John Garamendi,97,,
Sutter,Meridian 14,US House,3,Dem,John Garamendi,53,,
Sutter,1st United 15,US House,3,Dem,John Garamendi,473,,
Sutter,1st United 16,US House,3,Dem,John Garamendi,360,,
Sutter,Veterans 17,US House,3,Dem,John Garamendi,197,,
Sutter,Veterans 18,US House,3,Dem,John Garamendi,253,,
Sutter,Veterans 19,US House,3,Dem,John Garamendi,326,,
Sutter,Veterans 20,US House,3,Dem,John Garamendi,433,,
Sutter,St Andrew 21,US House,3,Dem,John Garamendi,585,,
Sutter,St Andrew 22,US House,3,Dem,John Garamendi,570,,
Sutter,AK School 23,US House,3,Dem,John Garamendi,583,,
Sutter,AK School 24,US House,3,Dem,John Garamendi,785,,
Sutter,St James 25,US House,3,Dem,John Garamendi,224,,
Sutter,Walnut 26,US House,3,Dem,John Garamendi,295,,
Sutter,Walnut 27,US House,3,Dem,John Garamendi,228,,
Sutter,NV Calvary 28,US House,3,Dem,John Garamendi,536,,
Sutter,NV Calvary 29,US House,3,Dem,John Garamendi,441,,
Sutter,Riverbend 30,US House,3,Dem,John Garamendi,419,,
Sutter,1st Reform 31,US House,3,Dem,John Garamendi,73,,
Sutter,P Grove 32,US House,3,Dem,John Garamendi,91,,
Sutter,E Nicolaus 33,US House,3,Dem,John Garamendi,198,,
Sutter,34,US House,3,Dem,John Garamendi,219,,
Sutter,35,US House,3,Dem,John Garamendi,146,,
Sutter,36,US House,3,Dem,John Garamendi,49,,
Sutter,37,US House,3,Dem,John Garamendi,281,,
Sutter,38,US House,3,Dem,John Garamendi,132,,
Sutter,39,US House,3,Dem,John Garamendi,46,,
Sutter,40,US House,3,Dem,John Garamendi,228,,
Sutter,41,US House,3,Dem,John Garamendi,285,,
Sutter,42,US House,3,Dem,John Garamendi,186,,
Sutter,43,US House,3,Dem,John Garamendi,202,,
Sutter,44,US House,3,Dem,John Garamendi,355,,
Sutter,45,US House,3,Dem,John Garamendi,110,,
Sutter,46,US House,3,Dem,John Garamendi,12,,
Sutter,47,US House,3,Dem,John Garamendi,14,,
Sutter,48,US House,3,Dem,John Garamendi,118,,
Sutter,49,US House,3,Dem,John Garamendi,126,,
Sutter,50,US House,3,Dem,John Garamendi,36,,
Sutter,LO Comm 01 ,US House,3,Rep,Charlie Schaupp,344,,
Sutter,LO Comm 02 ,US House,3,Rep,Charlie Schaupp,442,,
Sutter,Dell Wayne 03,US House,3,Rep,Charlie Schaupp,322,,
Sutter,United Pent 04,US House,3,Rep,Charlie Schaupp,800,,
Sutter,United Pent 05,US House,3,Rep,Charlie Schaupp,469,,
Sutter,7th Day 06,US House,3,Rep,Charlie Schaupp,113,,
Sutter,Sutter Estates 07,US House,3,Rep,Charlie Schaupp,117,,
Sutter,YS Fair 08,US House,3,Rep,Charlie Schaupp,138,,
Sutter,YS Fair 09,US House,3,Rep,Charlie Schaupp,239,,
Sutter,St Isidore 10,US House,3,Rep,Charlie Schaupp,257,,
Sutter,Sutter HS 11,US House,3,Rep,Charlie Schaupp,630,,
Sutter,Sutter HS 12,US House,3,Rep,Charlie Schaupp,537,,
Sutter,Franklin 13,US House,3,Rep,Charlie Schaupp,221,,
Sutter,Meridian 14,US House,3,Rep,Charlie Schaupp,187,,
Sutter,1st United 15,US House,3,Rep,Charlie Schaupp,451,,
Sutter,1st United 16,US House,3,Rep,Charlie Schaupp,590,,
Sutter,Veterans 17,US House,3,Rep,Charlie Schaupp,285,,
Sutter,Veterans 18,US House,3,Rep,Charlie Schaupp,423,,
Sutter,Veterans 19,US House,3,Rep,Charlie Schaupp,483,,
Sutter,Veterans 20,US House,3,Rep,Charlie Schaupp,466,,
Sutter,St Andrew 21,US House,3,Rep,Charlie Schaupp,308,,
Sutter,St Andrew 22,US House,3,Rep,Charlie Schaupp,438,,
Sutter,AK School 23,US House,3,Rep,Charlie Schaupp,489,,
Sutter,AK School 24,US House,3,Rep,Charlie Schaupp,508,,
Sutter,St James 25,US House,3,Rep,Charlie Schaupp,217,,
Sutter,Walnut 26,US House,3,Rep,Charlie Schaupp,415,,
Sutter,Walnut 27,US House,3,Rep,Charlie Schaupp,431,,
Sutter,NV Calvary 28,US House,3,Rep,Charlie Schaupp,553,,
Sutter,NV Calvary 29,US House,3,Rep,Charlie Schaupp,401,,
Sutter,Riverbend 30,US House,3,Rep,Charlie Schaupp,369,,
Sutter,1st Reform 31,US House,3,Rep,Charlie Schaupp,133,,
Sutter,P Grove 32,US House,3,Rep,Charlie Schaupp,291,,
Sutter,E Nicolaus 33,US House,3,Rep,Charlie Schaupp,461,,
Sutter,34,US House,3,Rep,Charlie Schaupp,391,,
Sutter,35,US House,3,Rep,Charlie Schaupp,268,,
Sutter,36,US House,3,Rep,Charlie Schaupp,80,,
Sutter,37,US House,3,Rep,Charlie Schaupp,390,,
Sutter,38,US House,3,Rep,Charlie Schaupp,225,,
Sutter,39,US House,3,Rep,Charlie Schaupp,108,,
Sutter,40,US House,3,Rep,Charlie Schaupp,245,,
Sutter,41,US House,3,Rep,Charlie Schaupp,292,,
Sutter,42,US House,3,Rep,Charlie Schaupp,275,,
Sutter,43,US House,3,Rep,Charlie Schaupp,187,,
Sutter,44,US House,3,Rep,Charlie Schaupp,341,,
Sutter,45,US House,3,Rep,Charlie Schaupp,199,,
Sutter,46,US House,3,Rep,Charlie Schaupp,59,,
Sutter,47,US House,3,Rep,Charlie Schaupp,41,,
Sutter,48,US House,3,Rep,Charlie Schaupp,167,,
Sutter,49,US House,3,Rep,Charlie Schaupp,274,,
Sutter,50,US House,3,Rep,Charlie Schaupp,38,,
Sutter,LO Comm 01 ,State Senate,4,Dem,Philip Kim,445,,
Sutter,LO Comm 02 ,State Senate,4,Dem,Philip Kim,494,,
Sutter,Dell Wayne 03,State Senate,4,Dem,Philip Kim,222,,
Sutter,United Pent 04,State Senate,4,Dem,Philip Kim,468,,
Sutter,United Pent 05,State Senate,4,Dem,Philip Kim,308,,
Sutter,7th Day 06,State Senate,4,Dem,Philip Kim,75,,
Sutter,Sutter Estates 07,State Senate,4,Dem,Philip Kim,131,,
Sutter,YS Fair 08,State Senate,4,Dem,Philip Kim,172,,
Sutter,YS Fair 09,State Senate,4,Dem,Philip Kim,186,,
Sutter,St Isidore 10,State Senate,4,Dem,Philip Kim,150,,
Sutter,Sutter HS 11,State Senate,4,Dem,Philip Kim,130,,
Sutter,Sutter HS 12,State Senate,4,Dem,Philip Kim,124,,
Sutter,Franklin 13,State Senate,4,Dem,Philip Kim,55,,
Sutter,Meridian 14,State Senate,4,Dem,Philip Kim,33,,
Sutter,1st United 15,State Senate,4,Dem,Philip Kim,389,,
Sutter,1st United 16,State Senate,4,Dem,Philip Kim,245,,
Sutter,Veterans 17,State Senate,4,Dem,Philip Kim,147,,
Sutter,Veterans 18,State Senate,4,Dem,Philip Kim,175,,
Sutter,Veterans 19,State Senate,4,Dem,Philip Kim,219,,
Sutter,Veterans 20,State Senate,4,Dem,Philip Kim,325,,
Sutter,St Andrew 21,State Senate,4,Dem,Philip Kim,442,,
Sutter,St Andrew 22,State Senate,4,Dem,Philip Kim,436,,
Sutter,AK School 23,State Senate,4,Dem,Philip Kim,460,,
Sutter,AK School 24,State Senate,4,Dem,Philip Kim,654,,
Sutter,St James 25,State Senate,4,Dem,Philip Kim,173,,
Sutter,Walnut 26,State Senate,4,Dem,Philip Kim,177,,
Sutter,Walnut 27,State Senate,4,Dem,Philip Kim,147,,
Sutter,NV Calvary 28,State Senate,4,Dem,Philip Kim,440,,
Sutter,NV Calvary 29,State Senate,4,Dem,Philip Kim,353,,
Sutter,Riverbend 30,State Senate,4,Dem,Philip Kim,344,,
Sutter,1st Reform 31,State Senate,4,Dem,Philip Kim,47,,
Sutter,P Grove 32,State Senate,4,Dem,Philip Kim,48,,
Sutter,E Nicolaus 33,State Senate,4,Dem,Philip Kim,111,,
Sutter,34,State Senate,4,Dem,Philip Kim,138,,
Sutter,35,State Senate,4,Dem,Philip Kim,82,,
Sutter,36,State Senate,4,Dem,Philip Kim,33,,
Sutter,37,State Senate,4,Dem,Philip Kim,186,,
Sutter,38,State Senate,4,Dem,Philip Kim,96,,
Sutter,39,State Senate,4,Dem,Philip Kim,32,,
Sutter,40,State Senate,4,Dem,Philip Kim,188,,
Sutter,41,State Senate,4,Dem,Philip Kim,239,,
Sutter,42,State Senate,4,Dem,Philip Kim,158,,
Sutter,43,State Senate,4,Dem,Philip Kim,166,,
Sutter,44,State Senate,4,Dem,Philip Kim,276,,
Sutter,45,State Senate,4,Dem,Philip Kim,76,,
Sutter,46,State Senate,4,Dem,Philip Kim,11,,
Sutter,47,State Senate,4,Dem,Philip Kim,10,,
Sutter,48,State Senate,4,Dem,Philip Kim,94,,
Sutter,49,State Senate,4,Dem,Philip Kim,85,,
Sutter,50,State Senate,4,Dem,Philip Kim,35,,
Sutter,LO Comm 01 ,State Senate,4,Rep,James Nielsen,424,,
Sutter,LO Comm 02 ,State Senate,4,Rep,James Nielsen,563,,
Sutter,Dell Wayne 03,State Senate,4,Rep,James Nielsen,357,,
Sutter,United Pent 04,State Senate,4,Rep,James Nielsen,946,,
Sutter,United Pent 05,State Senate,4,Rep,James Nielsen,555,,
Sutter,7th Day 06,State Senate,4,Rep,James Nielsen,131,,
Sutter,Sutter Estates 07,State Senate,4,Rep,James Nielsen,149,,
Sutter,YS Fair 08,State Senate,4,Rep,James Nielsen,162,,
Sutter,YS Fair 09,State Senate,4,Rep,James Nielsen,284,,
Sutter,St Isidore 10,State Senate,4,Rep,James Nielsen,309,,
Sutter,Sutter HS 11,State Senate,4,Rep,James Nielsen,704,,
Sutter,Sutter HS 12,State Senate,4,Rep,James Nielsen,619,,
Sutter,Franklin 13,State Senate,4,Rep,James Nielsen,255,,
Sutter,Meridian 14,State Senate,4,Rep,James Nielsen,203,,
Sutter,1st United 15,State Senate,4,Rep,James Nielsen,517,,
Sutter,1st United 16,State Senate,4,Rep,James Nielsen,690,,
Sutter,Veterans 17,State Senate,4,Rep,James Nielsen,326,,
Sutter,Veterans 18,State Senate,4,Rep,James Nielsen,494,,
Sutter,Veterans 19,State Senate,4,Rep,James Nielsen,586,,
Sutter,Veterans 20,State Senate,4,Rep,James Nielsen,558,,
Sutter,St Andrew 21,State Senate,4,Rep,James Nielsen,431,,
Sutter,St Andrew 22,State Senate,4,Rep,James Nielsen,530,,
Sutter,AK School 23,State Senate,4,Rep,James Nielsen,587,,
Sutter,AK School 24,State Senate,4,Rep,James Nielsen,607,,
Sutter,St James 25,State Senate,4,Rep,James Nielsen,260,,
Sutter,Walnut 26,State Senate,4,Rep,James Nielsen,525,,
Sutter,Walnut 27,State Senate,4,Rep,James Nielsen,503,,
Sutter,NV Calvary 28,State Senate,4,Rep,James Nielsen,638,,
Sutter,NV Calvary 29,State Senate,4,Rep,James Nielsen,481,,
Sutter,Riverbend 30,State Senate,4,Rep,James Nielsen,425,,
Sutter,1st Reform 31,State Senate,4,Rep,James Nielsen,156,,
Sutter,P Grove 32,State Senate,4,Rep,James Nielsen,328,,
Sutter,E Nicolaus 33,State Senate,4,Rep,James Nielsen,527,,
Sutter,34,State Senate,4,Rep,James Nielsen,462,,
Sutter,35,State Senate,4,Rep,James Nielsen,330,,
Sutter,36,State Senate,4,Rep,James Nielsen,94,,
Sutter,37,State Senate,4,Rep,James Nielsen,473,,
Sutter,38,State Senate,4,Rep,James Nielsen,254,,
Sutter,39,State Senate,4,Rep,James Nielsen,123,,
Sutter,40,State Senate,4,Rep,James Nielsen,272,,
Sutter,41,State Senate,4,Rep,James Nielsen,333,,
Sutter,42,State Senate,4,Rep,James Nielsen,297,,
Sutter,43,State Senate,4,Rep,James Nielsen,217,,
Sutter,44,State Senate,4,Rep,James Nielsen,399,,
Sutter,45,State Senate,4,Rep,James Nielsen,221,,
Sutter,46,State Senate,4,Rep,James Nielsen,60,,
Sutter,47,State Senate,4,Rep,James Nielsen,45,,
Sutter,48,State Senate,4,Rep,James Nielsen,183,,
Sutter,49,State Senate,4,Rep,James Nielsen,313,,
Sutter,50,State Senate,4,Rep,James Nielsen,39,,
Sutter,LO Comm 01 ,Assembly,3,Dem,Sonia Aery,445,,
Sutter,LO Comm 02 ,Assembly,3,Dem,Sonia Aery,502,,
Sutter,Dell Wayne 03,Assembly,3,Dem,Sonia Aery,211,,
Sutter,United Pent 04,Assembly,3,Dem,Sonia Aery,441,,
Sutter,United Pent 05,Assembly,3,Dem,Sonia Aery,304,,
Sutter,7th Day 06,Assembly,3,Dem,Sonia Aery,77,,
Sutter,Sutter Estates 07,Assembly,3,Dem,Sonia Aery,127,,
Sutter,YS Fair 08,Assembly,3,Dem,Sonia Aery,174,,
Sutter,YS Fair 09,Assembly,3,Dem,Sonia Aery,176,,
Sutter,St Isidore 10,Assembly,3,Dem,Sonia Aery,135,,
Sutter,Sutter HS 11,Assembly,3,Dem,Sonia Aery,123,,
Sutter,Sutter HS 12,Assembly,3,Dem,Sonia Aery,112,,
Sutter,Franklin 13,Assembly,3,Dem,Sonia Aery,47,,
Sutter,Meridian 14,Assembly,3,Dem,Sonia Aery,32,,
Sutter,1st United 15,Assembly,3,Dem,Sonia Aery,375,,
Sutter,1st United 16,Assembly,3,Dem,Sonia Aery,234,,
Sutter,Veterans 17,Assembly,3,Dem,Sonia Aery,139,,
Sutter,Veterans 18,Assembly,3,Dem,Sonia Aery,169,,
Sutter,Veterans 19,Assembly,3,Dem,Sonia Aery,217,,
Sutter,Veterans 20,Assembly,3,Dem,Sonia Aery,321,,
Sutter,St Andrew 21,Assembly,3,Dem,Sonia Aery,493,,
Sutter,St Andrew 22,Assembly,3,Dem,Sonia Aery,460,,
Sutter,AK School 23,Assembly,3,Dem,Sonia Aery,466,,
Sutter,AK School 24,Assembly,3,Dem,Sonia Aery,651,,
Sutter,St James 25,Assembly,3,Dem,Sonia Aery,191,,
Sutter,Walnut 26,Assembly,3,Dem,Sonia Aery,161,,
Sutter,Walnut 27,Assembly,3,Dem,Sonia Aery,138,,
Sutter,NV Calvary 28,Assembly,3,Dem,Sonia Aery,424,,
Sutter,NV Calvary 29,Assembly,3,Dem,Sonia Aery,354,,
Sutter,Riverbend 30,Assembly,3,Dem,Sonia Aery,353,,
Sutter,1st Reform 31,Assembly,3,Dem,Sonia Aery,51,,
Sutter,P Grove 32,Assembly,3,Dem,Sonia Aery,49,,
Sutter,E Nicolaus 33,Assembly,3,Dem,Sonia Aery,101,,
Sutter,34,Assembly,3,Dem,Sonia Aery,124,,
Sutter,35,Assembly,3,Dem,Sonia Aery,85,,
Sutter,36,Assembly,3,Dem,Sonia Aery,35,,
Sutter,37,Assembly,3,Dem,Sonia Aery,168,,
Sutter,38,Assembly,3,Dem,Sonia Aery,96,,
Sutter,39,Assembly,3,Dem,Sonia Aery,26,,
Sutter,40,Assembly,3,Dem,Sonia Aery,185,,
Sutter,41,Assembly,3,Dem,Sonia Aery,226,,
Sutter,42,Assembly,3,Dem,Sonia Aery,144,,
Sutter,43,Assembly,3,Dem,Sonia Aery,161,,
Sutter,44,Assembly,3,Dem,Sonia Aery,302,,
Sutter,45,Assembly,3,Dem,Sonia Aery,68,,
Sutter,46,Assembly,3,Dem,Sonia Aery,10,,
Sutter,47,Assembly,3,Dem,Sonia Aery,9,,
Sutter,48,Assembly,3,Dem,Sonia Aery,89,,
Sutter,49,Assembly,3,Dem,Sonia Aery,77,,
Sutter,50,Assembly,3,Dem,Sonia Aery,33,,
Sutter,LO Comm 01 ,Assembly,3,Rep,James Gallagher,421,,
Sutter,LO Comm 02 ,Assembly,3,Rep,James Gallagher,562,,
Sutter,Dell Wayne 03,Assembly,3,Rep,James Gallagher,372,,
Sutter,United Pent 04,Assembly,3,Rep,James Gallagher,1004,,
Sutter,United Pent 05,Assembly,3,Rep,James Gallagher,565,,
Sutter,7th Day 06,Assembly,3,Rep,James Gallagher,131,,
Sutter,Sutter Estates 07,Assembly,3,Rep,James Gallagher,161,,
Sutter,YS Fair 08,Assembly,3,Rep,James Gallagher,163,,
Sutter,YS Fair 09,Assembly,3,Rep,James Gallagher,296,,
Sutter,St Isidore 10,Assembly,3,Rep,James Gallagher,327,,
Sutter,Sutter HS 11,Assembly,3,Rep,James Gallagher,721,,
Sutter,Sutter HS 12,Assembly,3,Rep,James Gallagher,635,,
Sutter,Franklin 13,Assembly,3,Rep,James Gallagher,269,,
Sutter,Meridian 14,Assembly,3,Rep,James Gallagher,207,,
Sutter,1st United 15,Assembly,3,Rep,James Gallagher,551,,
Sutter,1st United 16,Assembly,3,Rep,James Gallagher,717,,
Sutter,Veterans 17,Assembly,3,Rep,James Gallagher,337,,
Sutter,Veterans 18,Assembly,3,Rep,James Gallagher,508,,
Sutter,Veterans 19,Assembly,3,Rep,James Gallagher,597,,
Sutter,Veterans 20,Assembly,3,Rep,James Gallagher,577,,
Sutter,St Andrew 21,Assembly,3,Rep,James Gallagher,452,,
Sutter,St Andrew 22,Assembly,3,Rep,James Gallagher,562,,
Sutter,AK School 23,Assembly,3,Rep,James Gallagher,620,,
Sutter,AK School 24,Assembly,3,Rep,James Gallagher,659,,
Sutter,St James 25,Assembly,3,Rep,James Gallagher,264,,
Sutter,Walnut 26,Assembly,3,Rep,James Gallagher,558,,
Sutter,Walnut 27,Assembly,3,Rep,James Gallagher,520,,
Sutter,NV Calvary 28,Assembly,3,Rep,James Gallagher,675,,
Sutter,NV Calvary 29,Assembly,3,Rep,James Gallagher,486,,
Sutter,Riverbend 30,Assembly,3,Rep,James Gallagher,437,,
Sutter,1st Reform 31,Assembly,3,Rep,James Gallagher,154,,
Sutter,P Grove 32,Assembly,3,Rep,James Gallagher,336,,
Sutter,E Nicolaus 33,Assembly,3,Rep,James Gallagher,556,,
Sutter,34,Assembly,3,Rep,James Gallagher,481,,
Sutter,35,Assembly,3,Rep,James Gallagher,333,,
Sutter,36,Assembly,3,Rep,James Gallagher,94,,
Sutter,37,Assembly,3,Rep,James Gallagher,505,,
Sutter,38,Assembly,3,Rep,James Gallagher,260,,
Sutter,39,Assembly,3,Rep,James Gallagher,129,,
Sutter,40,Assembly,3,Rep,James Gallagher,277,,
Sutter,41,Assembly,3,Rep,James Gallagher,353,,
Sutter,42,Assembly,3,Rep,James Gallagher,316,,
Sutter,43,Assembly,3,Rep,James Gallagher,224,,
Sutter,44,Assembly,3,Rep,James Gallagher,389,,
Sutter,45,Assembly,3,Rep,James Gallagher,234,,
Sutter,46,Assembly,3,Rep,James Gallagher,61,,
Sutter,47,Assembly,3,Rep,James Gallagher,47,,
Sutter,48,Assembly,3,Rep,James Gallagher,194,,
Sutter,49,Assembly,3,Rep,James Gallagher,321,,
Sutter,50,Assembly,3,Rep,James Gallagher,44,,