candidate,office,district,party,county,precinct,votes
,Registered Voters,,,Tehama,10030,1530
,Ballots Cast,,,Tehama,10030,1089
John H Cox,Governor,,REP,Tehama,10030,855
Gavin Newsom,Governor,,DEM,Tehama,10030,219
Ed Hernandez,Lieutenant Governor,,DEM,Tehama,10030,349
Eleni Kounalakis,Lieutenant Governor,,DEM,Tehama,10030,317
Alex Padilla ,Secretary of State,,DEM,Tehama,10030,254
Mark P Meuser,Secretary of State,,REP,Tehama,10030,814
Konstantinos Roditis ,Controller,,REP,Tehama,10030,778
Betty T Yee,Controller,,DEM,Tehama,10030,282
Greg Conlon,Treasurer,,REP,Tehama,10030,800
Fiona MA ,Treasurer,,DEM,Tehama,10030,256
Steven C Bailey,Attorney General,,REP,Tehama,10030,826
Xavier Becerra,Attorney General,,DEM,Tehama,10030,238
Ricargo Lara,Insurance Commissioner,,DEM,Tehama,10030,189
Steve Poizner ,Insurance Commissioner,,NPP,Tehama,10030,773
Dianne Feinstein,US Senate ,,DEM,Tehama,10030,229
Kevin De Leon,US Senate ,,DEM,Tehama,10030,575
Doug La Malfa ,US House,1,REP,Tehama,10030,794
Audrey Denney,US House,1,DEM,Tehama,10030,276
James Nielsen,State Senate,4,REP,Tehama,10030,814
Phillip Kim,State Senate,4,DEM,Tehama,10030,235
James Gallagher,State Assembly,3,REP,Tehama,10030,820
Sonia Aery,State Assembly,3,DEM,Tehama,10030,237
,Registered Voters,,,Tehama,10050,1583
,Ballots Cast,,,Tehama,10050,1054
John H Cox,Governor,,REP,Tehama,10050,831
Gavin Newsom,Governor,,DEM,Tehama,10050,214
Ed Hernandez,Lieutenant Governor,,DEM,Tehama,10050,339
Eleni Kounalakis,Lieutenant Governor,,DEM,Tehama,10050,329
Alex Padilla ,Secretary of State,,DEM,Tehama,10050,251
Mark P Meuser,Secretary of State,,REP,Tehama,10050,780
Konstantinos Roditis ,Controller,,REP,Tehama,10050,763
Betty T Yee,Controller,,DEM,Tehama,10050,272
Greg Conlon,Treasurer,,REP,Tehama,10050,769
Fiona MA ,Treasurer,,DEM,Tehama,10050,265
Steven C Bailey,Attorney General,,REP,Tehama,10050,792
Xavier Becerra,Attorney General,,DEM,Tehama,10050,239
Ricargo Lara,Insurance Commissioner,,DEM,Tehama,10050,212
Steve Poizner ,Insurance Commissioner,,NPP,Tehama,10050,743
Dianne Feinstein,US Senate ,,DEM,Tehama,10050,235
Kevin De Leon,US Senate ,,DEM,Tehama,10050,543
Doug La Malfa ,US House,1,REP,Tehama,10050,770
Audrey Denney,US House,1,DEM,Tehama,10050,273
James Nielsen,State Senate,4,REP,Tehama,10050,804
Phillip Kim,State Senate,4,DEM,Tehama,10050,224
James Gallagher,State Assembly,3,REP,Tehama,10050,799
Sonia Aery,State Assembly,3,DEM,Tehama,10050,230
,Registered Voters,,,Tehama,10130,1629
,Ballots Cast,,,Tehama,10130,1233
John H Cox,Governor,,REP,Tehama,10130,947
Gavin Newsom,Governor,,DEM,Tehama,10130,275
Ed Hernandez,Lieutenant Governor,,DEM,Tehama,10130,358
Eleni Kounalakis,Lieutenant Governor,,DEM,Tehama,10130,384
Alex Padilla ,Secretary of State,,DEM,Tehama,10130,330
Mark P Meuser,Secretary of State,,REP,Tehama,10130,870
Konstantinos Roditis ,Controller,,REP,Tehama,10130,864
Betty T Yee,Controller,,DEM,Tehama,10130,334
Greg Conlon,Treasurer,,REP,Tehama,10130,890
Fiona MA ,Treasurer,,DEM,Tehama,10130,313
Steven C Bailey,Attorney General,,REP,Tehama,10130,904
Xavier Becerra,Attorney General,,DEM,Tehama,10130,297
Ricargo Lara,Insurance Commissioner,,DEM,Tehama,10130,248
Steve Poizner ,Insurance Commissioner,,NPP,Tehama,10130,840
Dianne Feinstein,US Senate ,,DEM,Tehama,10130,315
Kevin De Leon,US Senate ,,DEM,Tehama,10130,606
Doug La Malfa ,US House,1,REP,Tehama,10130,874
Audrey Denney,US House,1,DEM,Tehama,10130,343
James Nielsen,State Senate,4,REP,Tehama,10130,919
Phillip Kim,State Senate,4,DEM,Tehama,10130,287
James Gallagher,State Assembly,3,REP,Tehama,10130,928
Sonia Aery,State Assembly,3,DEM,Tehama,10130,273
,Registered Voters,,,Tehama,12060,1277
,Ballots Cast,,,Tehama,12060,701
John H Cox,Governor,,REP,Tehama,12060,422
Gavin Newsom,Governor,,DEM,Tehama,12060,269
Ed Hernandez,Lieutenant Governor,,DEM,Tehama,12060,264
Eleni Kounalakis,Lieutenant Governor,,DEM,Tehama,12060,282
Alex Padilla ,Secretary of State,,DEM,Tehama,12060,298
Mark P Meuser,Secretary of State,,REP,Tehama,12060,385
Konstantinos Roditis ,Controller,,REP,Tehama,12060,361
Betty T Yee,Controller,,DEM,Tehama,12060,321
Greg Conlon,Treasurer,,REP,Tehama,12060,385
Fiona MA ,Treasurer,,DEM,Tehama,12060,298
Steven C Bailey,Attorney General,,REP,Tehama,12060,402
Xavier Becerra,Attorney General,,DEM,Tehama,12060,282
Ricargo Lara,Insurance Commissioner,,DEM,Tehama,12060,247
Steve Poizner ,Insurance Commissioner,,NPP,Tehama,12060,403
Dianne Feinstein,US Senate ,,DEM,Tehama,12060,178
Kevin De Leon,US Senate ,,DEM,Tehama,12060,415
Doug La Malfa ,US House,1,REP,Tehama,12060,360
Audrey Denney,US House,1,DEM,Tehama,12060,337
James Nielsen,State Senate,4,REP,Tehama,12060,414
Phillip Kim,State Senate,4,DEM,Tehama,12060,274
James Gallagher,State Assembly,3,REP,Tehama,12060,401
Sonia Aery,State Assembly,3,DEM,Tehama,12060,284
,Registered Voters,,,Tehama,12080,971
,Ballots Cast,,,Tehama,12080,645
John H Cox,Governor,,REP,Tehama,12080,428
Gavin Newsom,Governor,,DEM,Tehama,12080,211
Ed Hernandez,Lieutenant Governor,,DEM,Tehama,12080,210
Eleni Kounalakis,Lieutenant Governor,,DEM,Tehama,12080,244
Alex Padilla ,Secretary of State,,DEM,Tehama,12080,229
Mark P Meuser,Secretary of State,,REP,Tehama,12080,400
Konstantinos Roditis ,Controller,,REP,Tehama,12080,376
Betty T Yee,Controller,,DEM,Tehama,12080,249
Greg Conlon,Treasurer,,REP,Tehama,12080,397
Fiona MA ,Treasurer,,DEM,Tehama,12080,228
Steven C Bailey,Attorney General,,REP,Tehama,12080,410
Xavier Becerra,Attorney General,,DEM,Tehama,12080,218
Ricargo Lara,Insurance Commissioner,,DEM,Tehama,12080,183
Steve Poizner ,Insurance Commissioner,,NPP,Tehama,12080,407
Dianne Feinstein,US Senate ,,DEM,Tehama,12080,197
Kevin De Leon,US Senate ,,DEM,Tehama,12080,320
Doug La Malfa ,US House,1,REP,Tehama,12080,386
Audrey Denney,US House,1,DEM,Tehama,12080,251
James Nielsen,State Senate,4,REP,Tehama,12080,421
Phillip Kim,State Senate,4,DEM,Tehama,12080,202
James Gallagher,State Assembly,3,REP,Tehama,12080,414
Sonia Aery,State Assembly,3,DEM,Tehama,12080,211
,Registered Voters,,,Tehama,12210,589
,Ballots Cast,,,Tehama,12210,330
John H Cox,Governor,,REP,Tehama,12210,200
Gavin Newsom,Governor,,DEM,Tehama,12210,122
Ed Hernandez,Lieutenant Governor,,DEM,Tehama,12210,119
Eleni Kounalakis,Lieutenant Governor,,DEM,Tehama,12210,132
Alex Padilla ,Secretary of State,,DEM,Tehama,12210,42
Mark P Meuser,Secretary of State,,REP,Tehama,12210,177
Konstantinos Roditis ,Controller,,REP,Tehama,12210,179
Betty T Yee,Controller,,DEM,Tehama,12210,139
Greg Conlon,Treasurer,,REP,Tehama,12210,177
Fiona MA ,Treasurer,,DEM,Tehama,12210,142
Steven C Bailey,Attorney General,,REP,Tehama,12210,194
Xavier Becerra,Attorney General,,DEM,Tehama,12210,126
Ricargo Lara,Insurance Commissioner,,DEM,Tehama,12210,111
Steve Poizner ,Insurance Commissioner,,NPP,Tehama,12210,192
Dianne Feinstein,US Senate ,,DEM,Tehama,12210,90
Kevin De Leon,US Senate ,,DEM,Tehama,12210,179
Doug La Malfa ,US House,1,REP,Tehama,12210,181
Audrey Denney,US House,1,DEM,Tehama,12210,146
James Nielsen,State Senate,4,REP,Tehama,12210,193
Phillip Kim,State Senate,4,DEM,Tehama,12210,131
James Gallagher,State Assembly,3,REP,Tehama,12210,188
Sonia Aery,State Assembly,3,DEM,Tehama,12210,134
,Registered Voters,,,Tehama,20140,1105
,Ballots Cast,,,Tehama,20140,774
John H Cox,Governor,,REP,Tehama,20140,606
Gavin Newsom,Governor,,DEM,Tehama,20140,157
Ed Hernandez,Lieutenant Governor,,DEM,Tehama,20140,233
Eleni Kounalakis,Lieutenant Governor,,DEM,Tehama,20140,268
Alex Padilla ,Secretary of State,,DEM,Tehama,20140,187
Mark P Meuser,Secretary of State,,REP,Tehama,20140,574
Konstantinos Roditis ,Controller,,REP,Tehama,20140,545
Betty T Yee,Controller,,DEM,Tehama,20140,217
Greg Conlon,Treasurer,,REP,Tehama,20140,560
Fiona MA ,Treasurer,,DEM,Tehama,20140,190
Steven C Bailey,Attorney General,,REP,Tehama,20140,588
Xavier Becerra,Attorney General,,DEM,Tehama,20140,173
Ricargo Lara,Insurance Commissioner,,DEM,Tehama,20140,145
Steve Poizner ,Insurance Commissioner,,NPP,Tehama,20140,557
Dianne Feinstein,US Senate ,,DEM,Tehama,20140,184
Kevin De Leon,US Senate ,,DEM,Tehama,20140,408
Doug La Malfa ,US House,1,REP,Tehama,20140,553
Audrey Denney,US House,1,DEM,Tehama,20140,208
James Nielsen,State Senate,4,REP,Tehama,20140,594
Phillip Kim,State Senate,4,DEM,Tehama,20140,166
James Gallagher,State Assembly,3,REP,Tehama,20140,596
Sonia Aery,State Assembly,3,DEM,Tehama,20140,168
,Registered Voters,,,Tehama,20160,305
,Ballots Cast,,,Tehama,20160,188
John H Cox,Governor,,REP,Tehama,20160,139
Gavin Newsom,Governor,,DEM,Tehama,20160,47
Ed Hernandez,Lieutenant Governor,,DEM,Tehama,20160,74
Eleni Kounalakis,Lieutenant Governor,,DEM,Tehama,20160,70
Alex Padilla ,Secretary of State,,DEM,Tehama,20160,51
Mark P Meuser,Secretary of State,,REP,Tehama,20160,131
Konstantinos Roditis ,Controller,,REP,Tehama,20160,126
Betty T Yee,Controller,,DEM,Tehama,20160,54
Greg Conlon,Treasurer,,REP,Tehama,20160,130
Fiona MA ,Treasurer,,DEM,Tehama,20160,49
Steven C Bailey,Attorney General,,REP,Tehama,20160,134
Xavier Becerra,Attorney General,,DEM,Tehama,20160,48
Ricargo Lara,Insurance Commissioner,,DEM,Tehama,20160,42
Steve Poizner ,Insurance Commissioner,,NPP,Tehama,20160,132
Dianne Feinstein,US Senate ,,DEM,Tehama,20160,44
Kevin De Leon,US Senate ,,DEM,Tehama,20160,106
Doug La Malfa ,US House,1,REP,Tehama,20160,129
Audrey Denney,US House,1,DEM,Tehama,20160,56
James Nielsen,State Senate,4,REP,Tehama,20160,141
Phillip Kim,State Senate,4,DEM,Tehama,20160,43
James Gallagher,State Assembly,3,REP,Tehama,20160,
Sonia Aery,State Assembly,3,DEM,Tehama,20160,
,Registered Voters,,,Tehama,20170,513
,Ballots Cast,,,Tehama,20170,314
John H Cox,Governor,,REP,Tehama,20170,232
Gavin Newsom,Governor,,DEM,Tehama,20170,78
Ed Hernandez,Lieutenant Governor,,DEM,Tehama,20170,114
Eleni Kounalakis,Lieutenant Governor,,DEM,Tehama,20170,112
Alex Padilla ,Secretary of State,,DEM,Tehama,20170,83
Mark P Meuser,Secretary of State,,REP,Tehama,20170,216
Konstantinos Roditis ,Controller,,REP,Tehama,20170,203
Betty T Yee,Controller,,DEM,Tehama,20170,97
Greg Conlon,Treasurer,,REP,Tehama,20170,210
Fiona MA ,Treasurer,,DEM,Tehama,20170,89
Steven C Bailey,Attorney General,,REP,Tehama,20170,216
Xavier Becerra,Attorney General,,DEM,Tehama,20170,85
Ricargo Lara,Insurance Commissioner,,DEM,Tehama,20170,77
Steve Poizner ,Insurance Commissioner,,NPP,Tehama,20170,215
Dianne Feinstein,US Senate ,,DEM,Tehama,20170,73
Kevin De Leon,US Senate ,,DEM,Tehama,20170,195
Doug La Malfa ,US House,1,REP,Tehama,20170,215
Audrey Denney,US House,1,DEM,Tehama,20170,95
James Nielsen,State Senate,4,REP,Tehama,20170,223
Phillip Kim,State Senate,4,DEM,Tehama,20170,85
James Gallagher,State Assembly,3,REP,Tehama,20170,225
Sonia Aery,State Assembly,3,DEM,Tehama,20170,82
,Registered Voters,,,Tehama,20250,696
,Ballots Cast,,,Tehama,20250,532
John H Cox,Governor,,REP,Tehama,20250,424
Gavin Newsom,Governor,,DEM,Tehama,20250,100
Ed Hernandez,Lieutenant Governor,,DEM,Tehama,20250,178
Eleni Kounalakis,Lieutenant Governor,,DEM,Tehama,20250,168
Alex Padilla ,Secretary of State,,DEM,Tehama,20250,108
Mark P Meuser,Secretary of State,,REP,Tehama,20250,412
Konstantinos Roditis ,Controller,,REP,Tehama,20250,388
Betty T Yee,Controller,,DEM,Tehama,20250,130
Greg Conlon,Treasurer,,REP,Tehama,20250,404
Fiona MA ,Treasurer,,DEM,Tehama,20250,114
Steven C Bailey,Attorney General,,REP,Tehama,20250,415
Xavier Becerra,Attorney General,,DEM,Tehama,20250,105
Ricargo Lara,Insurance Commissioner,,DEM,Tehama,20250,98
Steve Poizner ,Insurance Commissioner,,NPP,Tehama,20250,381
Dianne Feinstein,US Senate ,,DEM,Tehama,20250,120
Kevin De Leon,US Senate ,,DEM,Tehama,20250,287
Doug La Malfa ,US House,1,REP,Tehama,20250,407
Audrey Denney,US House,1,DEM,Tehama,20250,119
James Nielsen,State Senate,4,REP,Tehama,20250,431
Phillip Kim,State Senate,4,DEM,Tehama,20250,91
James Gallagher,State Assembly,3,REP,Tehama,20250,428
Sonia Aery,State Assembly,3,DEM,Tehama,20250,95
,Registered Voters,,,Tehama,20255,550
,Ballots Cast,,,Tehama,20255,397
John H Cox,Governor,,REP,Tehama,20255,309
Gavin Newsom,Governor,,DEM,Tehama,20255,85
Ed Hernandez,Lieutenant Governor,,DEM,Tehama,20255,140
Eleni Kounalakis,Lieutenant Governor,,DEM,Tehama,20255,103
Alex Padilla ,Secretary of State,,DEM,Tehama,20255,96
Mark P Meuser,Secretary of State,,REP,Tehama,20255,294
Konstantinos Roditis ,Controller,,REP,Tehama,20255,287
Betty T Yee,Controller,,DEM,Tehama,20255,102
Greg Conlon,Treasurer,,REP,Tehama,20255,296
Fiona MA ,Treasurer,,DEM,Tehama,20255,88
Steven C Bailey,Attorney General,,REP,Tehama,20255,299
Xavier Becerra,Attorney General,,DEM,Tehama,20255,87
Ricargo Lara,Insurance Commissioner,,DEM,Tehama,20255,78
Steve Poizner ,Insurance Commissioner,,NPP,Tehama,20255,277
Dianne Feinstein,US Senate ,,DEM,Tehama,20255,92
Kevin De Leon,US Senate ,,DEM,Tehama,20255,211
Doug La Malfa ,US House,1,REP,Tehama,20255,293
Audrey Denney,US House,1,DEM,Tehama,20255,99
James Nielsen,State Senate,4,REP,Tehama,20255,310
Phillip Kim,State Senate,4,DEM,Tehama,20255,81
James Gallagher,State Assembly,3,REP,Tehama,20255,309
Sonia Aery,State Assembly,3,DEM,Tehama,20255,79
,Registered Voters,,,Tehama,22190,1261
,Ballots Cast,,,Tehama,22190,605
John H Cox,Governor,,REP,Tehama,22190,365
Gavin Newsom,Governor,,DEM,Tehama,22190,234
Ed Hernandez,Lieutenant Governor,,DEM,Tehama,22190,248
Eleni Kounalakis,Lieutenant Governor,,DEM,Tehama,22190,228
Alex Padilla ,Secretary of State,,DEM,Tehama,22190,267
Mark P Meuser,Secretary of State,,REP,Tehama,22190,322
Konstantinos Roditis ,Controller,,REP,Tehama,22190,320
Betty T Yee,Controller,,DEM,Tehama,22190,271
Greg Conlon,Treasurer,,REP,Tehama,22190,334
Fiona MA ,Treasurer,,DEM,Tehama,22190,260
Steven C Bailey,Attorney General,,REP,Tehama,22190,350
Xavier Becerra,Attorney General,,DEM,Tehama,22190,244
Ricargo Lara,Insurance Commissioner,,DEM,Tehama,22190,205
Steve Poizner ,Insurance Commissioner,,NPP,Tehama,22190,360
Dianne Feinstein,US Senate ,,DEM,Tehama,22190,181
Kevin De Leon,US Senate ,,DEM,Tehama,22190,343
Doug La Malfa ,US House,1,REP,Tehama,22190,333
Audrey Denney,US House,1,DEM,Tehama,22190,262
James Nielsen,State Senate,4,REP,Tehama,22190,351
Phillip Kim,State Senate,4,DEM,Tehama,22190,237
James Gallagher,State Assembly,3,REP,Tehama,22190,351
Sonia Aery,State Assembly,3,DEM,Tehama,22190,238
,Registered Voters,,,Tehama,22230,1296
,Ballots Cast,,,Tehama,22230,661
John H Cox,Governor,,REP,Tehama,22230,448
Gavin Newsom,Governor,,DEM,Tehama,22230,206
Ed Hernandez,Lieutenant Governor,,DEM,Tehama,22230,251
Eleni Kounalakis,Lieutenant Governor,,DEM,Tehama,22230,227
Alex Padilla ,Secretary of State,,DEM,Tehama,22230,247
Mark P Meuser,Secretary of State,,REP,Tehama,22230,397
Konstantinos Roditis ,Controller,,REP,Tehama,22230,387
Betty T Yee,Controller,,DEM,Tehama,22230,256
Greg Conlon,Treasurer,,REP,Tehama,22230,408
Fiona MA ,Treasurer,,DEM,Tehama,22230,233
Steven C Bailey,Attorney General,,REP,Tehama,22230,419
Xavier Becerra,Attorney General,,DEM,Tehama,22230,221
Ricargo Lara,Insurance Commissioner,,DEM,Tehama,22230,193
Steve Poizner ,Insurance Commissioner,,NPP,Tehama,22230,413
Dianne Feinstein,US Senate ,,DEM,Tehama,22230,176
Kevin De Leon,US Senate ,,DEM,Tehama,22230,353
Doug La Malfa ,US House,1,REP,Tehama,22230,396
Audrey Denney,US House,1,DEM,Tehama,22230,256
James Nielsen,State Senate,4,REP,Tehama,22230,432
Phillip Kim,State Senate,4,DEM,Tehama,22230,215
James Gallagher,State Assembly,3,REP,Tehama,22230,419
Sonia Aery,State Assembly,3,DEM,Tehama,22230,220
,Registered Voters,,,Tehama,22240,850
,Ballots Cast,,,Tehama,22240,494
John H Cox,Governor,,REP,Tehama,22240,332
Gavin Newsom,Governor,,DEM,Tehama,22240,152
Ed Hernandez,Lieutenant Governor,,DEM,Tehama,22240,195
Eleni Kounalakis,Lieutenant Governor,,DEM,Tehama,22240,174
Alex Padilla ,Secretary of State,,DEM,Tehama,22240,174
Mark P Meuser,Secretary of State,,REP,Tehama,22240,305
Konstantinos Roditis ,Controller,,REP,Tehama,22240,291
Betty T Yee,Controller,,DEM,Tehama,22240,185
Greg Conlon,Treasurer,,REP,Tehama,22240,292
Fiona MA ,Treasurer,,DEM,Tehama,22240,178
Steven C Bailey,Attorney General,,REP,Tehama,22240,311
Xavier Becerra,Attorney General,,DEM,Tehama,22240,165
Ricargo Lara,Insurance Commissioner,,DEM,Tehama,22240,136
Steve Poizner ,Insurance Commissioner,,NPP,Tehama,22240,311
Dianne Feinstein,US Senate ,,DEM,Tehama,22240,123
Kevin De Leon,US Senate ,,DEM,Tehama,22240,273
Doug La Malfa ,US House,1,REP,Tehama,22240,298
Audrey Denney,US House,1,DEM,Tehama,22240,188
James Nielsen,State Senate,4,REP,Tehama,22240,327
Phillip Kim,State Senate,4,DEM,Tehama,22240,150
James Gallagher,State Assembly,3,REP,Tehama,22240,317
Sonia Aery,State Assembly,3,DEM,Tehama,22240,160
,Registered Voters,,,Tehama,30010,543
,Ballots Cast,,,Tehama,30010,390
John H Cox,Governor,,REP,Tehama,30010,295
Gavin Newsom,Governor,,DEM,Tehama,30010,89
Ed Hernandez,Lieutenant Governor,,DEM,Tehama,30010,122
Eleni Kounalakis,Lieutenant Governor,,DEM,Tehama,30010,128
Alex Padilla ,Secretary of State,,DEM,Tehama,30010,108
Mark P Meuser,Secretary of State,,REP,Tehama,30010,268
Konstantinos Roditis ,Controller,,REP,Tehama,30010,269
Betty T Yee,Controller,,DEM,Tehama,30010,110
Greg Conlon,Treasurer,,REP,Tehama,30010,274
Fiona MA ,Treasurer,,DEM,Tehama,30010,103
Steven C Bailey,Attorney General,,REP,Tehama,30010,278
Xavier Becerra,Attorney General,,DEM,Tehama,30010,102
Ricargo Lara,Insurance Commissioner,,DEM,Tehama,30010,83
Steve Poizner ,Insurance Commissioner,,NPP,Tehama,30010,262
Dianne Feinstein,US Senate ,,DEM,Tehama,30010,86
Kevin De Leon,US Senate ,,DEM,Tehama,30010,214
Doug La Malfa ,US House,1,REP,Tehama,30010,270
Audrey Denney,US House,1,DEM,Tehama,30010,116
James Nielsen,State Senate,4,REP,Tehama,30010,288
Phillip Kim,State Senate,4,DEM,Tehama,30010,91
James Gallagher,State Assembly,3,REP,Tehama,30010,284
Sonia Aery,State Assembly,3,DEM,Tehama,30010,95
,Registered Voters,,,Tehama,30015,105
,Ballots Cast,,,Tehama,30015,85
John H Cox,Governor,,REP,Tehama,30015,62
Gavin Newsom,Governor,,DEM,Tehama,30015,23
Ed Hernandez,Lieutenant Governor,,DEM,Tehama,30015,24
Eleni Kounalakis,Lieutenant Governor,,DEM,Tehama,30015,29
Alex Padilla ,Secretary of State,,DEM,Tehama,30015,27
Mark P Meuser,Secretary of State,,REP,Tehama,30015,58
Konstantinos Roditis ,Controller,,REP,Tehama,30015,58
Betty T Yee,Controller,,DEM,Tehama,30015,27
Greg Conlon,Treasurer,,REP,Tehama,30015,58
Fiona MA ,Treasurer,,DEM,Tehama,30015,27
Steven C Bailey,Attorney General,,REP,Tehama,30015,58
Xavier Becerra,Attorney General,,DEM,Tehama,30015,25
Ricargo Lara,Insurance Commissioner,,DEM,Tehama,30015,20
Steve Poizner ,Insurance Commissioner,,NPP,Tehama,30015,58
Dianne Feinstein,US Senate ,,DEM,Tehama,30015,22
Kevin De Leon,US Senate ,,DEM,Tehama,30015,38
Doug La Malfa ,US House,1,REP,Tehama,30015,53
Audrey Denney,US House,1,DEM,Tehama,30015,32
James Nielsen,State Senate,4,REP,Tehama,30015,63
Phillip Kim,State Senate,4,DEM,Tehama,30015,21
James Gallagher,State Assembly,3,REP,Tehama,30015,61
Sonia Aery,State Assembly,3,DEM,Tehama,30015,23
,Registered Voters,,,Tehama,30120,1917
,Ballots Cast,,,Tehama,30120,1344
John H Cox,Governor,,REP,Tehama,30120,1009
Gavin Newsom,Governor,,DEM,Tehama,30120,321
Ed Hernandez,Lieutenant Governor,,DEM,Tehama,30120,386
Eleni Kounalakis,Lieutenant Governor,,DEM,Tehama,30120,496
Alex Padilla ,Secretary of State,,DEM,Tehama,30120,388
Mark P Meuser,Secretary of State,,REP,Tehama,30120,931
Konstantinos Roditis ,Controller,,REP,Tehama,30120,912
Betty T Yee,Controller,,DEM,Tehama,30120,402
Greg Conlon,Treasurer,,REP,Tehama,30120,924
Fiona MA ,Treasurer,,DEM,Tehama,30120,391
Steven C Bailey,Attorney General,,REP,Tehama,30120,953
Xavier Becerra,Attorney General,,DEM,Tehama,30120,367
Ricargo Lara,Insurance Commissioner,,DEM,Tehama,30120,297
Steve Poizner ,Insurance Commissioner,,NPP,Tehama,30120,926
Dianne Feinstein,US Senate ,,DEM,Tehama,30120,335
Kevin De Leon,US Senate ,,DEM,Tehama,30120,684
Doug La Malfa ,US House,1,REP,Tehama,30120,925
Audrey Denney,US House,1,DEM,Tehama,30120,404
James Nielsen,State Senate,4,REP,Tehama,30120,960
Phillip Kim,State Senate,4,DEM,Tehama,30120,354
James Gallagher,State Assembly,3,REP,Tehama,30120,961
Sonia Aery,State Assembly,3,DEM,Tehama,30120,352
,Registered Voters,,,Tehama,30260,1212
,Ballots Cast,,,Tehama,30260,773
John H Cox,Governor,,REP,Tehama,30260,542
Gavin Newsom,Governor,,DEM,Tehama,30260,223
Ed Hernandez,Lieutenant Governor,,DEM,Tehama,30260,230
Eleni Kounalakis,Lieutenant Governor,,DEM,Tehama,30260,309
Alex Padilla ,Secretary of State,,DEM,Tehama,30260,258
Mark P Meuser,Secretary of State,,REP,Tehama,30260,496
Konstantinos Roditis ,Controller,,REP,Tehama,30260,484
Betty T Yee,Controller,,DEM,Tehama,30260,269
Greg Conlon,Treasurer,,REP,Tehama,30260,501
Fiona MA ,Treasurer,,DEM,Tehama,30260,251
Steven C Bailey,Attorney General,,REP,Tehama,30260,509
Xavier Becerra,Attorney General,,DEM,Tehama,30260,243
Ricargo Lara,Insurance Commissioner,,DEM,Tehama,30260,200
Steve Poizner ,Insurance Commissioner,,NPP,Tehama,30260,500
Dianne Feinstein,US Senate ,,DEM,Tehama,30260,198
Kevin De Leon,US Senate ,,DEM,Tehama,30260,408
Doug La Malfa ,US House,1,REP,Tehama,30260,507
Audrey Denney,US House,1,DEM,Tehama,30260,260
James Nielsen,State Senate,4,REP,Tehama,30260,543
Phillip Kim,State Senate,4,DEM,Tehama,30260,215
James Gallagher,State Assembly,3,REP,Tehama,30260,536
Sonia Aery,State Assembly,3,DEM,Tehama,30260,217
,Registered Voters,,,Tehama,30270,734
,Ballots Cast,,,Tehama,30270,459
John H Cox,Governor,,REP,Tehama,30270,306
Gavin Newsom,Governor,,DEM,Tehama,30270,146
Ed Hernandez,Lieutenant Governor,,DEM,Tehama,30270,164
Eleni Kounalakis,Lieutenant Governor,,DEM,Tehama,30270,161
Alex Padilla ,Secretary of State,,DEM,Tehama,30270,164
Mark P Meuser,Secretary of State,,REP,Tehama,30270,284
Konstantinos Roditis ,Controller,,REP,Tehama,30270,265
Betty T Yee,Controller,,DEM,Tehama,30270,178
Greg Conlon,Treasurer,,REP,Tehama,30270,280
Fiona MA ,Treasurer,,DEM,Tehama,30270,164
Steven C Bailey,Attorney General,,REP,Tehama,30270,281
Xavier Becerra,Attorney General,,DEM,Tehama,30270,168
Ricargo Lara,Insurance Commissioner,,DEM,Tehama,30270,131
Steve Poizner ,Insurance Commissioner,,NPP,Tehama,30270,282
Dianne Feinstein,US Senate ,,DEM,Tehama,30270,159
Kevin De Leon,US Senate ,,DEM,Tehama,30270,215
Doug La Malfa ,US House,1,REP,Tehama,30270,273
Audrey Denney,US House,1,DEM,Tehama,30270,178
James Nielsen,State Senate,4,REP,Tehama,30270,296
Phillip Kim,State Senate,4,DEM,Tehama,30270,153
James Gallagher,State Assembly,3,REP,Tehama,30270,296
Sonia Aery,State Assembly,3,DEM,Tehama,30270,154
,Registered Voters,,,Tehama,30280,1064
,Ballots Cast,,,Tehama,30280,742
John H Cox,Governor,,REP,Tehama,30280,568
Gavin Newsom,Governor,,DEM,Tehama,30280,166
Ed Hernandez,Lieutenant Governor,,DEM,Tehama,30280,219
Eleni Kounalakis,Lieutenant Governor,,DEM,Tehama,30280,253
Alex Padilla ,Secretary of State,,DEM,Tehama,30280,215
Mark P Meuser,Secretary of State,,REP,Tehama,30280,515
Konstantinos Roditis ,Controller,,REP,Tehama,30280,501
Betty T Yee,Controller,,DEM,Tehama,30280,228
Greg Conlon,Treasurer,,REP,Tehama,30280,521
Fiona MA ,Treasurer,,DEM,Tehama,30280,208
Steven C Bailey,Attorney General,,REP,Tehama,30280,536
Xavier Becerra,Attorney General,,DEM,Tehama,30280,193
Ricargo Lara,Insurance Commissioner,,DEM,Tehama,30280,171
Steve Poizner ,Insurance Commissioner,,NPP,Tehama,30280,504
Dianne Feinstein,US Senate ,,DEM,Tehama,30280,176
Kevin De Leon,US Senate ,,DEM,Tehama,30280,380
Doug La Malfa ,US House,1,REP,Tehama,30280,517
Audrey Denney,US House,1,DEM,Tehama,30280,218
James Nielsen,State Senate,4,REP,Tehama,30280,556
Phillip Kim,State Senate,4,DEM,Tehama,30280,178
James Gallagher,State Assembly,3,REP,Tehama,30280,552
Sonia Aery,State Assembly,3,DEM,Tehama,30280,181
,Registered Voters,,,Tehama,30300,676
,Ballots Cast,,,Tehama,30300,459
John H Cox,Governor,,REP,Tehama,30300,333
Gavin Newsom,Governor,,DEM,Tehama,30300,120
Ed Hernandez,Lieutenant Governor,,DEM,Tehama,30300,138
Eleni Kounalakis,Lieutenant Governor,,DEM,Tehama,30300,174
Alex Padilla ,Secretary of State,,DEM,Tehama,30300,144
Mark P Meuser,Secretary of State,,REP,Tehama,30300,310
Konstantinos Roditis ,Controller,,REP,Tehama,30300,298
Betty T Yee,Controller,,DEM,Tehama,30300,153
Greg Conlon,Treasurer,,REP,Tehama,30300,305
Fiona MA ,Treasurer,,DEM,Tehama,30300,144
Steven C Bailey,Attorney General,,REP,Tehama,30300,311
Xavier Becerra,Attorney General,,DEM,Tehama,30300,140
Ricargo Lara,Insurance Commissioner,,DEM,Tehama,30300,110
Steve Poizner ,Insurance Commissioner,,NPP,Tehama,30300,304
Dianne Feinstein,US Senate ,,DEM,Tehama,30300,100
Kevin De Leon,US Senate ,,DEM,Tehama,30300,244
Doug La Malfa ,US House,1,REP,Tehama,30300,318
Audrey Denney,US House,1,DEM,Tehama,30300,138
James Nielsen,State Senate,4,REP,Tehama,30300,334
Phillip Kim,State Senate,4,DEM,Tehama,30300,119
James Gallagher,State Assembly,3,REP,Tehama,30300,328
Sonia Aery,State Assembly,3,DEM,Tehama,30300,126
,Registered Voters,,,Tehama,30320,199
,Ballots Cast,,,Tehama,30320,151
John H Cox,Governor,,REP,Tehama,30320,96
Gavin Newsom,Governor,,DEM,Tehama,30320,54
Ed Hernandez,Lieutenant Governor,,DEM,Tehama,30320,34
Eleni Kounalakis,Lieutenant Governor,,DEM,Tehama,30320,79
Alex Padilla ,Secretary of State,,DEM,Tehama,30320,59
Mark P Meuser,Secretary of State,,REP,Tehama,30320,91
Konstantinos Roditis ,Controller,,REP,Tehama,30320,84
Betty T Yee,Controller,,DEM,Tehama,30320,66
Greg Conlon,Treasurer,,REP,Tehama,30320,84
Fiona MA ,Treasurer,,DEM,Tehama,30320,66
Steven C Bailey,Attorney General,,REP,Tehama,30320,87
Xavier Becerra,Attorney General,,DEM,Tehama,30320,63
Ricargo Lara,Insurance Commissioner,,DEM,Tehama,30320,47
Steve Poizner ,Insurance Commissioner,,NPP,Tehama,30320,96
Dianne Feinstein,US Senate ,,DEM,Tehama,30320,47
Kevin De Leon,US Senate ,,DEM,Tehama,30320,76
Doug La Malfa ,US House,1,REP,Tehama,30320,85
Audrey Denney,US House,1,DEM,Tehama,30320,65
James Nielsen,State Senate,4,REP,Tehama,30320,90
Phillip Kim,State Senate,4,DEM,Tehama,30320,61
James Gallagher,State Assembly,3,REP,Tehama,30320,89
Sonia Aery,State Assembly,3,DEM,Tehama,30320,62
,Registered Voters,,,Tehama,30330,109
,Ballots Cast,,,Tehama,30330,84
John H Cox,Governor,,REP,Tehama,30330,48
Gavin Newsom,Governor,,DEM,Tehama,30330,35
Ed Hernandez,Lieutenant Governor,,DEM,Tehama,30330,12
Eleni Kounalakis,Lieutenant Governor,,DEM,Tehama,30330,43
Alex Padilla ,Secretary of State,,DEM,Tehama,30330,35
Mark P Meuser,Secretary of State,,REP,Tehama,30330,47
Konstantinos Roditis ,Controller,,REP,Tehama,30330,44
Betty T Yee,Controller,,DEM,Tehama,30330,38
Greg Conlon,Treasurer,,REP,Tehama,30330,48
Fiona MA ,Treasurer,,DEM,Tehama,30330,33
Steven C Bailey,Attorney General,,REP,Tehama,30330,50
Xavier Becerra,Attorney General,,DEM,Tehama,30330,32
Ricargo Lara,Insurance Commissioner,,DEM,Tehama,30330,27
Steve Poizner ,Insurance Commissioner,,NPP,Tehama,30330,50
Dianne Feinstein,US Senate ,,DEM,Tehama,30330,28
Kevin De Leon,US Senate ,,DEM,Tehama,30330,40
Doug La Malfa ,US House,1,REP,Tehama,30330,47
Audrey Denney,US House,1,DEM,Tehama,30330,37
James Nielsen,State Senate,4,REP,Tehama,30330,49
Phillip Kim,State Senate,4,DEM,Tehama,30330,34
James Gallagher,State Assembly,3,REP,Tehama,30330,48
Sonia Aery,State Assembly,3,DEM,Tehama,30330,35
,Registered Voters,,,Tehama,30340,210
,Ballots Cast,,,Tehama,30340,135
John H Cox,Governor,,REP,Tehama,30340,100
Gavin Newsom,Governor,,DEM,Tehama,30340,30
Ed Hernandez,Lieutenant Governor,,DEM,Tehama,30340,41
Eleni Kounalakis,Lieutenant Governor,,DEM,Tehama,30340,42
Alex Padilla ,Secretary of State,,DEM,Tehama,30340,35
Mark P Meuser,Secretary of State,,REP,Tehama,30340,94
Konstantinos Roditis ,Controller,,REP,Tehama,30340,84
Betty T Yee,Controller,,DEM,Tehama,30340,43
Greg Conlon,Treasurer,,REP,Tehama,30340,88
Fiona MA ,Treasurer,,DEM,Tehama,30340,40
Steven C Bailey,Attorney General,,REP,Tehama,30340,93
Xavier Becerra,Attorney General,,DEM,Tehama,30340,37
Ricargo Lara,Insurance Commissioner,,DEM,Tehama,30340,32
Steve Poizner ,Insurance Commissioner,,NPP,Tehama,30340,89
Dianne Feinstein,US Senate ,,DEM,Tehama,30340,31
Kevin De Leon,US Senate ,,DEM,Tehama,30340,61
Doug La Malfa ,US House,1,REP,Tehama,30340,88
Audrey Denney,US House,1,DEM,Tehama,30340,43
James Nielsen,State Senate,4,REP,Tehama,30340,93
Phillip Kim,State Senate,4,DEM,Tehama,30340,36
James Gallagher,State Assembly,3,REP,Tehama,30340,95
Sonia Aery,State Assembly,3,DEM,Tehama,30340,37
,Registered Voters,,,Tehama,32350,652
,Ballots Cast,,,Tehama,32350,323
John H Cox,Governor,,REP,Tehama,32350,210
Gavin Newsom,Governor,,DEM,Tehama,32350,111
Ed Hernandez,Lieutenant Governor,,DEM,Tehama,32350,116
Eleni Kounalakis,Lieutenant Governor,,DEM,Tehama,32350,135
Alex Padilla ,Secretary of State,,DEM,Tehama,32350,136
Mark P Meuser,Secretary of State,,REP,Tehama,32350,182
Konstantinos Roditis ,Controller,,REP,Tehama,32350,180
Betty T Yee,Controller,,DEM,Tehama,32350,137
Greg Conlon,Treasurer,,REP,Tehama,32350,184
Fiona MA ,Treasurer,,DEM,Tehama,32350,133
Steven C Bailey,Attorney General,,REP,Tehama,32350,189
Xavier Becerra,Attorney General,,DEM,Tehama,32350,129
Ricargo Lara,Insurance Commissioner,,DEM,Tehama,32350,110
Steve Poizner ,Insurance Commissioner,,NPP,Tehama,32350,187
Dianne Feinstein,US Senate ,,DEM,Tehama,32350,104
Kevin De Leon,US Senate ,,DEM,Tehama,32350,163
Doug La Malfa ,US House,1,REP,Tehama,32350,183
Audrey Denney,US House,1,DEM,Tehama,32350,136
James Nielsen,State Senate,4,REP,Tehama,32350,207
Phillip Kim,State Senate,4,DEM,Tehama,32350,112
James Gallagher,State Assembly,3,REP,Tehama,32350,200
Sonia Aery,State Assembly,3,DEM,Tehama,32350,120
,Registered Voters,,,Tehama,40180,168
,Ballots Cast,,,Tehama,40180,136
John H Cox,Governor,,REP,Tehama,40180,99
Gavin Newsom,Governor,,DEM,Tehama,40180,37
Ed Hernandez,Lieutenant Governor,,DEM,Tehama,40180,28
Eleni Kounalakis,Lieutenant Governor,,DEM,Tehama,40180,61
Alex Padilla ,Secretary of State,,DEM,Tehama,40180,38
Mark P Meuser,Secretary of State,,REP,Tehama,40180,97
Konstantinos Roditis ,Controller,,REP,Tehama,40180,90
Betty T Yee,Controller,,DEM,Tehama,40180,42
Greg Conlon,Treasurer,,REP,Tehama,40180,93
Fiona MA ,Treasurer,,DEM,Tehama,40180,41
Steven C Bailey,Attorney General,,REP,Tehama,40180,97
Xavier Becerra,Attorney General,,DEM,Tehama,40180,37
Ricargo Lara,Insurance Commissioner,,DEM,Tehama,40180,29
Steve Poizner ,Insurance Commissioner,,NPP,Tehama,40180,97
Dianne Feinstein,US Senate ,,DEM,Tehama,40180,48
Kevin De Leon,US Senate ,,DEM,Tehama,40180,53
Doug La Malfa ,US House,1,REP,Tehama,40180,94
Audrey Denney,US House,1,DEM,Tehama,40180,41
James Nielsen,State Senate,4,REP,Tehama,40180,102
Phillip Kim,State Senate,4,DEM,Tehama,40180,33
James Gallagher,State Assembly,3,REP,Tehama,40180,97
Sonia Aery,State Assembly,3,DEM,Tehama,40180,37
,Registered Voters,,,Tehama,40360,1145
,Ballots Cast,,,Tehama,40360,728
John H Cox,Governor,,REP,Tehama,40360,547
Gavin Newsom,Governor,,DEM,Tehama,40360,175
Ed Hernandez,Lieutenant Governor,,DEM,Tehama,40360,255
Eleni Kounalakis,Lieutenant Governor,,DEM,Tehama,40360,259
Alex Padilla ,Secretary of State,,DEM,Tehama,40360,211
Mark P Meuser,Secretary of State,,REP,Tehama,40360,503
Konstantinos Roditis ,Controller,,REP,Tehama,40360,483
Betty T Yee,Controller,,DEM,Tehama,40360,226
Greg Conlon,Treasurer,,REP,Tehama,40360,502
Fiona MA ,Treasurer,,DEM,Tehama,40360,208
Steven C Bailey,Attorney General,,REP,Tehama,40360,517
Xavier Becerra,Attorney General,,DEM,Tehama,40360,198
Ricargo Lara,Insurance Commissioner,,DEM,Tehama,40360,191
Steve Poizner ,Insurance Commissioner,,NPP,Tehama,40360,477
Dianne Feinstein,US Senate ,,DEM,Tehama,40360,165
Kevin De Leon,US Senate ,,DEM,Tehama,40360,411
Doug La Malfa ,US House,1,REP,Tehama,40360,497
Audrey Denney,US House,1,DEM,Tehama,40360,225
James Nielsen,State Senate,4,REP,Tehama,40360,533
Phillip Kim,State Senate,4,DEM,Tehama,40360,185
James Gallagher,State Assembly,3,REP,Tehama,40360,522
Sonia Aery,State Assembly,3,DEM,Tehama,40360,197
,Registered Voters,,,Tehama,40365,21
,Ballots Cast,,,Tehama,40365,14
John H Cox,Governor,,REP,Tehama,40365,9
Gavin Newsom,Governor,,DEM,Tehama,40365,4
Ed Hernandez,Lieutenant Governor,,DEM,Tehama,40365,3
Eleni Kounalakis,Lieutenant Governor,,DEM,Tehama,40365,9
Alex Padilla ,Secretary of State,,DEM,Tehama,40365,5
Mark P Meuser,Secretary of State,,REP,Tehama,40365,9
Konstantinos Roditis ,Controller,,REP,Tehama,40365,8
Betty T Yee,Controller,,DEM,Tehama,40365,6
Greg Conlon,Treasurer,,REP,Tehama,40365,9
Fiona MA ,Treasurer,,DEM,Tehama,40365,5
Steven C Bailey,Attorney General,,REP,Tehama,40365,9
Xavier Becerra,Attorney General,,DEM,Tehama,40365,5
Ricargo Lara,Insurance Commissioner,,DEM,Tehama,40365,4
Steve Poizner ,Insurance Commissioner,,NPP,Tehama,40365,10
Dianne Feinstein,US Senate ,,DEM,Tehama,40365,4
Kevin De Leon,US Senate ,,DEM,Tehama,40365,10
Doug La Malfa ,US House,1,REP,Tehama,40365,9
Audrey Denney,US House,1,DEM,Tehama,40365,5
James Nielsen,State Senate,4,REP,Tehama,40365,10
Phillip Kim,State Senate,4,DEM,Tehama,40365,4
James Gallagher,State Assembly,3,REP,Tehama,40365,10
Sonia Aery,State Assembly,3,DEM,Tehama,40365,4
,Registered Voters,,,Tehama,40420,750
,Ballots Cast,,,Tehama,40420,470
John H Cox,Governor,,REP,Tehama,40420,340
Gavin Newsom,Governor,,DEM,Tehama,40420,126
Ed Hernandez,Lieutenant Governor,,DEM,Tehama,40420,170
Eleni Kounalakis,Lieutenant Governor,,DEM,Tehama,40420,172
Alex Padilla ,Secretary of State,,DEM,Tehama,40420,145
Mark P Meuser,Secretary of State,,REP,Tehama,40420,322
Konstantinos Roditis ,Controller,,REP,Tehama,40420,308
Betty T Yee,Controller,,DEM,Tehama,40420,156
Greg Conlon,Treasurer,,REP,Tehama,40420,321
Fiona MA ,Treasurer,,DEM,Tehama,40420,146
Steven C Bailey,Attorney General,,REP,Tehama,40420,334
Xavier Becerra,Attorney General,,DEM,Tehama,40420,131
Ricargo Lara,Insurance Commissioner,,DEM,Tehama,40420,125
Steve Poizner ,Insurance Commissioner,,NPP,Tehama,40420,328
Dianne Feinstein,US Senate ,,DEM,Tehama,40420,112
Kevin De Leon,US Senate ,,DEM,Tehama,40420,284
Doug La Malfa ,US House,1,REP,Tehama,40420,319
Audrey Denney,US House,1,DEM,Tehama,40420,151
James Nielsen,State Senate,4,REP,Tehama,40420,336
Phillip Kim,State Senate,4,DEM,Tehama,40420,132
James Gallagher,State Assembly,3,REP,Tehama,40420,336
Sonia Aery,State Assembly,3,DEM,Tehama,40420,131
,Registered Voters,,,Tehama,40430,155
,Ballots Cast,,,Tehama,40430,121
John H Cox,Governor,,REP,Tehama,40430,96
Gavin Newsom,Governor,,DEM,Tehama,40430,21
Ed Hernandez,Lieutenant Governor,,DEM,Tehama,40430,35
Eleni Kounalakis,Lieutenant Governor,,DEM,Tehama,40430,33
Alex Padilla ,Secretary of State,,DEM,Tehama,40430,28
Mark P Meuser,Secretary of State,,REP,Tehama,40430,89
Konstantinos Roditis ,Controller,,REP,Tehama,40430,85
Betty T Yee,Controller,,DEM,Tehama,40430,33
Greg Conlon,Treasurer,,REP,Tehama,40430,90
Fiona MA ,Treasurer,,DEM,Tehama,40430,27
Steven C Bailey,Attorney General,,REP,Tehama,40430,92
Xavier Becerra,Attorney General,,DEM,Tehama,40430,24
Ricargo Lara,Insurance Commissioner,,DEM,Tehama,40430,18
Steve Poizner ,Insurance Commissioner,,NPP,Tehama,40430,91
Dianne Feinstein,US Senate ,,DEM,Tehama,40430,40
Kevin De Leon,US Senate ,,DEM,Tehama,40430,53
Doug La Malfa ,US House,1,REP,Tehama,40430,98
Audrey Denney,US House,1,DEM,Tehama,40430,22
James Nielsen,State Senate,4,REP,Tehama,40430,100
Phillip Kim,State Senate,4,DEM,Tehama,40430,19
James Gallagher,State Assembly,3,REP,Tehama,40430,100
Sonia Aery,State Assembly,3,DEM,Tehama,40430,19
,Registered Voters,,,Tehama,40480,93
,Ballots Cast,,,Tehama,40480,63
John H Cox,Governor,,REP,Tehama,40480,49
Gavin Newsom,Governor,,DEM,Tehama,40480,13
Ed Hernandez,Lieutenant Governor,,DEM,Tehama,40480,21
Eleni Kounalakis,Lieutenant Governor,,DEM,Tehama,40480,19
Alex Padilla ,Secretary of State,,DEM,Tehama,40480,13
Mark P Meuser,Secretary of State,,REP,Tehama,40480,49
Konstantinos Roditis ,Controller,,REP,Tehama,40480,45
Betty T Yee,Controller,,DEM,Tehama,40480,17
Greg Conlon,Treasurer,,REP,Tehama,40480,47
Fiona MA ,Treasurer,,DEM,Tehama,40480,15
Steven C Bailey,Attorney General,,REP,Tehama,40480,48
Xavier Becerra,Attorney General,,DEM,Tehama,40480,14
Ricargo Lara,Insurance Commissioner,,DEM,Tehama,40480,13
Steve Poizner ,Insurance Commissioner,,NPP,Tehama,40480,43
Dianne Feinstein,US Senate ,,DEM,Tehama,40480,18
Kevin De Leon,US Senate ,,DEM,Tehama,40480,34
Doug La Malfa ,US House,1,REP,Tehama,40480,49
Audrey Denney,US House,1,DEM,Tehama,40480,14
James Nielsen,State Senate,4,REP,Tehama,40480,51
Phillip Kim,State Senate,4,DEM,Tehama,40480,11
James Gallagher,State Assembly,3,REP,Tehama,40480,50
Sonia Aery,State Assembly,3,DEM,Tehama,40480,12
,Registered Voters,,,Tehama,40485,764
,Ballots Cast,,,Tehama,40485,418
John H Cox,Governor,,REP,Tehama,40485,240
Gavin Newsom,Governor,,DEM,Tehama,40485,171
Ed Hernandez,Lieutenant Governor,,DEM,Tehama,40485,155
Eleni Kounalakis,Lieutenant Governor,,DEM,Tehama,40485,190
Alex Padilla ,Secretary of State,,DEM,Tehama,40485,186
Mark P Meuser,Secretary of State,,REP,Tehama,40485,226
Konstantinos Roditis ,Controller,,REP,Tehama,40485,219
Betty T Yee,Controller,,DEM,Tehama,40485,194
Greg Conlon,Treasurer,,REP,Tehama,40485,224
Fiona MA ,Treasurer,,DEM,Tehama,40485,188
Steven C Bailey,Attorney General,,REP,Tehama,40485,230
Xavier Becerra,Attorney General,,DEM,Tehama,40485,182
Ricargo Lara,Insurance Commissioner,,DEM,Tehama,40485,173
Steve Poizner ,Insurance Commissioner,,NPP,Tehama,40485,222
Dianne Feinstein,US Senate ,,DEM,Tehama,40485,152
Kevin De Leon,US Senate ,,DEM,Tehama,40485,205
Doug La Malfa ,US House,1,REP,Tehama,40485,232
Audrey Denney,US House,1,DEM,Tehama,40485,180
James Nielsen,State Senate,4,REP,Tehama,40485,233
Phillip Kim,State Senate,4,DEM,Tehama,40485,177
James Gallagher,State Assembly,3,REP,Tehama,40485,229
Sonia Aery,State Assembly,3,DEM,Tehama,40485,180
,Registered Voters,,,Tehama,40490,623
,Ballots Cast,,,Tehama,40490,424
John H Cox,Governor,,REP,Tehama,40490,326
Gavin Newsom,Governor,,DEM,Tehama,40490,93
Ed Hernandez,Lieutenant Governor,,DEM,Tehama,40490,143
Eleni Kounalakis,Lieutenant Governor,,DEM,Tehama,40490,133
Alex Padilla ,Secretary of State,,DEM,Tehama,40490,122
Mark P Meuser,Secretary of State,,REP,Tehama,40490,301
Konstantinos Roditis ,Controller,,REP,Tehama,40490,293
Betty T Yee,Controller,,DEM,Tehama,40490,120
Greg Conlon,Treasurer,,REP,Tehama,40490,312
Fiona MA ,Treasurer,,DEM,Tehama,40490,103
Steven C Bailey,Attorney General,,REP,Tehama,40490,314
Xavier Becerra,Attorney General,,DEM,Tehama,40490,99
Ricargo Lara,Insurance Commissioner,,DEM,Tehama,40490,97
Steve Poizner ,Insurance Commissioner,,NPP,Tehama,40490,293
Dianne Feinstein,US Senate ,,DEM,Tehama,40490,85
Kevin De Leon,US Senate ,,DEM,Tehama,40490,242
Doug La Malfa ,US House,1,REP,Tehama,40490,310
Audrey Denney,US House,1,DEM,Tehama,40490,111
James Nielsen,State Senate,4,REP,Tehama,40490,322
Phillip Kim,State Senate,4,DEM,Tehama,40490,92
James Gallagher,State Assembly,3,REP,Tehama,40490,321
Sonia Aery,State Assembly,3,DEM,Tehama,40490,93
,Registered Voters,,,Tehama,40620,127
,Ballots Cast,,,Tehama,40620,82
John H Cox,Governor,,REP,Tehama,40620,70
Gavin Newsom,Governor,,DEM,Tehama,40620,12
Ed Hernandez,Lieutenant Governor,,DEM,Tehama,40620,24
Eleni Kounalakis,Lieutenant Governor,,DEM,Tehama,40620,24
Alex Padilla ,Secretary of State,,DEM,Tehama,40620,15
Mark P Meuser,Secretary of State,,REP,Tehama,40620,64
Konstantinos Roditis ,Controller,,REP,Tehama,40620,64
Betty T Yee,Controller,,DEM,Tehama,40620,16
Greg Conlon,Treasurer,,REP,Tehama,40620,66
Fiona MA ,Treasurer,,DEM,Tehama,40620,13
Steven C Bailey,Attorney General,,REP,Tehama,40620,71
Xavier Becerra,Attorney General,,DEM,Tehama,40620,10
Ricargo Lara,Insurance Commissioner,,DEM,Tehama,40620,10
Steve Poizner ,Insurance Commissioner,,NPP,Tehama,40620,64
Dianne Feinstein,US Senate ,,DEM,Tehama,40620,14
Kevin De Leon,US Senate ,,DEM,Tehama,40620,48
Doug La Malfa ,US House,1,REP,Tehama,40620,68
Audrey Denney,US House,1,DEM,Tehama,40620,14
James Nielsen,State Senate,4,REP,Tehama,40620,70
Phillip Kim,State Senate,4,DEM,Tehama,40620,12
James Gallagher,State Assembly,3,REP,Tehama,40620,71
Sonia Aery,State Assembly,3,DEM,Tehama,40620,10
,Registered Voters,,,Tehama,41380,986
,Ballots Cast,,,Tehama,41380,522
John H Cox,Governor,,REP,Tehama,41380,337
Gavin Newsom,Governor,,DEM,Tehama,41380,182
Ed Hernandez,Lieutenant Governor,,DEM,Tehama,41380,222
Eleni Kounalakis,Lieutenant Governor,,DEM,Tehama,41380,189
Alex Padilla ,Secretary of State,,DEM,Tehama,41380,208
Mark P Meuser,Secretary of State,,REP,Tehama,41380,301
Konstantinos Roditis ,Controller,,REP,Tehama,41380,291
Betty T Yee,Controller,,DEM,Tehama,41380,214
Greg Conlon,Treasurer,,REP,Tehama,41380,295
Fiona MA ,Treasurer,,DEM,Tehama,41380,210
Steven C Bailey,Attorney General,,REP,Tehama,41380,310
Xavier Becerra,Attorney General,,DEM,Tehama,41380,195
Ricargo Lara,Insurance Commissioner,,DEM,Tehama,41380,180
Steve Poizner ,Insurance Commissioner,,NPP,Tehama,41380,307
Dianne Feinstein,US Senate ,,DEM,Tehama,41380,165
Kevin De Leon,US Senate ,,DEM,Tehama,41380,269
Doug La Malfa ,US House,1,REP,Tehama,41380,290
Audrey Denney,US House,1,DEM,Tehama,41380,225
James Nielsen,State Senate,4,REP,Tehama,41380,330
Phillip Kim,State Senate,4,DEM,Tehama,41380,180
James Gallagher,State Assembly,3,REP,Tehama,41380,312
Sonia Aery,State Assembly,3,DEM,Tehama,41380,195
,Registered Voters,,,Tehama,41400,867
,Ballots Cast,,,Tehama,41400,385
John H Cox,Governor,,REP,Tehama,41400,242
Gavin Newsom,Governor,,DEM,Tehama,41400,140
Ed Hernandez,Lieutenant Governor,,DEM,Tehama,41400,150
Eleni Kounalakis,Lieutenant Governor,,DEM,Tehama,41400,161
Alex Padilla ,Secretary of State,,DEM,Tehama,41400,170
Mark P Meuser,Secretary of State,,REP,Tehama,41400,211
Konstantinos Roditis ,Controller,,REP,Tehama,41400,206
Betty T Yee,Controller,,DEM,Tehama,41400,172
Greg Conlon,Treasurer,,REP,Tehama,41400,216
Fiona MA ,Treasurer,,DEM,Tehama,41400,162
Steven C Bailey,Attorney General,,REP,Tehama,41400,220
Xavier Becerra,Attorney General,,DEM,Tehama,41400,158
Ricargo Lara,Insurance Commissioner,,DEM,Tehama,41400,141
Steve Poizner ,Insurance Commissioner,,NPP,Tehama,41400,224
Dianne Feinstein,US Senate ,,DEM,Tehama,41400,94
Kevin De Leon,US Senate ,,DEM,Tehama,41400,240
Doug La Malfa ,US House,1,REP,Tehama,41400,213
Audrey Denney,US House,1,DEM,Tehama,41400,168
James Nielsen,State Senate,4,REP,Tehama,41400,223
Phillip Kim,State Senate,4,DEM,Tehama,41400,156
James Gallagher,State Assembly,3,REP,Tehama,41400,221
Sonia Aery,State Assembly,3,DEM,Tehama,41400,161
,Registered Voters,,,Tehama,50370,266
,Ballots Cast,,,Tehama,50370,192
John H Cox,Governor,,REP,Tehama,50370,136
Gavin Newsom,Governor,,DEM,Tehama,50370,54
Ed Hernandez,Lieutenant Governor,,DEM,Tehama,50370,60
Eleni Kounalakis,Lieutenant Governor,,DEM,Tehama,50370,74
Alex Padilla ,Secretary of State,,DEM,Tehama,50370,64
Mark P Meuser,Secretary of State,,REP,Tehama,50370,124
Konstantinos Roditis ,Controller,,REP,Tehama,50370,121
Betty T Yee,Controller,,DEM,Tehama,50370,67
Greg Conlon,Treasurer,,REP,Tehama,50370,128
Fiona MA ,Treasurer,,DEM,Tehama,50370,60
Steven C Bailey,Attorney General,,REP,Tehama,50370,130
Xavier Becerra,Attorney General,,DEM,Tehama,50370,60
Ricargo Lara,Insurance Commissioner,,DEM,Tehama,50370,53
Steve Poizner ,Insurance Commissioner,,NPP,Tehama,50370,127
Dianne Feinstein,US Senate ,,DEM,Tehama,50370,51
Kevin De Leon,US Senate ,,DEM,Tehama,50370,105
Doug La Malfa ,US House,1,REP,Tehama,50370,120
Audrey Denney,US House,1,DEM,Tehama,50370,71
James Nielsen,State Senate,4,REP,Tehama,50370,126
Phillip Kim,State Senate,4,DEM,Tehama,50370,61
James Gallagher,State Assembly,3,REP,Tehama,50370,134
Sonia Aery,State Assembly,3,DEM,Tehama,50370,57
,Registered Voters,,,Tehama,50450,168
,Ballots Cast,,,Tehama,50450,129
John H Cox,Governor,,REP,Tehama,50450,99
Gavin Newsom,Governor,,DEM,Tehama,50450,28
Ed Hernandez,Lieutenant Governor,,DEM,Tehama,50450,32
Eleni Kounalakis,Lieutenant Governor,,DEM,Tehama,50450,45
Alex Padilla ,Secretary of State,,DEM,Tehama,50450,28
Mark P Meuser,Secretary of State,,REP,Tehama,50450,99
Konstantinos Roditis ,Controller,,REP,Tehama,50450,92
Betty T Yee,Controller,,DEM,Tehama,50450,33
Greg Conlon,Treasurer,,REP,Tehama,50450,97
Fiona MA ,Treasurer,,DEM,Tehama,50450,28
Steven C Bailey,Attorney General,,REP,Tehama,50450,100
Xavier Becerra,Attorney General,,DEM,Tehama,50450,25
Ricargo Lara,Insurance Commissioner,,DEM,Tehama,50450,24
Steve Poizner ,Insurance Commissioner,,NPP,Tehama,50450,92
Dianne Feinstein,US Senate ,,DEM,Tehama,50450,31
Kevin De Leon,US Senate ,,DEM,Tehama,50450,55
Doug La Malfa ,US House,1,REP,Tehama,50450,97
Audrey Denney,US House,1,DEM,Tehama,50450,31
James Nielsen,State Senate,4,REP,Tehama,50450,104
Phillip Kim,State Senate,4,DEM,Tehama,50450,23
James Gallagher,State Assembly,3,REP,Tehama,50450,104
Sonia Aery,State Assembly,3,DEM,Tehama,50450,24
,Registered Voters,,,Tehama,50455,37
,Ballots Cast,,,Tehama,50455,29
John H Cox,Governor,,REP,Tehama,50455,26
Gavin Newsom,Governor,,DEM,Tehama,50455,3
Ed Hernandez,Lieutenant Governor,,DEM,Tehama,50455,8
Eleni Kounalakis,Lieutenant Governor,,DEM,Tehama,50455,8
Alex Padilla ,Secretary of State,,DEM,Tehama,50455,4
Mark P Meuser,Secretary of State,,REP,Tehama,50455,25
Konstantinos Roditis ,Controller,,REP,Tehama,50455,25
Betty T Yee,Controller,,DEM,Tehama,50455,4
Greg Conlon,Treasurer,,REP,Tehama,50455,25
Fiona MA ,Treasurer,,DEM,Tehama,50455,4
Steven C Bailey,Attorney General,,REP,Tehama,50455,26
Xavier Becerra,Attorney General,,DEM,Tehama,50455,3
Ricargo Lara,Insurance Commissioner,,DEM,Tehama,50455,4
Steve Poizner ,Insurance Commissioner,,NPP,Tehama,50455,22
Dianne Feinstein,US Senate ,,DEM,Tehama,50455,3
Kevin De Leon,US Senate ,,DEM,Tehama,50455,13
Doug La Malfa ,US House,1,REP,Tehama,50455,23
Audrey Denney,US House,1,DEM,Tehama,50455,5
James Nielsen,State Senate,4,REP,Tehama,50455,25
Phillip Kim,State Senate,4,DEM,Tehama,50455,4
James Gallagher,State Assembly,3,REP,Tehama,50455,26
Sonia Aery,State Assembly,3,DEM,Tehama,50455,3
,Registered Voters,,,Tehama,50530,515
,Ballots Cast,,,Tehama,50530,282
John H Cox,Governor,,REP,Tehama,50530,176
Gavin Newsom,Governor,,DEM,Tehama,50530,101
Ed Hernandez,Lieutenant Governor,,DEM,Tehama,50530,91
Eleni Kounalakis,Lieutenant Governor,,DEM,Tehama,50530,128
Alex Padilla ,Secretary of State,,DEM,Tehama,50530,109
Mark P Meuser,Secretary of State,,REP,Tehama,50530,165
Konstantinos Roditis ,Controller,,REP,Tehama,50530,160
Betty T Yee,Controller,,DEM,Tehama,50530,117
Greg Conlon,Treasurer,,REP,Tehama,50530,166
Fiona MA ,Treasurer,,DEM,Tehama,50530,108
Steven C Bailey,Attorney General,,REP,Tehama,50530,168
Xavier Becerra,Attorney General,,DEM,Tehama,50530,107
Ricargo Lara,Insurance Commissioner,,DEM,Tehama,50530,96
Steve Poizner ,Insurance Commissioner,,NPP,Tehama,50530,170
Dianne Feinstein,US Senate ,,DEM,Tehama,50530,76
Kevin De Leon,US Senate ,,DEM,Tehama,50530,158
Doug La Malfa ,US House,1,REP,Tehama,50530,155
Audrey Denney,US House,1,DEM,Tehama,50530,123
James Nielsen,State Senate,4,REP,Tehama,50530,171
Phillip Kim,State Senate,4,DEM,Tehama,50530,103
James Gallagher,State Assembly,3,REP,Tehama,50530,162
Sonia Aery,State Assembly,3,DEM,Tehama,50530,112
,Registered Voters,,,Tehama,50560,1089
,Ballots Cast,,,Tehama,50560,705
John H Cox,Governor,,REP,Tehama,50560,472
Gavin Newsom,Governor,,DEM,Tehama,50560,228
Ed Hernandez,Lieutenant Governor,,DEM,Tehama,50560,260
Eleni Kounalakis,Lieutenant Governor,,DEM,Tehama,50560,284
Alex Padilla ,Secretary of State,,DEM,Tehama,50560,274
Mark P Meuser,Secretary of State,,REP,Tehama,50560,416
Konstantinos Roditis ,Controller,,REP,Tehama,50560,391
Betty T Yee,Controller,,DEM,Tehama,50560,292
Greg Conlon,Treasurer,,REP,Tehama,50560,413
Fiona MA ,Treasurer,,DEM,Tehama,50560,274
Steven C Bailey,Attorney General,,REP,Tehama,50560,430
Xavier Becerra,Attorney General,,DEM,Tehama,50560,259
Ricargo Lara,Insurance Commissioner,,DEM,Tehama,50560,226
Steve Poizner ,Insurance Commissioner,,NPP,Tehama,50560,427
Dianne Feinstein,US Senate ,,DEM,Tehama,50560,203
Kevin De Leon,US Senate ,,DEM,Tehama,50560,384
Doug La Malfa ,US House,1,REP,Tehama,50560,420
Audrey Denney,US House,1,DEM,Tehama,50560,275
James Nielsen,State Senate,4,REP,Tehama,50560,438
Phillip Kim,State Senate,4,DEM,Tehama,50560,256
James Gallagher,State Assembly,3,REP,Tehama,50560,450
Sonia Aery,State Assembly,3,DEM,Tehama,50560,246
,Registered Voters,,,Tehama,50580,1319
,Ballots Cast,,,Tehama,50580,817
John H Cox,Governor,,REP,Tehama,50580,580
Gavin Newsom,Governor,,DEM,Tehama,50580,226
Ed Hernandez,Lieutenant Governor,,DEM,Tehama,50580,272
Eleni Kounalakis,Lieutenant Governor,,DEM,Tehama,50580,320
Alex Padilla ,Secretary of State,,DEM,Tehama,50580,251
Mark P Meuser,Secretary of State,,REP,Tehama,50580,550
Konstantinos Roditis ,Controller,,REP,Tehama,50580,542
Betty T Yee,Controller,,DEM,Tehama,50580,256
Greg Conlon,Treasurer,,REP,Tehama,50580,551
Fiona MA ,Treasurer,,DEM,Tehama,50580,250
Steven C Bailey,Attorney General,,REP,Tehama,50580,564
Xavier Becerra,Attorney General,,DEM,Tehama,50580,237
Ricargo Lara,Insurance Commissioner,,DEM,Tehama,50580,213
Steve Poizner ,Insurance Commissioner,,NPP,Tehama,50580,541
Dianne Feinstein,US Senate ,,DEM,Tehama,50580,225
Kevin De Leon,US Senate ,,DEM,Tehama,50580,427
Doug La Malfa ,US House,1,REP,Tehama,50580,557
Audrey Denney,US House,1,DEM,Tehama,50580,252
James Nielsen,State Senate,4,REP,Tehama,50580,578
Phillip Kim,State Senate,4,DEM,Tehama,50580,219
James Gallagher,State Assembly,3,REP,Tehama,50580,584
Sonia Aery,State Assembly,3,DEM,Tehama,50580,216
,Registered Voters,,,Tehama,50590,926
,Ballots Cast,,,Tehama,50590,639
John H Cox,Governor,,REP,Tehama,50590,477
Gavin Newsom,Governor,,DEM,Tehama,50590,153
Ed Hernandez,Lieutenant Governor,,DEM,Tehama,50590,205
Eleni Kounalakis,Lieutenant Governor,,DEM,Tehama,50590,227
Alex Padilla ,Secretary of State,,DEM,Tehama,50590,176
Mark P Meuser,Secretary of State,,REP,Tehama,50590,442
Konstantinos Roditis ,Controller,,REP,Tehama,50590,426
Betty T Yee,Controller,,DEM,Tehama,50590,196
Greg Conlon,Treasurer,,REP,Tehama,50590,441
Fiona MA ,Treasurer,,DEM,Tehama,50590,176
Steven C Bailey,Attorney General,,REP,Tehama,50590,452
Xavier Becerra,Attorney General,,DEM,Tehama,50590,163
Ricargo Lara,Insurance Commissioner,,DEM,Tehama,50590,141
Steve Poizner ,Insurance Commissioner,,NPP,Tehama,50590,432
Dianne Feinstein,US Senate ,,DEM,Tehama,50590,146
Kevin De Leon,US Senate ,,DEM,Tehama,50590,348
Doug La Malfa ,US House,1,REP,Tehama,50590,424
Audrey Denney,US House,1,DEM,Tehama,50590,207
James Nielsen,State Senate,4,REP,Tehama,50590,455
Phillip Kim,State Senate,4,DEM,Tehama,50590,164
James Gallagher,State Assembly,3,REP,Tehama,50590,457
Sonia Aery,State Assembly,3,DEM,Tehama,50590,165
,Registered Voters,,,Tehama,50630,341
,Ballots Cast,,,Tehama,50630,233
John H Cox,Governor,,REP,Tehama,50630,184
Gavin Newsom,Governor,,DEM,Tehama,50630,48
Ed Hernandez,Lieutenant Governor,,DEM,Tehama,50630,86
Eleni Kounalakis,Lieutenant Governor,,DEM,Tehama,50630,76
Alex Padilla ,Secretary of State,,DEM,Tehama,50630,57
Mark P Meuser,Secretary of State,,REP,Tehama,50630,173
Konstantinos Roditis ,Controller,,REP,Tehama,50630,166
Betty T Yee,Controller,,DEM,Tehama,50630,62
Greg Conlon,Treasurer,,REP,Tehama,50630,172
Fiona MA ,Treasurer,,DEM,Tehama,50630,56
Steven C Bailey,Attorney General,,REP,Tehama,50630,169
Xavier Becerra,Attorney General,,DEM,Tehama,50630,61
Ricargo Lara,Insurance Commissioner,,DEM,Tehama,50630,46
Steve Poizner ,Insurance Commissioner,,NPP,Tehama,50630,169
Dianne Feinstein,US Senate ,,DEM,Tehama,50630,56
Kevin De Leon,US Senate ,,DEM,Tehama,50630,140
Doug La Malfa ,US House,1,REP,Tehama,50630,171
Audrey Denney,US House,1,DEM,Tehama,50630,62
James Nielsen,State Senate,4,REP,Tehama,50630,180
Phillip Kim,State Senate,4,DEM,Tehama,50630,50
James Gallagher,State Assembly,3,REP,Tehama,50630,179
Sonia Aery,State Assembly,3,DEM,Tehama,50630,50
,Registered Voters,,,Tehama,51510,1111
,Ballots Cast,,,Tehama,51510,629
John H Cox,Governor,,REP,Tehama,51510,414
Gavin Newsom,Governor,,DEM,Tehama,51510,204
Ed Hernandez,Lieutenant Governor,,DEM,Tehama,51510,270
Eleni Kounalakis,Lieutenant Governor,,DEM,Tehama,51510,210
Alex Padilla ,Secretary of State,,DEM,Tehama,51510,228
Mark P Meuser,Secretary of State,,REP,Tehama,51510,388
Konstantinos Roditis ,Controller,,REP,Tehama,51510,367
Betty T Yee,Controller,,DEM,Tehama,51510,245
Greg Conlon,Treasurer,,REP,Tehama,51510,381
Fiona MA ,Treasurer,,DEM,Tehama,51510,231
Steven C Bailey,Attorney General,,REP,Tehama,51510,395
Xavier Becerra,Attorney General,,DEM,Tehama,51510,221
Ricargo Lara,Insurance Commissioner,,DEM,Tehama,51510,217
Steve Poizner ,Insurance Commissioner,,NPP,Tehama,51510,383
Dianne Feinstein,US Senate ,,DEM,Tehama,51510,184
Kevin De Leon,US Senate ,,DEM,Tehama,51510,334
Doug La Malfa ,US House,1,REP,Tehama,51510,381
Audrey Denney,US House,1,DEM,Tehama,51510,240
James Nielsen,State Senate,4,REP,Tehama,51510,402
Phillip Kim,State Senate,4,DEM,Tehama,51510,211
James Gallagher,State Assembly,3,REP,Tehama,51510,400
Sonia Aery,State Assembly,3,DEM,Tehama,51510,215
,Registered Voters,,,Tehama,53610,229
,Ballots Cast,,,Tehama,53610,167
John H Cox,Governor,,REP,Tehama,53610,111
Gavin Newsom,Governor,,DEM,Tehama,53610,50
Ed Hernandez,Lieutenant Governor,,DEM,Tehama,53610,52
Eleni Kounalakis,Lieutenant Governor,,DEM,Tehama,53610,72
Alex Padilla ,Secretary of State,,DEM,Tehama,53610,59
Mark P Meuser,Secretary of State,,REP,Tehama,53610,105
Konstantinos Roditis ,Controller,,REP,Tehama,53610,104
Betty T Yee,Controller,,DEM,Tehama,53610,57
Greg Conlon,Treasurer,,REP,Tehama,53610,102
Fiona MA ,Treasurer,,DEM,Tehama,53610,61
Steven C Bailey,Attorney General,,REP,Tehama,53610,110
Xavier Becerra,Attorney General,,DEM,Tehama,53610,53
Ricargo Lara,Insurance Commissioner,,DEM,Tehama,53610,44
Steve Poizner ,Insurance Commissioner,,NPP,Tehama,53610,109
Dianne Feinstein,US Senate ,,DEM,Tehama,53610,40
Kevin De Leon,US Senate ,,DEM,Tehama,53610,103
Doug La Malfa ,US House,1,REP,Tehama,53610,103
Audrey Denney,US House,1,DEM,Tehama,53610,63
James Nielsen,State Senate,4,REP,Tehama,53610,113
Phillip Kim,State Senate,4,DEM,Tehama,53610,50
James Gallagher,State Assembly,3,REP,Tehama,53610,110
Sonia Aery,State Assembly,3,DEM,Tehama,53610,53
,,,,,,