county,office,district,candidate,incumbent,write_in,party,votes
Alameda,President,,Joseph R. Biden,N,N,Democratic,617659
Alameda,President,,Donald J. Trump,Y,N,Republican,136309
Alameda,President,,"Roque ""Rocky"" De La Fuente Guerra",N,N,American Independent,2399
Alameda,President,,Howie Hawkins,N,N,Green,4664
Alameda,President,,Jo Jorgensen,N,N,Libertarian,6295
Alameda,President,,Gloria La Riva,N,N,Peace and Freedom,2538
Alameda,President,,Brian Carroll,N,Y,,127
Alameda,President,,Mark Charles,N,Y,,25
Alameda,President,,Joseph Kishore,N,Y,,17
Alameda,President,,Brock Pierce,N,Y,,8
Alameda,President,,Jesse Ventura,N,Y,,29
Alameda,U.S. House,13,Barbara Lee,Y,N,Democratic,327863
Alameda,U.S. House,13,Nikka Piterman,N,N,Republican,34955
Alameda,U.S. House,15,Eric Swalwell,Y,N,Democratic,213922
Alameda,U.S. House,15,Alison Hayden,N,N,Republican,85702
Alameda,U.S. House,17,Ro Khanna,Y,N,Democratic,53654
Alameda,U.S. House,17,Ritesh Tandon,N,N,Republican,22155
Alameda,State Senate,7,Steve Glazer,Y,N,Democratic,75440
Alameda,State Senate,7,Julie Mobley,N,N,Republican,40928
Alameda,State Senate,9,Nancy Skinner,Y,N,Democratic,310859
Alameda,State Senate,9,Jamie Dluzak,N,N,Libertarian,36384
Alameda,State Assembly,15,Buffy Wicks,Y,N,Democratic,118047
Alameda,State Assembly,15,Sara Brink,N,N,No Party Preference,18053
Alameda,State Assembly,16,Rebecca Bauer-Kahan,Y,N,Democratic,75368
Alameda,State Assembly,16,Joseph A. Rubay,N,N,Republican,39450
Alameda,State Assembly,18,Rob Bonta,Y,N,Democratic,190168
Alameda,State Assembly,18,Stephen Slauson,N,N,Republican,26942
Alameda,State Assembly,20,Bill Quirk,Y,N,Democratic,100105
Alameda,State Assembly,20,Alexis Villalobos,N,N,Democratic,75672
Alameda,State Assembly,25,Alex Lee,N,N,Democratic,43987
Alameda,State Assembly,25,Bob Brunton,N,N,Republican,18346
Alpine,President,,Joseph R. Biden,N,N,Democratic,476
Alpine,President,,Donald J. Trump,Y,N,Republican,244
Alpine,President,,"Roque ""Rocky"" De La Fuente Guerra",N,N,American Independent,0
Alpine,President,,Howie Hawkins,N,N,Green,4
Alpine,President,,Jo Jorgensen,N,N,Libertarian,15
Alpine,President,,Gloria La Riva,N,N,Peace and Freedom,2
Alpine,President,,Brian Carroll,N,Y,,0
Alpine,President,,Mark Charles,N,Y,,0
Alpine,President,,Joseph Kishore,N,Y,,0
Alpine,President,,Brock Pierce,N,Y,,0
Alpine,President,,Jesse Ventura,N,Y,,0
Alpine,U.S. House,4,Brynne S. Kennedy,N,N,Democratic,473
Alpine,U.S. House,4,Tom McClintock,Y,N,Republican,264
Alpine,State Senate,1,Pamela Dawn Swartz,N,N,Democratic,441
Alpine,State Senate,1,Brian Dahle,Y,N,Republican,292
Alpine,State Assembly,5,Frank Bigelow,Y,N,Republican,415
Amador,President,,Joseph R. Biden,N,N,Democratic,8153
Amador,President,,Donald J. Trump,Y,N,Republican,13585
Amador,President,,"Roque ""Rocky"" De La Fuente Guerra",N,N,American Independent,64
Amador,President,,Howie Hawkins,N,N,Green,110
Amador,President,,Jo Jorgensen,N,N,Libertarian,349
Amador,President,,Gloria La Riva,N,N,Peace and Freedom,41
Amador,President,,Brian Carroll,N,Y,,1
Amador,President,,Mark Charles,N,Y,,0
Amador,President,,Joseph Kishore,N,Y,,0
Amador,President,,Brock Pierce,N,Y,,0
Amador,President,,Jesse Ventura,N,Y,,1
Amador,U.S. House,4,Brynne S. Kennedy,N,N,Democratic,8259
Amador,U.S. House,4,Tom McClintock,Y,N,Republican,13833
Amador,State Assembly,5,Frank Bigelow,Y,N,Republican,16427
Butte,President,,Joseph R. Biden,N,N,Democratic,50426
Butte,President,,Donald J. Trump,Y,N,Republican,48730
Butte,President,,"Roque ""Rocky"" De La Fuente Guerra",N,N,American Independent,324
Butte,President,,Howie Hawkins,N,N,Green,507
Butte,President,,Jo Jorgensen,N,N,Libertarian,1774
Butte,President,,Gloria La Riva,N,N,Peace and Freedom,281
Butte,President,,Brian Carroll,N,Y,,15
Butte,President,,Mark Charles,N,Y,,2
Butte,President,,Joseph Kishore,N,Y,,0
Butte,President,,Brock Pierce,N,Y,,3
Butte,President,,Jesse Ventura,N,Y,,4
Butte,U.S. House,1,Audrey Denney,N,N,Democratic,51719
Butte,U.S. House,1,Doug LaMalfa,Y,N,Republican,49828
Butte,State Assembly,1,Elizabeth L Betancourt,N,N,Democratic,3188
Butte,State Assembly,1,Megan Dahle,Y,N,Republican,4855
Butte,State Assembly,3,James R Henson,N,N,Democratic,39980
Butte,State Assembly,3,James Gallagher,Y,N,Republican,51412
Calaveras,President,,Joseph R. Biden,N,N,Democratic,10046
Calaveras,President,,Donald J. Trump,Y,N,Republican,16518
Calaveras,President,,"Roque ""Rocky"" De La Fuente Guerra",N,N,American Independent,72
Calaveras,President,,Howie Hawkins,N,N,Green,125
Calaveras,President,,Jo Jorgensen,N,N,Libertarian,359
Calaveras,President,,Gloria La Riva,N,N,Peace and Freedom,44
Calaveras,President,,Brian Carroll,N,Y,,0
Calaveras,President,,Mark Charles,N,Y,,0
Calaveras,President,,Joseph Kishore,N,Y,,0
Calaveras,President,,Brock Pierce,N,Y,,0
Calaveras,President,,Jesse Ventura,N,Y,,0
Calaveras,U.S. House,4,Brynne S. Kennedy,N,N,Democratic,10333
Calaveras,U.S. House,4,Tom McClintock,Y,N,Republican,16563
Calaveras,State Assembly,5,Frank Bigelow,Y,N,Republican,19205
Colusa,President,,Joseph R. Biden,N,N,Democratic,3239
Colusa,President,,Donald J. Trump,Y,N,Republican,4559
Colusa,President,,"Roque ""Rocky"" De La Fuente Guerra",N,N,American Independent,30
Colusa,President,,Howie Hawkins,N,N,Green,25
Colusa,President,,Jo Jorgensen,N,N,Libertarian,81
Colusa,President,,Gloria La Riva,N,N,Peace and Freedom,27
Colusa,President,,Brian Carroll,N,Y,,0
Colusa,President,,Mark Charles,N,Y,,0
Colusa,President,,Joseph Kishore,N,Y,,0
Colusa,President,,Brock Pierce,N,Y,,0
Colusa,President,,Jesse Ventura,N,Y,,0
Colusa,U.S. House,3,John Garamendi,Y,N,Democratic,3348
Colusa,U.S. House,3,Tamika Hamilton,N,N,Republican,4328
Colusa,State Assembly,3,James R Henson,N,N,Democratic,1125
Colusa,State Assembly,3,James Gallagher,Y,N,Republican,3000
Colusa,State Assembly,4,Cecilia Aguiar-Curry,Y,N,Democratic,1874
Colusa,State Assembly,4,Matthew L. Nelson,N,N,Republican,1759
Contra Costa,President,,Joseph R. Biden,N,N,Democratic,416386
Contra Costa,President,,Donald J. Trump,Y,N,Republican,152877
Contra Costa,President,,"Roque ""Rocky"" De La Fuente Guerra",N,N,American Independent,1949
Contra Costa,President,,Howie Hawkins,N,N,Green,2618
Contra Costa,President,,Jo Jorgensen,N,N,Libertarian,6116
Contra Costa,President,,Gloria La Riva,N,N,Peace and Freedom,1284
Contra Costa,President,,Brian Carroll,N,Y,,57
Contra Costa,President,,Mark Charles,N,Y,,14
Contra Costa,President,,Joseph Kishore,N,Y,,2
Contra Costa,President,,Brock Pierce,N,Y,,3
Contra Costa,President,,Jesse Ventura,N,Y,,10
Contra Costa,U.S. House,5,Mike Thompson,Y,N,Democratic,37068
Contra Costa,U.S. House,5,Scott Giblin,N,N,Republican,10966
Contra Costa,U.S. House,9,Jerry McNerney,Y,N,Democratic,58693
Contra Costa,U.S. House,9,Antonio C. 'Tony' Amador,N,N,Republican,39905
Contra Costa,U.S. House,11,Mark DeSaulnier,Y,N,Democratic,271063
Contra Costa,U.S. House,11,Nisha Sharma,N,N,Republican,100293
Contra Costa,U.S. House,15,Eric Swalwell,Y,N,Democratic,29069
Contra Costa,U.S. House,15,Alison Hayden,N,N,Republican,14008
Contra Costa,State Senate,3,Bill Dodd,Y,N,Democratic,32462
Contra Costa,State Senate,3,Carlos Santamaria,N,N,Republican,14184
Contra Costa,State Senate,7,Steve Glazer,Y,N,Democratic,264485
Contra Costa,State Senate,7,Julie Mobley,N,N,Republican,133801
Contra Costa,State Senate,9,Nancy Skinner,Y,N,Democratic,93596
Contra Costa,State Senate,9,Jamie Dluzak,N,N,Libertarian,16872
Contra Costa,State Assembly,11,Jim Frazier,Y,N,Democratic,76325
Contra Costa,State Assembly,11,Debra Schwab,N,N,Republican,37983
Contra Costa,State Assembly,14,Tim Grayson,Y,N,Democratic,110804
Contra Costa,State Assembly,14,Janell Elizabeth Proctor,N,N,Republican,50989
Contra Costa,State Assembly,15,Buffy Wicks,Y,N,Democratic,86061
Contra Costa,State Assembly,15,Sara Brink,N,N,No Party Preference,18679
Contra Costa,State Assembly,16,Rebecca Bauer-Kahan,Y,N,Democratic,117609
Contra Costa,State Assembly,16,Joseph A. Rubay,N,N,Republican,53687
Del Norte,President,,Joseph R. Biden,N,N,Democratic,4677
Del Norte,President,,Donald J. Trump,Y,N,Republican,6461
Del Norte,President,,"Roque ""Rocky"" De La Fuente Guerra",N,N,American Independent,53
Del Norte,President,,Howie Hawkins,N,N,Green,78
Del Norte,President,,Jo Jorgensen,N,N,Libertarian,150
Del Norte,President,,Gloria La Riva,N,N,Peace and Freedom,33
Del Norte,President,,Brian Carroll,N,Y,,1
Del Norte,President,,Mark Charles,N,Y,,0
Del Norte,President,,Joseph Kishore,N,Y,,0
Del Norte,President,,Brock Pierce,N,Y,,0
Del Norte,President,,Jesse Ventura,N,Y,,0
Del Norte,U.S. House,2,Jared Huffman,Y,N,Democratic,5103
Del Norte,U.S. House,2,Dale K. Mensing,N,N,Republican,6089
Del Norte,State Assembly,2,Jim Wood,Y,N,Democratic,4666
Del Norte,State Assembly,2,Charlotte Svolos,N,N,Republican,6462
El Dorado,President,,Joseph R. Biden,N,N,Democratic,51621
El Dorado,President,,Donald J. Trump,Y,N,Republican,61838
El Dorado,President,,"Roque ""Rocky"" De La Fuente Guerra",N,N,American Independent,240
El Dorado,President,,Howie Hawkins,N,N,Green,460
El Dorado,President,,Jo Jorgensen,N,N,Libertarian,1871
El Dorado,President,,Gloria La Riva,N,N,Peace and Freedom,108
El Dorado,President,,Brian Carroll,N,Y,,15
El Dorado,President,,Mark Charles,N,Y,,1
El Dorado,President,,Joseph Kishore,N,Y,,0
El Dorado,President,,Brock Pierce,N,Y,,0
El Dorado,President,,Jesse Ventura,N,Y,,5
El Dorado,U.S. House,4,Brynne S. Kennedy,N,N,Democratic,51597
El Dorado,U.S. House,4,Tom McClintock,Y,N,Republican,63710
El Dorado,State Senate,1,Pamela Dawn Swartz,N,N,Democratic,46286
El Dorado,State Senate,1,Brian Dahle,Y,N,Republican,66928
El Dorado,State Assembly,5,Frank Bigelow,Y,N,Republican,48340
El Dorado,State Assembly,6,Jackie Smith,N,N,Democratic,16813
El Dorado,State Assembly,6,Kevin Kiley,Y,N,Republican,27066
Fresno,President,,Joseph R. Biden,N,N,Democratic,193025
Fresno,President,,Donald J. Trump,Y,N,Republican,164464
Fresno,President,,"Roque ""Rocky"" De La Fuente Guerra",N,N,American Independent,1147
Fresno,President,,Howie Hawkins,N,N,Green,1474
Fresno,President,,Jo Jorgensen,N,N,Libertarian,4031
Fresno,President,,Gloria La Riva,N,N,Peace and Freedom,668
Fresno,President,,Brian Carroll,N,Y,,64
Fresno,President,,Mark Charles,N,Y,,32
Fresno,President,,Joseph Kishore,N,Y,,0
Fresno,President,,Brock Pierce,N,Y,,2
Fresno,President,,Jesse Ventura,N,Y,,10
Fresno,U.S. House,4,Brynne S. Kennedy,N,N,Democratic,2048
Fresno,U.S. House,4,Tom McClintock,Y,N,Republican,6533
Fresno,U.S. House,16,Jim Costa,Y,N,Democratic,62650
Fresno,U.S. House,16,Kevin Cookingham,N,N,Republican,27989
Fresno,U.S. House,21,TJ Cox,Y,N,Democratic,28344
Fresno,U.S. House,21,David G. Valadao,N,N,Republican,30095
Fresno,U.S. House,22,Phil Arballo,N,N,Democratic,95231
Fresno,U.S. House,22,Devin G. Nunes,Y,N,Republican,108340
Fresno,State Assembly,23,Jim Patterson,Y,N,Republican,175325
Fresno,State Assembly,31,Joaquin Arambula,Y,N,Democratic,77193
Fresno,State Assembly,31,Fernando Banuelos,N,N,Republican,47551
Glenn,President,,Joseph R. Biden,N,N,Democratic,3995
Glenn,President,,Donald J. Trump,Y,N,Republican,7063
Glenn,President,,"Roque ""Rocky"" De La Fuente Guerra",N,N,American Independent,39
Glenn,President,,Howie Hawkins,N,N,Green,34
Glenn,President,,Jo Jorgensen,N,N,Libertarian,128
Glenn,President,,Gloria La Riva,N,N,Peace and Freedom,33
Glenn,President,,Brian Carroll,N,Y,,5
Glenn,President,,Mark Charles,N,Y,,0
Glenn,President,,Joseph Kishore,N,Y,,0
Glenn,President,,Brock Pierce,N,Y,,0
Glenn,President,,Jesse Ventura,N,Y,,0
Glenn,U.S. House,1,Audrey Denney,N,N,Democratic,220
Glenn,U.S. House,1,Doug LaMalfa,Y,N,Republican,811
Glenn,U.S. House,3,John Garamendi,Y,N,Democratic,3784
Glenn,U.S. House,3,Tamika Hamilton,N,N,Republican,6315
Glenn,State Assembly,3,James R Henson,N,N,Democratic,3260
Glenn,State Assembly,3,James Gallagher,Y,N,Republican,7784
Humboldt,President,,Joseph R. Biden,N,N,Democratic,44768
Humboldt,President,,Donald J. Trump,Y,N,Republican,21770
Humboldt,President,,"Roque ""Rocky"" De La Fuente Guerra",N,N,American Independent,251
Humboldt,President,,Howie Hawkins,N,N,Green,625
Humboldt,President,,Jo Jorgensen,N,N,Libertarian,1132
Humboldt,President,,Gloria La Riva,N,N,Peace and Freedom,282
Humboldt,President,,Brian Carroll,N,Y,,7
Humboldt,President,,Mark Charles,N,Y,,6
Humboldt,President,,Joseph Kishore,N,Y,,0
Humboldt,President,,Brock Pierce,N,Y,,0
Humboldt,President,,Jesse Ventura,N,Y,,2
Humboldt,U.S. House,2,Jared Huffman,Y,N,Democratic,46089
Humboldt,U.S. House,2,Dale K. Mensing,N,N,Republican,20656
Humboldt,State Assembly,2,Jim Wood,Y,N,Democratic,44333
Humboldt,State Assembly,2,Charlotte Svolos,N,N,Republican,22737
Imperial,President,,Joseph R. Biden,N,N,Democratic,34678
Imperial,President,,Donald J. Trump,Y,N,Republican,20847
Imperial,President,,"Roque ""Rocky"" De La Fuente Guerra",N,N,American Independent,291
Imperial,President,,Howie Hawkins,N,N,Green,234
Imperial,President,,Jo Jorgensen,N,N,Libertarian,390
Imperial,President,,Gloria La Riva,N,N,Peace and Freedom,278
Imperial,President,,Brian Carroll,N,Y,,25
Imperial,President,,Mark Charles,N,Y,,0
Imperial,President,,Joseph Kishore,N,Y,,0
Imperial,President,,Brock Pierce,N,Y,,0
Imperial,President,,Jesse Ventura,N,Y,,0
Imperial,U.S. House,51,Juan C. Vargas,Y,N,Democratic,34868
Imperial,U.S. House,51,"Juan M Hidalgo, Jr",N,N,Republican,20087
Imperial,State Assembly,56,Eduardo Garcia,Y,N,Democratic,34821
Imperial,State Assembly,56,America Figueroa,N,N,Republican,20438
Inyo,President,,Joseph R. Biden,N,N,Democratic,4634
Inyo,President,,Donald J. Trump,Y,N,Republican,4620
Inyo,President,,"Roque ""Rocky"" De La Fuente Guerra",N,N,American Independent,32
Inyo,President,,Howie Hawkins,N,N,Green,45
Inyo,President,,Jo Jorgensen,N,N,Libertarian,128
Inyo,President,,Gloria La Riva,N,N,Peace and Freedom,22
Inyo,President,,Brian Carroll,N,Y,,1
Inyo,President,,Mark Charles,N,Y,,2
Inyo,President,,Joseph Kishore,N,Y,,0
Inyo,President,,Brock Pierce,N,Y,,0
Inyo,President,,Jesse Ventura,N,Y,,0
Inyo,U.S. House,8,Christine Bubser,N,N,Democratic,4559
Inyo,U.S. House,8,Jay Obernolte,N,N,Republican,4702
Inyo,State Assembly,26,Drew Phelps,N,N,Democratic,4535
Inyo,State Assembly,26,Devon Mathis,Y,N,Republican,4680
Kern,President,,Joseph R. Biden,N,N,Democratic,133366
Kern,President,,Donald J. Trump,Y,N,Republican,164484
Kern,President,,"Roque ""Rocky"" De La Fuente Guerra",N,N,American Independent,1264
Kern,President,,Howie Hawkins,N,N,Green,1074
Kern,President,,Jo Jorgensen,N,N,Libertarian,3942
Kern,President,,Gloria La Riva,N,N,Peace and Freedom,1096
Kern,President,,Brian Carroll,N,Y,,35
Kern,President,,Mark Charles,N,Y,,20
Kern,President,,Joseph Kishore,N,Y,,0
Kern,President,,Brock Pierce,N,Y,,2
Kern,President,,Jesse Ventura,N,Y,,9
Kern,U.S. House,21,TJ Cox,Y,N,Democratic,36653
Kern,U.S. House,21,David G. Valadao,N,N,Republican,26061
Kern,U.S. House,23,Kim Mangone,N,N,Democratic,86586
Kern,U.S. House,23,Kevin McCarthy,Y,N,Republican,154218
Kern,State Assembly,26,Drew Phelps,N,N,Democratic,2370
Kern,State Assembly,26,Devon Mathis,Y,N,Republican,4964
Kern,State Assembly,32,Rudy Salas,Y,N,Democratic,44198
Kern,State Assembly,32,Todd Cotta,N,N,Republican,18329
Kern,State Assembly,34,Julie Solis,N,N,Democratic,68716
Kern,State Assembly,34,Vince Fong,Y,N,Republican,146611
Kern,State Assembly,36,Steve Fox,N,N,Democratic,4996
Kern,State Assembly,36,Tom Lackey,Y,N,Republican,10157
Kings,President,,Joseph R. Biden,N,N,Democratic,18699
Kings,President,,Donald J. Trump,Y,N,Republican,24072
Kings,President,,"Roque ""Rocky"" De La Fuente Guerra",N,N,American Independent,180
Kings,President,,Howie Hawkins,N,N,Green,125
Kings,President,,Jo Jorgensen,N,N,Libertarian,604
Kings,President,,Gloria La Riva,N,N,Peace and Freedom,178
Kings,President,,Brian Carroll,N,Y,,0
Kings,President,,Mark Charles,N,Y,,1
Kings,President,,Joseph Kishore,N,Y,,0
Kings,President,,Brock Pierce,N,Y,,1
Kings,President,,Jesse Ventura,N,Y,,1
Kings,U.S. House,21,TJ Cox,Y,N,Democratic,16611
Kings,U.S. House,21,David G. Valadao,N,N,Republican,26983
Kings,State Assembly,32,Rudy Salas,Y,N,Democratic,19252
Kings,State Assembly,32,Todd Cotta,N,N,Republican,23999
Lake,President,,Joseph R. Biden,N,N,Democratic,14941
Lake,President,,Donald J. Trump,Y,N,Republican,13123
Lake,President,,"Roque ""Rocky"" De La Fuente Guerra",N,N,American Independent,89
Lake,President,,Howie Hawkins,N,N,Green,207
Lake,President,,Jo Jorgensen,N,N,Libertarian,374
Lake,President,,Gloria La Riva,N,N,Peace and Freedom,66
Lake,President,,Brian Carroll,N,Y,,2
Lake,President,,Mark Charles,N,Y,,5
Lake,President,,Joseph Kishore,N,Y,,1
Lake,President,,Brock Pierce,N,Y,,2
Lake,President,,Jesse Ventura,N,Y,,2
Lake,U.S. House,3,John Garamendi,Y,N,Democratic,6659
Lake,U.S. House,3,Tamika Hamilton,N,N,Republican,5999
Lake,U.S. House,5,Mike Thompson,Y,N,Democratic,9260
Lake,U.S. House,5,Scott Giblin,N,N,Republican,6398
Lake,State Assembly,4,Cecilia Aguiar-Curry,Y,N,Democratic,15023
Lake,State Assembly,4,Matthew L. Nelson,N,N,Republican,13155
Lassen,President,,Joseph R. Biden,N,N,Democratic,2799
Lassen,President,,Donald J. Trump,Y,N,Republican,8970
Lassen,President,,"Roque ""Rocky"" De La Fuente Guerra",N,N,American Independent,26
Lassen,President,,Howie Hawkins,N,N,Green,31
Lassen,President,,Jo Jorgensen,N,N,Libertarian,141
Lassen,President,,Gloria La Riva,N,N,Peace and Freedom,18
Lassen,President,,Brian Carroll,N,Y,,0
Lassen,President,,Mark Charles,N,Y,,0
Lassen,President,,Joseph Kishore,N,Y,,0
Lassen,President,,Brock Pierce,N,Y,,0
Lassen,President,,Jesse Ventura,N,Y,,2
Lassen,U.S. House,1,Audrey Denney,N,N,Democratic,3000
Lassen,U.S. House,1,Doug LaMalfa,Y,N,Republican,8892
Lassen,State Senate,1,Pamela Dawn Swartz,N,N,Democratic,2446
Lassen,State Senate,1,Brian Dahle,Y,N,Republican,9259
Lassen,State Assembly,1,Elizabeth L Betancourt,N,N,Democratic,2703
Lassen,State Assembly,1,Megan Dahle,Y,N,Republican,9048
Los Angeles,President,,Joseph R. Biden,N,N,Democratic,3028885
Los Angeles,President,,Donald J. Trump,Y,N,Republican,1145530
Los Angeles,President,,"Roque ""Rocky"" De La Fuente Guerra",N,N,American Independent,15999
Los Angeles,President,,Howie Hawkins,N,N,Green,21660
Los Angeles,President,,Jo Jorgensen,N,N,Libertarian,35452
Los Angeles,President,,Gloria La Riva,N,N,Peace and Freedom,15917
Los Angeles,President,,Brian Carroll,N,Y,,485
Los Angeles,President,,Mark Charles,N,Y,,127
Los Angeles,President,,Joseph Kishore,N,Y,,30
Los Angeles,President,,Brock Pierce,N,Y,,72
Los Angeles,President,,Jesse Ventura,N,Y,,208
Los Angeles,U.S. House,23,Kim Mangone,N,N,Democratic,17381
Los Angeles,U.S. House,23,Kevin McCarthy,Y,N,Republican,18920
Los Angeles,U.S. House,25,Christy Smith,N,N,Democratic,138441
Los Angeles,U.S. House,25,Mike Garcia,N,N,Republican,133066
Los Angeles,U.S. House,26,Julia Brownley,Y,N,Democratic,2805
Los Angeles,U.S. House,26,Ronda Baldwin-Kennedy,N,N,Republican,2420
Los Angeles,U.S. House,27,Judy Chu,Y,N,Democratic,211153
Los Angeles,U.S. House,27,Johnny J. Nalbandian,N,N,Republican,84398
Los Angeles,U.S. House,28,Adam B. Schiff,Y,N,Democratic,244271
Los Angeles,U.S. House,28,Eric Early,N,N,Republican,91928
Los Angeles,U.S. House,29,Tony Cardenas,Y,N,Democratic,119420
Los Angeles,U.S. House,29,AngÃ©lica MarÃ­a DueÃ±as,N,N,Democratic,91524
Los Angeles,U.S. House,30,Brad Sherman,Y,N,Democratic,239321
Los Angeles,U.S. House,30,Mark S. Reed,N,N,Republican,104868
Los Angeles,U.S. House,32,Grace F. Napolitano,Y,N,Democratic,172942
Los Angeles,U.S. House,32,Joshua M. Scott,N,N,Republican,86818
Los Angeles,U.S. House,33,Ted W. Lieu,Y,N,Democratic,257094
Los Angeles,U.S. House,33,James P. Bradley,N,N,Republican,123334
Los Angeles,U.S. House,34,Jimmy Gomez,Y,N,Democratic,108792
Los Angeles,U.S. House,34,David Kim,N,N,Democratic,96554
Los Angeles,U.S. House,35,Norma J. Torres,Y,N,Democratic,34740
Los Angeles,U.S. House,35,Mike Cargile,N,N,Republican,12004
Los Angeles,U.S. House,37,Karen Bass,Y,N,Democratic,254916
Los Angeles,U.S. House,37,Errol Webber,N,N,Republican,41705
Los Angeles,U.S. House,38,Linda T. SÃ¡nchez,Y,N,Democratic,185963
Los Angeles,U.S. House,38,Michael Tolar,N,N,Democratic,63628
Los Angeles,U.S. House,39,Gil Cisneros,Y,N,Democratic,45870
Los Angeles,U.S. House,39,Young Kim,N,N,Republican,38682
Los Angeles,U.S. House,40,Lucille Roybal-Allard,Y,N,Democratic,135572
Los Angeles,U.S. House,40,C Antonio Delgado,N,N,Republican,50809
Los Angeles,U.S. House,43,Maxine Waters,Y,N,Democratic,199210
Los Angeles,U.S. House,43,Joe E. Collins III,N,N,Republican,78688
Los Angeles,U.S. House,44,Nanette Diaz Barragan,Y,N,Democratic,139661
Los Angeles,U.S. House,44,Analilia Joya,N,N,Democratic,66375
Los Angeles,U.S. House,47,Alan Lowenthal,Y,N,Democratic,129985
Los Angeles,U.S. House,47,John Briscoe,N,N,Republican,52151
Los Angeles,State Senate,21,Kipp Mueller,N,N,Democratic,136022
Los Angeles,State Senate,21,Scott Wilk,Y,N,Republican,130012
Los Angeles,State Senate,23,Abigail Medina,N,N,Democratic,8
Los Angeles,State Senate,23,Rosilicie Ochoa Bogh,N,N,Republican,17
Los Angeles,State Senate,25,Anthony J. Portantino,Y,N,Democratic,274855
Los Angeles,State Senate,25,Kathleen Hazelton,N,N,Republican,147267
Los Angeles,State Senate,27,Henry Stern,Y,N,Democratic,188276
Los Angeles,State Senate,27,Houman Salem,N,N,Republican,103363
Los Angeles,State Senate,29,Josh Newman,N,N,Democratic,36524
Los Angeles,State Senate,29,Ling Ling Chang,Y,N,Republican,33513
Los Angeles,State Senate,33,Elizabeth C. Castillo,N,N,Democratic,101831
Los Angeles,State Senate,33,Lena Gonzalez,Y,N,Democratic,164752
Los Angeles,State Senate,35,Steven Craig Bradford,Y,N,Democratic,234881
Los Angeles,State Senate,35,Anthony Perry,N,N,American Independent,89080
Los Angeles,State Assembly,36,Steve Fox,N,N,Democratic,75849
Los Angeles,State Assembly,36,Tom Lackey,Y,N,Republican,86165
Los Angeles,State Assembly,38,Suzette Martinez Valladares,N,N,Republican,107535
Los Angeles,State Assembly,38,Lucie Lapointe Volotzky,N,N,Republican,29180
Los Angeles,State Assembly,39,Luz Maria Rivas,Y,N,Democratic,117207
Los Angeles,State Assembly,39,Ricardo Benitez,N,N,Republican,41033
Los Angeles,State Assembly,41,Chris Holden,Y,N,Democratic,135323
Los Angeles,State Assembly,41,Robin A. Hvidston,N,N,Republican,59257
Los Angeles,State Assembly,43,Laura Friedman,Y,N,Democratic,149214
Los Angeles,State Assembly,43,Mike Graves,N,N,Republican,65270
Los Angeles,State Assembly,44,Jacqui Irwin,Y,N,Democratic,2880
Los Angeles,State Assembly,44,Denise Pedrow,N,N,Republican,2320
Los Angeles,State Assembly,45,Jesse Gabriel,Y,N,Democratic,136244
Los Angeles,State Assembly,45,Jeffi Girgenti,N,N,Republican,69218
Los Angeles,State Assembly,46,Lanira K. Murphy,N,N,Democratic,60595
Los Angeles,State Assembly,46,Adrin Nazarian,Y,N,Democratic,104987
Los Angeles,State Assembly,48,Blanca E. Rubio,Y,N,Democratic,126430
Los Angeles,State Assembly,49,Ed Chau,Y,N,Democratic,107976
Los Angeles,State Assembly,49,Burton Brink,N,N,Republican,50988
Los Angeles,State Assembly,50,Richard Bloom,Y,N,Democratic,166503
Los Angeles,State Assembly,50,Will Hess,N,N,Democratic,40709
Los Angeles,State Assembly,51,Wendy Carrillo,Y,N,Democratic,127026
Los Angeles,State Assembly,52,Freddie Rodriguez,Y,N,Democratic,34798
Los Angeles,State Assembly,52,Toni Holle,N,N,Republican,11322
Los Angeles,State Assembly,53,Godfrey Santos Plata,N,N,Democratic,49580
Los Angeles,State Assembly,53,Miguel Santiago,Y,N,Democratic,63776
Los Angeles,State Assembly,54,Tracy Bernard Jones,N,N,Democratic,66915
Los Angeles,State Assembly,54,Sydney Kamlager,Y,N,Democratic,119818
Los Angeles,State Assembly,55,Andrew E. Rodriguez,N,N,Democratic,35458
Los Angeles,State Assembly,55,Phillip Chen,Y,N,Republican,34151
Los Angeles,State Assembly,57,Lisa Calderon,N,N,Democratic,114122
Los Angeles,State Assembly,57,Jessica Martinez,N,N,Republican,74371
Los Angeles,State Assembly,58,Cristina Garcia,Y,N,Democratic,122864
Los Angeles,State Assembly,58,Margaret Villa,N,N,Green,41100
Los Angeles,State Assembly,59,Reggie Jones-Sawyer,Y,N,Democratic,63448
Los Angeles,State Assembly,59,Efren Martinez,N,N,Democratic,46853
Los Angeles,State Assembly,62,Autumn R. Burke,Y,N,Democratic,158832
Los Angeles,State Assembly,62,Robert A. Steele,N,N,Republican,37500
Los Angeles,State Assembly,63,Maria D. Estrada,N,N,Democratic,61611
Los Angeles,State Assembly,63,Anthony Rendon,Y,N,Democratic,71460
Los Angeles,State Assembly,64,Mike Anthony Gipson,Y,N,Democratic,83559
Los Angeles,State Assembly,64,Fatima S. Iqbal-Zubair,N,N,Democratic,56875
Los Angeles,State Assembly,66,Al Muratsuchi,Y,N,Democratic,145874
Los Angeles,State Assembly,66,Arthur C. Schaper,N,N,Republican,84867
Los Angeles,State Assembly,70,Patrick O'Donnell,Y,N,Democratic,143191
Los Angeles,State Assembly,70,David W. Thomas,N,N,Republican,56516
Madera,President,,Joseph R. Biden,N,N,Democratic,23168
Madera,President,,Donald J. Trump,Y,N,Republican,29378
Madera,President,,"Roque ""Rocky"" De La Fuente Guerra",N,N,American Independent,173
Madera,President,,Howie Hawkins,N,N,Green,217
Madera,President,,Jo Jorgensen,N,N,Libertarian,621
Madera,President,,Gloria La Riva,N,N,Peace and Freedom,165
Madera,President,,Brian Carroll,N,Y,,8
Madera,President,,Mark Charles,N,Y,,0
Madera,President,,Joseph Kishore,N,Y,,0
Madera,President,,Brock Pierce,N,Y,,0
Madera,President,,Jesse Ventura,N,Y,,2
Madera,U.S. House,4,Brynne S. Kennedy,N,N,Democratic,5428
Madera,U.S. House,4,Tom McClintock,Y,N,Republican,10692
Madera,U.S. House,16,Jim Costa,Y,N,Democratic,16427
Madera,U.S. House,16,Kevin Cookingham,N,N,Republican,20273
Madera,State Assembly,5,Frank Bigelow,Y,N,Republican,40532
Marin,President,,Joseph R. Biden,N,N,Democratic,128288
Marin,President,,Donald J. Trump,Y,N,Republican,24612
Marin,President,,"Roque ""Rocky"" De La Fuente Guerra",N,N,American Independent,380
Marin,President,,Howie Hawkins,N,N,Green,724
Marin,President,,Jo Jorgensen,N,N,Libertarian,1536
Marin,President,,Gloria La Riva,N,N,Peace and Freedom,261
Marin,President,,Brian Carroll,N,Y,,11
Marin,President,,Mark Charles,N,Y,,6
Marin,President,,Joseph Kishore,N,Y,,0
Marin,President,,Brock Pierce,N,Y,,3
Marin,President,,Jesse Ventura,N,Y,,9
Marin,U.S. House,2,Jared Huffman,Y,N,Democratic,124729
Marin,U.S. House,2,Dale K. Mensing,N,N,Republican,25363
Marin,State Assembly,10,"Veronica ""Roni"" Jacobi",N,N,Democratic,39942
Marin,State Assembly,10,Marc Levine,Y,N,Democratic,96867
Mariposa,President,,Joseph R. Biden,N,N,Democratic,4088
Mariposa,President,,Donald J. Trump,Y,N,Republican,5950
Mariposa,President,,"Roque ""Rocky"" De La Fuente Guerra",N,N,American Independent,26
Mariposa,President,,Howie Hawkins,N,N,Green,39
Mariposa,President,,Jo Jorgensen,N,N,Libertarian,155
Mariposa,President,,Gloria La Riva,N,N,Peace and Freedom,22
Mariposa,President,,Brian Carroll,N,Y,,0
Mariposa,President,,Mark Charles,N,Y,,0
Mariposa,President,,Joseph Kishore,N,Y,,0
Mariposa,President,,Brock Pierce,N,Y,,0
Mariposa,President,,Jesse Ventura,N,Y,,0
Mariposa,U.S. House,4,Brynne S. Kennedy,N,N,Democratic,4195
Mariposa,U.S. House,4,Tom McClintock,Y,N,Republican,5906
Mariposa,State Assembly,5,Frank Bigelow,Y,N,Republican,7096
Mendocino,President,,Joseph R. Biden,N,N,Democratic,28782
Mendocino,President,,Donald J. Trump,Y,N,Republican,13267
Mendocino,President,,"Roque ""Rocky"" De La Fuente Guerra",N,N,American Independent,123
Mendocino,President,,Howie Hawkins,N,N,Green,394
Mendocino,President,,Jo Jorgensen,N,N,Libertarian,591
Mendocino,President,,Gloria La Riva,N,N,Peace and Freedom,179
Mendocino,President,,Brian Carroll,N,Y,,0
Mendocino,President,,Mark Charles,N,Y,,1
Mendocino,President,,Joseph Kishore,N,Y,,0
Mendocino,President,,Brock Pierce,N,Y,,0
Mendocino,President,,Jesse Ventura,N,Y,,3
Mendocino,U.S. House,2,Jared Huffman,Y,N,Democratic,29925
Mendocino,U.S. House,2,Dale K. Mensing,N,N,Republican,12806
Mendocino,State Assembly,2,Jim Wood,Y,N,Democratic,28939
Mendocino,State Assembly,2,Charlotte Svolos,N,N,Republican,13357
Merced,President,,Joseph R. Biden,N,N,Democratic,48991
Merced,President,,Donald J. Trump,Y,N,Republican,39397
Merced,President,,"Roque ""Rocky"" De La Fuente Guerra",N,N,American Independent,391
Merced,President,,Howie Hawkins,N,N,Green,388
Merced,President,,Jo Jorgensen,N,N,Libertarian,941
Merced,President,,Gloria La Riva,N,N,Peace and Freedom,433
Merced,President,,Brian Carroll,N,Y,,10
Merced,President,,Mark Charles,N,Y,,0
Merced,President,,Joseph Kishore,N,Y,,0
Merced,President,,Brock Pierce,N,Y,,0
Merced,President,,Jesse Ventura,N,Y,,3
Merced,U.S. House,16,Jim Costa,Y,N,Democratic,49613
Merced,U.S. House,16,Kevin Cookingham,N,N,Republican,39777
Merced,State Assembly,21,Adam Gray,Y,N,Democratic,52933
Merced,State Assembly,21,Joel Gutierrez Campos,N,N,Republican,35536
Modoc,President,,Joseph R. Biden,N,N,Democratic,1150
Modoc,President,,Donald J. Trump,Y,N,Republican,3109
Modoc,President,,"Roque ""Rocky"" De La Fuente Guerra",N,N,American Independent,13
Modoc,President,,Howie Hawkins,N,N,Green,15
Modoc,President,,Jo Jorgensen,N,N,Libertarian,39
Modoc,President,,Gloria La Riva,N,N,Peace and Freedom,12
Modoc,President,,Brian Carroll,N,Y,,2
Modoc,President,,Mark Charles,N,Y,,2
Modoc,President,,Joseph Kishore,N,Y,,0
Modoc,President,,Brock Pierce,N,Y,,0
Modoc,President,,Jesse Ventura,N,Y,,1
Modoc,U.S. House,1,Audrey Denney,N,N,Democratic,1290
Modoc,U.S. House,1,Doug LaMalfa,Y,N,Republican,3025
Modoc,State Senate,1,Pamela Dawn Swartz,N,N,Democratic,1031
Modoc,State Senate,1,Brian Dahle,Y,N,Republican,3223
Modoc,State Assembly,1,Elizabeth L Betancourt,N,N,Democratic,1133
Modoc,State Assembly,1,Megan Dahle,Y,N,Republican,3134
Mono,President,,Joseph R. Biden,N,N,Democratic,4013
Mono,President,,Donald J. Trump,Y,N,Republican,2513
Mono,President,,"Roque ""Rocky"" De La Fuente Guerra",N,N,American Independent,25
Mono,President,,Howie Hawkins,N,N,Green,42
Mono,President,,Jo Jorgensen,N,N,Libertarian,126
Mono,President,,Gloria La Riva,N,N,Peace and Freedom,18
Mono,President,,Brian Carroll,N,Y,,0
Mono,President,,Mark Charles,N,Y,,0
Mono,President,,Joseph Kishore,N,Y,,0
Mono,President,,Brock Pierce,N,Y,,0
Mono,President,,Jesse Ventura,N,Y,,1
Mono,U.S. House,8,Christine Bubser,N,N,Democratic,3969
Mono,U.S. House,8,Jay Obernolte,N,N,Republican,2633
Mono,State Assembly,5,Frank Bigelow,Y,N,Republican,3773
Monterey,President,,Joseph R. Biden,N,N,Democratic,113953
Monterey,President,,Donald J. Trump,Y,N,Republican,46299
Monterey,President,,"Roque ""Rocky"" De La Fuente Guerra",N,N,American Independent,566
Monterey,President,,Howie Hawkins,N,N,Green,749
Monterey,President,,Jo Jorgensen,N,N,Libertarian,1820
Monterey,President,,Gloria La Riva,N,N,Peace and Freedom,496
Monterey,President,,Brian Carroll,N,Y,,27
Monterey,President,,Mark Charles,N,Y,,5
Monterey,President,,Joseph Kishore,N,Y,,2
Monterey,President,,Brock Pierce,N,Y,,0
Monterey,President,,Jesse Ventura,N,Y,,6
Monterey,U.S. House,20,Jimmy Panetta,Y,N,Democratic,122057
Monterey,U.S. House,20,Jeff Gorman,N,N,Republican,41291
Monterey,State Senate,17,John Laird,N,N,Democratic,62913
Monterey,State Senate,17,Vicki Nohrden,N,N,Republican,33077
Monterey,State Assembly,29,Mark Stone,Y,N,Democratic,60620
Monterey,State Assembly,29,Shomir Banerjee,N,N,Republican,26656
Monterey,State Assembly,30,Robert Rivas,Y,N,Democratic,52340
Monterey,State Assembly,30,Gregory Swett,N,N,Republican,19173
Napa,President,,Joseph R. Biden,N,N,Democratic,49817
Napa,President,,Donald J. Trump,Y,N,Republican,20676
Napa,President,,"Roque ""Rocky"" De La Fuente Guerra",N,N,American Independent,241
Napa,President,,Howie Hawkins,N,N,Green,310
Napa,President,,Jo Jorgensen,N,N,Libertarian,914
Napa,President,,Gloria La Riva,N,N,Peace and Freedom,164
Napa,President,,Brian Carroll,N,Y,,22
Napa,President,,Mark Charles,N,Y,,0
Napa,President,,Joseph Kishore,N,Y,,0
Napa,President,,Brock Pierce,N,Y,,2
Napa,President,,Jesse Ventura,N,Y,,4
Napa,U.S. House,5,Mike Thompson,Y,N,Democratic,52204
Napa,U.S. House,5,Scott Giblin,N,N,Republican,18472
Napa,State Senate,3,Bill Dodd,Y,N,Democratic,50780
Napa,State Senate,3,Carlos Santamaria,N,N,Republican,19643
Napa,State Assembly,4,Cecilia Aguiar-Curry,Y,N,Democratic,47855
Napa,State Assembly,4,Matthew L. Nelson,N,N,Republican,21924
Nevada,President,,Joseph R. Biden,N,N,Democratic,36359
Nevada,President,,Donald J. Trump,Y,N,Republican,26779
Nevada,President,,"Roque ""Rocky"" De La Fuente Guerra",N,N,American Independent,189
Nevada,President,,Howie Hawkins,N,N,Green,345
Nevada,President,,Jo Jorgensen,N,N,Libertarian,919
Nevada,President,,Gloria La Riva,N,N,Peace and Freedom,147
Nevada,President,,Brian Carroll,N,Y,,6
Nevada,President,,Mark Charles,N,Y,,2
Nevada,President,,Joseph Kishore,N,Y,,0
Nevada,President,,Brock Pierce,N,Y,,3
Nevada,President,,Jesse Ventura,N,Y,,1
Nevada,U.S. House,1,Audrey Denney,N,N,Democratic,29658
Nevada,U.S. House,1,Doug LaMalfa,Y,N,Republican,24914
Nevada,U.S. House,4,Brynne S. Kennedy,N,N,Democratic,7508
Nevada,U.S. House,4,Tom McClintock,Y,N,Republican,2495
Nevada,State Senate,1,Pamela Dawn Swartz,N,N,Democratic,33989
Nevada,State Senate,1,Brian Dahle,Y,N,Republican,29964
Nevada,State Assembly,1,Elizabeth L Betancourt,N,N,Democratic,35367
Nevada,State Assembly,1,Megan Dahle,Y,N,Republican,28510
Orange,President,,Joseph R. Biden,N,N,Democratic,814009
Orange,President,,Donald J. Trump,Y,N,Republican,676498
Orange,President,,"Roque ""Rocky"" De La Fuente Guerra",N,N,American Independent,4642
Orange,President,,Howie Hawkins,N,N,Green,5819
Orange,President,,Jo Jorgensen,N,N,Libertarian,17325
Orange,President,,Gloria La Riva,N,N,Peace and Freedom,3432
Orange,President,,Brian Carroll,N,Y,,297
Orange,President,,Mark Charles,N,Y,,44
Orange,President,,Joseph Kishore,N,Y,,5
Orange,President,,Brock Pierce,N,Y,,12
Orange,President,,Jesse Ventura,N,Y,,30
Orange,U.S. House,38,Linda T. SÃ¡nchez,Y,N,Democratic,4504
Orange,U.S. House,38,Michael Tolar,N,N,Democratic,2111
Orange,U.S. House,39,Gil Cisneros,Y,N,Democratic,105133
Orange,U.S. House,39,Young Kim,N,N,Republican,115034
Orange,U.S. House,45,Katie Porter,Y,N,Democratic,221843
Orange,U.S. House,45,Greg Raths,N,N,Republican,193096
Orange,U.S. House,46,Lou Correa,Y,N,Democratic,157803
Orange,U.S. House,46,James S. Waters,N,N,Republican,71716
Orange,U.S. House,47,Alan Lowenthal,Y,N,Democratic,67043
Orange,U.S. House,47,John Briscoe,N,N,Republican,62220
Orange,U.S. House,48,Harley Rouda,Y,N,Democratic,193362
Orange,U.S. House,48,Michelle Steel,N,N,Republican,201738
Orange,U.S. House,49,Mike Levin,Y,N,Democratic,44853
Orange,U.S. House,49,Brian Maryott,N,N,Republican,57423
Orange,State Senate,29,Josh Newman,N,N,Democratic,159845
Orange,State Senate,29,Ling Ling Chang,Y,N,Republican,150035
Orange,State Senate,37,Dave Min,N,N,Democratic,270522
Orange,State Senate,37,John M. W. Moorlach,Y,N,Republican,258421
Orange,State Assembly,55,Andrew E. Rodriguez,N,N,Democratic,49914
Orange,State Assembly,55,Phillip Chen,Y,N,Republican,70684
Orange,State Assembly,65,Sharon Quirk-Silva,Y,N,Democratic,112333
Orange,State Assembly,65,Cynthia Thacker,N,N,Republican,80468
Orange,State Assembly,68,Melissa Fox,N,N,Democratic,120965
Orange,State Assembly,68,"Steven ""Steve"" Choi",Y,N,Republican,136841
Orange,State Assembly,69,Tom Daly,Y,N,Democratic,99731
Orange,State Assembly,69,Jon Paul White,N,N,Republican,37065
Orange,State Assembly,72,Diedre Nguyen,N,N,Democratic,103707
Orange,State Assembly,72,Janet Nguyen,N,N,Republican,122483
Orange,State Assembly,73,Scott Rhinehart,N,N,Democratic,114578
Orange,State Assembly,73,Laurie Davies,N,N,Republican,161650
Orange,State Assembly,74,Cottie Petrie-Norris,Y,N,Democratic,133607
Orange,State Assembly,74,Diane Dixon,N,N,Republican,131023
Placer,President,,Joseph R. Biden,N,N,Democratic,106869
Placer,President,,Donald J. Trump,Y,N,Republican,122488
Placer,President,,"Roque ""Rocky"" De La Fuente Guerra",N,N,American Independent,593
Placer,President,,Howie Hawkins,N,N,Green,779
Placer,President,,Jo Jorgensen,N,N,Libertarian,3948
Placer,President,,Gloria La Riva,N,N,Peace and Freedom,340
Placer,President,,Brian Carroll,N,Y,,41
Placer,President,,Mark Charles,N,Y,,15
Placer,President,,Joseph Kishore,N,Y,,0
Placer,President,,Brock Pierce,N,Y,,1
Placer,President,,Jesse Ventura,N,Y,,10
Placer,U.S. House,1,Audrey Denney,N,N,Democratic,11092
Placer,U.S. House,1,Doug LaMalfa,Y,N,Republican,16830
Placer,U.S. House,4,Brynne S. Kennedy,N,N,Democratic,92678
Placer,U.S. House,4,Tom McClintock,Y,N,Republican,109379
Placer,State Senate,1,Pamela Dawn Swartz,N,N,Democratic,56614
Placer,State Senate,1,Brian Dahle,Y,N,Republican,84209
Placer,State Assembly,1,Elizabeth L Betancourt,N,N,Democratic,15544
Placer,State Assembly,1,Megan Dahle,Y,N,Republican,18344
Placer,State Assembly,5,Frank Bigelow,Y,N,Republican,8678
Placer,State Assembly,6,Jackie Smith,N,N,Democratic,72118
Placer,State Assembly,6,Kevin Kiley,Y,N,Republican,105358
Plumas,President,,Joseph R. Biden,N,N,Democratic,4561
Plumas,President,,Donald J. Trump,Y,N,Republican,6445
Plumas,President,,"Roque ""Rocky"" De La Fuente Guerra",N,N,American Independent,31
Plumas,President,,Howie Hawkins,N,N,Green,39
Plumas,President,,Jo Jorgensen,N,N,Libertarian,153
Plumas,President,,Gloria La Riva,N,N,Peace and Freedom,27
Plumas,President,,Brian Carroll,N,Y,,3
Plumas,President,,Mark Charles,N,Y,,0
Plumas,President,,Joseph Kishore,N,Y,,0
Plumas,President,,Brock Pierce,N,Y,,1
Plumas,President,,Jesse Ventura,N,Y,,0
Plumas,U.S. House,1,Audrey Denney,N,N,Democratic,4737
Plumas,U.S. House,1,Doug LaMalfa,Y,N,Republican,6541
Plumas,State Senate,1,Pamela Dawn Swartz,N,N,Democratic,4256
Plumas,State Senate,1,Brian Dahle,Y,N,Republican,6937
Plumas,State Assembly,1,Elizabeth L Betancourt,N,N,Democratic,4497
Plumas,State Assembly,1,Megan Dahle,Y,N,Republican,6688
Riverside,President,,Joseph R. Biden,N,N,Democratic,528340
Riverside,President,,Donald J. Trump,Y,N,Republican,449144
Riverside,President,,"Roque ""Rocky"" De La Fuente Guerra",N,N,American Independent,3392
Riverside,President,,Howie Hawkins,N,N,Green,3372
Riverside,President,,Jo Jorgensen,N,N,Libertarian,9970
Riverside,President,,Gloria La Riva,N,N,Peace and Freedom,2789
Riverside,President,,Brian Carroll,N,Y,,122
Riverside,President,,Mark Charles,N,Y,,12
Riverside,President,,Joseph Kishore,N,Y,,1
Riverside,President,,Brock Pierce,N,Y,,4
Riverside,President,,Jesse Ventura,N,Y,,10
Riverside,U.S. House,36,Raul Ruiz,Y,N,Democratic,185151
Riverside,U.S. House,36,Erin Cruz,N,N,Republican,121698
Riverside,U.S. House,41,Mark Takano,Y,N,Democratic,168126
Riverside,U.S. House,41,Aja Smith,N,N,Republican,94447
Riverside,U.S. House,42,"William ""Liam"" O'Mara",N,N,Democratic,157773
Riverside,U.S. House,42,Ken Calvert,Y,N,Republican,210274
Riverside,U.S. House,50,Ammar Campa-Najjar,N,N,Democratic,18903
Riverside,U.S. House,50,Darrell Issa,N,N,Republican,23885
Riverside,State Senate,23,Abigail Medina,N,N,Democratic,71015
Riverside,State Senate,23,Rosilicie Ochoa Bogh,N,N,Republican,85594
Riverside,State Senate,31,Richard D. Roth,Y,N,Democratic,216910
Riverside,State Senate,31,Rod D Taylor,N,N,Republican,150734
Riverside,State Assembly,42,Andrew F. Kotyuk,N,N,Republican,68462
Riverside,State Assembly,42,Chad Mayes,Y,N,No Party Preference,95553
Riverside,State Assembly,56,Eduardo Garcia,Y,N,Democratic,62676
Riverside,State Assembly,56,America Figueroa,N,N,Republican,35264
Riverside,State Assembly,60,Sabrina Cervantes,Y,N,Democratic,110133
Riverside,State Assembly,60,Chris Raahauge,N,N,Republican,85116
Riverside,State Assembly,61,Jose Medina,Y,N,Democratic,116060
Riverside,State Assembly,61,Ali Mazarei,N,N,Republican,59979
Riverside,State Assembly,67,Jerry Carlos,N,N,Democratic,96180
Riverside,State Assembly,67,Kelly Seyarto,N,N,Republican,144396
Riverside,State Assembly,71,"Liz ""Elizabeth"" Lavertu",N,N,Democratic,6957
Riverside,State Assembly,71,Randy Voepel,Y,N,Republican,12052
Riverside,State Assembly,75,"Karen ""Kate"" Schwartz",N,N,Democratic,25960
Riverside,State Assembly,75,Marie Waldron,Y,N,Republican,37395
Sacramento,President,,Joseph R. Biden,N,N,Democratic,440808
Sacramento,President,,Donald J. Trump,Y,N,Republican,259405
Sacramento,President,,"Roque ""Rocky"" De La Fuente Guerra",N,N,American Independent,2630
Sacramento,President,,Howie Hawkins,N,N,Green,3254
Sacramento,President,,Jo Jorgensen,N,N,Libertarian,9770
Sacramento,President,,Gloria La Riva,N,N,Peace and Freedom,2423
Sacramento,President,,Brian Carroll,N,Y,,95
Sacramento,President,,Mark Charles,N,Y,,22
Sacramento,President,,Joseph Kishore,N,Y,,1
Sacramento,President,,Brock Pierce,N,Y,,13
Sacramento,President,,Jesse Ventura,N,Y,,19
Sacramento,U.S. House,3,John Garamendi,Y,N,Democratic,6708
Sacramento,U.S. House,3,Tamika Hamilton,N,N,Republican,8821
Sacramento,U.S. House,6,Doris Matsui,Y,N,Democratic,214776
Sacramento,U.S. House,6,Chris Bish,N,N,Republican,75658
Sacramento,U.S. House,7,Ami Bera,Y,N,Democratic,217416
Sacramento,U.S. House,7,Buzz Patterson,N,N,Republican,166549
Sacramento,U.S. House,9,Jerry McNerney,Y,N,Democratic,5256
Sacramento,U.S. House,9,Antonio C. 'Tony' Amador,N,N,Republican,7278
Sacramento,State Senate,1,Pamela Dawn Swartz,N,N,Democratic,38269
Sacramento,State Senate,1,Brian Dahle,Y,N,Republican,47569
Sacramento,State Senate,3,Bill Dodd,Y,N,Democratic,1420
Sacramento,State Senate,3,Carlos Santamaria,N,N,Republican,1548
Sacramento,State Senate,5,Susan Talamantes Eggman,N,N,Democratic,5409
Sacramento,State Senate,5,Jim Ridenour,N,N,Republican,7148
Sacramento,State Assembly,6,Jackie Smith,N,N,Democratic,35363
Sacramento,State Assembly,6,Kevin Kiley,Y,N,Republican,46135
Sacramento,State Assembly,7,Kevin McCarty,Y,N,Democratic,133933
Sacramento,State Assembly,7,James O Just,N,N,Libertarian,46265
Sacramento,State Assembly,8,Ken Cooley,Y,N,Democratic,126969
Sacramento,State Assembly,8,Cathy Cook,N,N,Republican,103496
Sacramento,State Assembly,9,Jim Cooper,Y,N,Democratic,127585
Sacramento,State Assembly,9,Eric M. Rigard,N,N,Republican,56224
Sacramento,State Assembly,11,Jim Frazier,Y,N,Democratic,1036
Sacramento,State Assembly,11,Debra Schwab,N,N,Republican,917
San Benito,President,,Joseph R. Biden,N,N,Democratic,17628
San Benito,President,,Donald J. Trump,Y,N,Republican,10590
San Benito,President,,"Roque ""Rocky"" De La Fuente Guerra",N,N,American Independent,84
San Benito,President,,Howie Hawkins,N,N,Green,91
San Benito,President,,Jo Jorgensen,N,N,Libertarian,345
San Benito,President,,Gloria La Riva,N,N,Peace and Freedom,83
San Benito,President,,Brian Carroll,N,Y,,6
San Benito,President,,Mark Charles,N,Y,,2
San Benito,President,,Joseph Kishore,N,Y,,0
San Benito,President,,Brock Pierce,N,Y,,0
San Benito,President,,Jesse Ventura,N,Y,,1
San Benito,U.S. House,20,Jimmy Panetta,Y,N,Democratic,18735
San Benito,U.S. House,20,Jeff Gorman,N,N,Republican,9412
San Benito,State Assembly,30,Robert Rivas,Y,N,Democratic,17839
San Benito,State Assembly,30,Gregory Swett,N,N,Republican,10237
San Bernardino,President,,Joseph R. Biden,N,N,Democratic,455859
San Bernardino,President,,Donald J. Trump,Y,N,Republican,366257
San Bernardino,President,,"Roque ""Rocky"" De La Fuente Guerra",N,N,American Independent,3355
San Bernardino,President,,Howie Hawkins,N,N,Green,3619
San Bernardino,President,,Jo Jorgensen,N,N,Libertarian,8791
San Bernardino,President,,Gloria La Riva,N,N,Peace and Freedom,3050
San Bernardino,President,,Brian Carroll,N,Y,,141
San Bernardino,President,,Mark Charles,N,Y,,20
San Bernardino,President,,Joseph Kishore,N,Y,,3
San Bernardino,President,,Brock Pierce,N,Y,,2
San Bernardino,President,,Jesse Ventura,N,Y,,33
San Bernardino,U.S. House,8,Christine Bubser,N,N,Democratic,115872
San Bernardino,U.S. House,8,Jay Obernolte,N,N,Republican,151376
San Bernardino,U.S. House,27,Judy Chu,Y,N,Democratic,10258
San Bernardino,U.S. House,27,Johnny J. Nalbandian,N,N,Republican,11509
San Bernardino,U.S. House,31,Pete Aguilar,Y,N,Democratic,175315
San Bernardino,U.S. House,31,Agnes Gibboney,N,N,Republican,110735
San Bernardino,U.S. House,35,Norma J. Torres,Y,N,Democratic,134665
San Bernardino,U.S. House,35,Mike Cargile,N,N,Republican,62937
San Bernardino,U.S. House,39,Gil Cisneros,Y,N,Democratic,18834
San Bernardino,U.S. House,39,Young Kim,N,N,Republican,20230
San Bernardino,State Senate,21,Kipp Mueller,N,N,Democratic,57180
San Bernardino,State Senate,21,Scott Wilk,Y,N,Republican,69330
San Bernardino,State Senate,23,Abigail Medina,N,N,Democratic,132380
San Bernardino,State Senate,23,Rosilicie Ochoa Bogh,N,N,Republican,139334
San Bernardino,State Senate,25,Anthony J. Portantino,Y,N,Democratic,20577
San Bernardino,State Senate,25,Kathleen Hazelton,N,N,Republican,19262
San Bernardino,State Senate,29,Josh Newman,N,N,Democratic,18087
San Bernardino,State Senate,29,Ling Ling Chang,Y,N,Republican,20214
San Bernardino,State Assembly,33,Rick Herrick,N,N,Republican,71567
San Bernardino,State Assembly,33,"Thurston ""Smitty"" Smith",N,N,Republican,86948
San Bernardino,State Assembly,36,Steve Fox,N,N,Democratic,2395
San Bernardino,State Assembly,36,Tom Lackey,Y,N,Republican,6120
San Bernardino,State Assembly,40,James C. Ramos,Y,N,Democratic,111885
San Bernardino,State Assembly,40,Jennifer Tullius,N,N,Republican,79821
San Bernardino,State Assembly,41,Chris Holden,Y,N,Democratic,25555
San Bernardino,State Assembly,41,Robin A. Hvidston,N,N,Republican,26347
San Bernardino,State Assembly,42,Andrew F. Kotyuk,N,N,Republican,27741
San Bernardino,State Assembly,42,Chad Mayes,Y,N,No Party Preference,24848
San Bernardino,State Assembly,47,Eloise Gomez Reyes,Y,N,Democratic,109635
San Bernardino,State Assembly,47,Matthew Gordon,N,N,Republican,49170
San Bernardino,State Assembly,52,Freddie Rodriguez,Y,N,Democratic,77367
San Bernardino,State Assembly,52,Toni Holle,N,N,Republican,40700
San Bernardino,State Assembly,55,Andrew E. Rodriguez,N,N,Democratic,17311
San Bernardino,State Assembly,55,Phillip Chen,Y,N,Republican,20377
San Diego,President,,Joseph R. Biden,N,N,Democratic,964650
San Diego,President,,Donald J. Trump,Y,N,Republican,600094
San Diego,President,,"Roque ""Rocky"" De La Fuente Guerra",N,N,American Independent,5302
San Diego,President,,Howie Hawkins,N,N,Green,7421
San Diego,President,,Jo Jorgensen,N,N,Libertarian,21386
San Diego,President,,Gloria La Riva,N,N,Peace and Freedom,2869
San Diego,President,,Brian Carroll,N,Y,,275
San Diego,President,,Mark Charles,N,Y,,51
San Diego,President,,Joseph Kishore,N,Y,,30
San Diego,President,,Brock Pierce,N,Y,,16
San Diego,President,,Jesse Ventura,N,Y,,49
San Diego,U.S. House,49,Mike Levin,Y,N,Democratic,160496
San Diego,U.S. House,49,Brian Maryott,N,N,Republican,123734
San Diego,U.S. House,50,Ammar Campa-Najjar,N,N,Democratic,147966
San Diego,U.S. House,50,Darrell Issa,N,N,Republican,171636
San Diego,U.S. House,51,Juan C. Vargas,Y,N,Democratic,130728
San Diego,U.S. House,51,"Juan M Hidalgo, Jr",N,N,Republican,56754
San Diego,U.S. House,52,Scott Peters,Y,N,Democratic,244145
San Diego,U.S. House,52,Jim DeBello,N,N,Republican,152350
San Diego,U.S. House,53,Georgette GÃ³mez,N,N,Democratic,135614
San Diego,U.S. House,53,Sara Jacobs,N,N,Democratic,199244
San Diego,State Senate,39,Toni Atkins,Y,N,Democratic,336467
San Diego,State Senate,39,Linda Blankenship,N,N,Republican,171952
San Diego,State Assembly,71,"Liz ""Elizabeth"" Lavertu",N,N,Democratic,85435
San Diego,State Assembly,71,Randy Voepel,Y,N,Republican,124111
San Diego,State Assembly,75,"Karen ""Kate"" Schwartz",N,N,Democratic,81210
San Diego,State Assembly,75,Marie Waldron,Y,N,Republican,91181
San Diego,State Assembly,76,Tasha Boerner Horvath,Y,N,Democratic,132688
San Diego,State Assembly,76,Melanie Burkholder,N,N,Republican,105855
San Diego,State Assembly,77,Brian Maienschein,Y,N,Democratic,149367
San Diego,State Assembly,77,June Yang Cutter,N,N,Republican,118396
San Diego,State Assembly,78,Sarah Davis,N,N,Democratic,96486
San Diego,State Assembly,78,Chris Ward,N,N,Democratic,123755
San Diego,State Assembly,79,Shirley N. Weber,Y,N,Democratic,147994
San Diego,State Assembly,79,John Moore,N,N,Republican,78367
San Diego,State Assembly,80,Lorena Gonzalez,Y,N,Democratic,121661
San Diego,State Assembly,80,John J. Vogel,N,N,Republican,48390
San Francisco,President,,Joseph R. Biden,N,N,Democratic,378156
San Francisco,President,,Donald J. Trump,Y,N,Republican,56417
San Francisco,President,,"Roque ""Rocky"" De La Fuente Guerra",N,N,American Independent,1262
San Francisco,President,,Howie Hawkins,N,N,Green,2781
San Francisco,President,,Jo Jorgensen,N,N,Libertarian,3299
San Francisco,President,,Gloria La Riva,N,N,Peace and Freedom,1543
San Francisco,President,,Brian Carroll,N,Y,,48
San Francisco,President,,Mark Charles,N,Y,,17
San Francisco,President,,Joseph Kishore,N,Y,,5
San Francisco,President,,Brock Pierce,N,Y,,7
San Francisco,President,,Jesse Ventura,N,Y,,18
San Francisco,U.S. House,12,Shahid Buttar,N,N,Democratic,81174
San Francisco,U.S. House,12,Nancy Pelosi,Y,N,Democratic,281776
San Francisco,U.S. House,13,Barbara Lee,Y,N,Democratic,0
San Francisco,U.S. House,13,Nikka Piterman,N,N,Republican,0
San Francisco,U.S. House,14,Jackie Speier,Y,N,Democratic,39670
San Francisco,U.S. House,14,Ran S. Petel,N,N,Republican,9179
San Francisco,State Senate,11,Jackie Fielder,N,N,Democratic,168348
San Francisco,State Senate,11,Scott Wiener,Y,N,Democratic,229160
San Francisco,State Assembly,17,David Chiu,Y,N,Democratic,190731
San Francisco,State Assembly,17,Starchild,N,N,Libertarian,23834
San Francisco,State Assembly,19,Phil Ting,Y,N,Democratic,134175
San Francisco,State Assembly,19,John P. McDonnell,N,N,Republican,39283
San Joaquin,President,,Joseph R. Biden,N,N,Democratic,161137
San Joaquin,President,,Donald J. Trump,Y,N,Republican,121098
San Joaquin,President,,"Roque ""Rocky"" De La Fuente Guerra",N,N,American Independent,1251
San Joaquin,President,,Howie Hawkins,N,N,Green,1064
San Joaquin,President,,Jo Jorgensen,N,N,Libertarian,2929
San Joaquin,President,,Gloria La Riva,N,N,Peace and Freedom,964
San Joaquin,President,,Brian Carroll,N,Y,,34
San Joaquin,President,,Mark Charles,N,Y,,8
San Joaquin,President,,Joseph Kishore,N,Y,,0
San Joaquin,President,,Brock Pierce,N,Y,,0
San Joaquin,President,,Jesse Ventura,N,Y,,7
San Joaquin,U.S. House,9,Jerry McNerney,Y,N,Democratic,110303
San Joaquin,U.S. House,9,Antonio C. 'Tony' Amador,N,N,Republican,81175
San Joaquin,U.S. House,10,Josh Harder,Y,N,Democratic,51362
San Joaquin,U.S. House,10,Ted Howze,N,N,Republican,40180
San Joaquin,State Senate,5,Susan Talamantes Eggman,N,N,Democratic,161205
San Joaquin,State Senate,5,Jim Ridenour,N,N,Republican,121893
San Joaquin,State Assembly,9,Jim Cooper,Y,N,Democratic,14503
San Joaquin,State Assembly,9,Eric M. Rigard,N,N,Republican,17518
San Joaquin,State Assembly,12,Paul Akinjo,N,N,Democratic,30824
San Joaquin,State Assembly,12,Heath Flora,Y,N,Republican,46583
San Joaquin,State Assembly,13,Kathy Miller,N,N,Democratic,78609
San Joaquin,State Assembly,13,Carlos Villapudua,N,N,Democratic,83746
San Luis Obispo,President,,Joseph R. Biden,N,N,Democratic,88310
San Luis Obispo,President,,Donald J. Trump,Y,N,Republican,67436
San Luis Obispo,President,,"Roque ""Rocky"" De La Fuente Guerra",N,N,American Independent,455
San Luis Obispo,President,,Howie Hawkins,N,N,Green,794
San Luis Obispo,President,,Jo Jorgensen,N,N,Libertarian,2408
San Luis Obispo,President,,Gloria La Riva,N,N,Peace and Freedom,278
San Luis Obispo,President,,Brian Carroll,N,Y,,22
San Luis Obispo,President,,Mark Charles,N,Y,,7
San Luis Obispo,President,,Joseph Kishore,N,Y,,1
San Luis Obispo,President,,Brock Pierce,N,Y,,0
San Luis Obispo,President,,Jesse Ventura,N,Y,,3
San Luis Obispo,U.S. House,24,Salud Carbajal,Y,N,Democratic,84608
San Luis Obispo,U.S. House,24,Andy Caldwell,N,N,Republican,73172
San Luis Obispo,State Senate,17,John Laird,N,N,Democratic,81001
San Luis Obispo,State Senate,17,Vicki Nohrden,N,N,Republican,73327
San Luis Obispo,State Assembly,35,Dawn Addis,N,N,Democratic,70830
San Luis Obispo,State Assembly,35,Jordan Cunningham,Y,N,Republican,85530
San Luis Obispo,State Assembly,37,Steve Bennett,N,N,Democratic,0
San Luis Obispo,State Assembly,37,Charles W. Cole,N,N,Republican,0
San Mateo,President,,Joseph R. Biden,N,N,Democratic,291496
San Mateo,President,,Donald J. Trump,Y,N,Republican,75584
San Mateo,President,,"Roque ""Rocky"" De La Fuente Guerra",N,N,American Independent,1145
San Mateo,President,,Howie Hawkins,N,N,Green,1595
San Mateo,President,,Jo Jorgensen,N,N,Libertarian,3554
San Mateo,President,,Gloria La Riva,N,N,Peace and Freedom,797
San Mateo,President,,Brian Carroll,N,Y,,59
San Mateo,President,,Mark Charles,N,Y,,4
San Mateo,President,,Joseph Kishore,N,Y,,2
San Mateo,President,,Brock Pierce,N,Y,,3
San Mateo,President,,Jesse Ventura,N,Y,,12
San Mateo,U.S. House,14,Jackie Speier,Y,N,Democratic,238630
San Mateo,U.S. House,14,Ran S. Petel,N,N,Republican,63526
San Mateo,U.S. House,18,Anna G. Eshoo,Y,N,Democratic,41710
San Mateo,U.S. House,18,Rishi Kumar,N,N,Democratic,18257
San Mateo,State Senate,11,Jackie Fielder,N,N,Democratic,22717
San Mateo,State Senate,11,Scott Wiener,Y,N,Democratic,25475
San Mateo,State Senate,13,Josh Becker,N,N,Democratic,229206
San Mateo,State Senate,13,Alexander Glew,N,N,Republican,76204
San Mateo,State Assembly,19,Phil Ting,Y,N,Democratic,41683
San Mateo,State Assembly,19,John P. McDonnell,N,N,Republican,11563
San Mateo,State Assembly,22,Kevin Mullin,Y,N,Democratic,182419
San Mateo,State Assembly,22,Mark Gilham,N,N,Republican,59531
San Mateo,State Assembly,24,Marc Berman,Y,N,Democratic,43987
San Mateo,State Assembly,24,Peter Ohtaki,N,N,Republican,16345
Santa Barbara,President,,Joseph R. Biden,N,N,Democratic,129963
Santa Barbara,President,,Donald J. Trump,Y,N,Republican,65736
Santa Barbara,President,,"Roque ""Rocky"" De La Fuente Guerra",N,N,American Independent,714
Santa Barbara,President,,Howie Hawkins,N,N,Green,939
Santa Barbara,President,,Jo Jorgensen,N,N,Libertarian,2416
Santa Barbara,President,,Gloria La Riva,N,N,Peace and Freedom,520
Santa Barbara,President,,Brian Carroll,N,Y,,35
Santa Barbara,President,,Mark Charles,N,Y,,7
Santa Barbara,President,,Joseph Kishore,N,Y,,2
Santa Barbara,President,,Brock Pierce,N,Y,,0
Santa Barbara,President,,Jesse Ventura,N,Y,,7
Santa Barbara,U.S. House,24,Salud Carbajal,Y,N,Democratic,124584
Santa Barbara,U.S. House,24,Andy Caldwell,N,N,Republican,74781
Santa Barbara,State Senate,19,S. Monique LimÃ³n,N,N,Democratic,127364
Santa Barbara,State Senate,19,Gary J. Michaels,N,N,Republican,69459
Santa Barbara,State Assembly,35,Dawn Addis,N,N,Democratic,32376
Santa Barbara,State Assembly,35,Jordan Cunningham,Y,N,Republican,41049
Santa Barbara,State Assembly,37,Steve Bennett,N,N,Democratic,86108
Santa Barbara,State Assembly,37,Charles W. Cole,N,N,Republican,35827
Santa Clara,President,,Joseph R. Biden,N,N,Democratic,617967
Santa Clara,President,,Donald J. Trump,Y,N,Republican,214612
Santa Clara,President,,"Roque ""Rocky"" De La Fuente Guerra",N,N,American Independent,2623
Santa Clara,President,,Howie Hawkins,N,N,Green,4040
Santa Clara,President,,Jo Jorgensen,N,N,Libertarian,9131
Santa Clara,President,,Gloria La Riva,N,N,Peace and Freedom,2149
Santa Clara,President,,Brian Carroll,N,Y,,151
Santa Clara,President,,Mark Charles,N,Y,,24
Santa Clara,President,,Joseph Kishore,N,Y,,8
Santa Clara,President,,Brock Pierce,N,Y,,7
Santa Clara,President,,Jesse Ventura,N,Y,,29
Santa Clara,U.S. House,17,Ro Khanna,Y,N,Democratic,158483
Santa Clara,U.S. House,17,Ritesh Tandon,N,N,Republican,63044
Santa Clara,U.S. House,18,Anna G. Eshoo,Y,N,Democratic,157044
Santa Clara,U.S. House,18,Rishi Kumar,N,N,Democratic,97694
Santa Clara,U.S. House,19,Zoe Lofgren,Y,N,Democratic,224385
Santa Clara,U.S. House,19,Justin James Aguilera,N,N,Republican,88642
Santa Clara,U.S. House,20,Jimmy Panetta,Y,N,Democratic,5158
Santa Clara,U.S. House,20,Jeff Gorman,N,N,Republican,1603
Santa Clara,State Senate,13,Josh Becker,N,N,Democratic,118799
Santa Clara,State Senate,13,Alexander Glew,N,N,Republican,37111
Santa Clara,State Senate,15,Dave Cortese,N,N,Democratic,212207
Santa Clara,State Senate,15,Ann M. Ravel,N,N,Democratic,175203
Santa Clara,State Senate,17,John Laird,N,N,Democratic,66543
Santa Clara,State Senate,17,Vicki Nohrden,N,N,Republican,36244
Santa Clara,State Assembly,24,Marc Berman,Y,N,Democratic,114263
Santa Clara,State Assembly,24,Peter Ohtaki,N,N,Republican,40871
Santa Clara,State Assembly,25,Alex Lee,N,N,Democratic,91746
Santa Clara,State Assembly,25,Bob Brunton,N,N,Republican,38429
Santa Clara,State Assembly,27,Ash Kalra,Y,N,Democratic,127772
Santa Clara,State Assembly,27,G. Burt Lancaster,N,N,Republican,48112
Santa Clara,State Assembly,28,Evan Low,Y,N,Democratic,166733
Santa Clara,State Assembly,28,Carlos Rafael Cruz,N,N,Republican,65976
Santa Clara,State Assembly,29,Mark Stone,Y,N,Democratic,32973
Santa Clara,State Assembly,29,Shomir Banerjee,N,N,Republican,15587
Santa Clara,State Assembly,30,Robert Rivas,Y,N,Democratic,35781
Santa Clara,State Assembly,30,Gregory Swett,N,N,Republican,20365
Santa Cruz,President,,Joseph R. Biden,N,N,Democratic,114246
Santa Cruz,President,,Donald J. Trump,Y,N,Republican,26937
Santa Cruz,President,,"Roque ""Rocky"" De La Fuente Guerra",N,N,American Independent,434
Santa Cruz,President,,Howie Hawkins,N,N,Green,1062
Santa Cruz,President,,Jo Jorgensen,N,N,Libertarian,1704
Santa Cruz,President,,Gloria La Riva,N,N,Peace and Freedom,413
Santa Cruz,President,,Brian Carroll,N,Y,,17
Santa Cruz,President,,Mark Charles,N,Y,,8
Santa Cruz,President,,Joseph Kishore,N,Y,,3
Santa Cruz,President,,Brock Pierce,N,Y,,4
Santa Cruz,President,,Jesse Ventura,N,Y,,9
Santa Cruz,U.S. House,18,Anna G. Eshoo,Y,N,Democratic,18634
Santa Cruz,U.S. House,18,Rishi Kumar,N,N,Democratic,10800
Santa Cruz,U.S. House,20,Jimmy Panetta,Y,N,Democratic,90946
Santa Cruz,U.S. House,20,Jeff Gorman,N,N,Republican,19352
Santa Cruz,State Senate,17,John Laird,N,N,Democratic,109633
Santa Cruz,State Senate,17,Vicki Nohrden,N,N,Republican,31939
Santa Cruz,State Assembly,29,Mark Stone,Y,N,Democratic,91903
Santa Cruz,State Assembly,29,Shomir Banerjee,N,N,Republican,26529
Santa Cruz,State Assembly,30,Robert Rivas,Y,N,Democratic,17657
Santa Cruz,State Assembly,30,Gregory Swett,N,N,Republican,4153
Shasta,President,,Joseph R. Biden,N,N,Democratic,30000
Shasta,President,,Donald J. Trump,Y,N,Republican,60789
Shasta,President,,"Roque ""Rocky"" De La Fuente Guerra",N,N,American Independent,281
Shasta,President,,Howie Hawkins,N,N,Green,368
Shasta,President,,Jo Jorgensen,N,N,Libertarian,1277
Shasta,President,,Gloria La Riva,N,N,Peace and Freedom,185
Shasta,President,,Brian Carroll,N,Y,,14
Shasta,President,,Mark Charles,N,Y,,6
Shasta,President,,Joseph Kishore,N,Y,,0
Shasta,President,,Brock Pierce,N,Y,,4
Shasta,President,,Jesse Ventura,N,Y,,6
Shasta,U.S. House,1,Audrey Denney,N,N,Democratic,31851
Shasta,U.S. House,1,Doug LaMalfa,Y,N,Republican,59983
Shasta,State Senate,1,Pamela Dawn Swartz,N,N,Democratic,27367
Shasta,State Senate,1,Brian Dahle,Y,N,Republican,63405
Shasta,State Assembly,1,Elizabeth L Betancourt,N,N,Democratic,29683
Shasta,State Assembly,1,Megan Dahle,Y,N,Republican,61729
Sierra,President,,Joseph R. Biden,N,N,Democratic,730
Sierra,President,,Donald J. Trump,Y,N,Republican,1142
Sierra,President,,"Roque ""Rocky"" De La Fuente Guerra",N,N,American Independent,12
Sierra,President,,Howie Hawkins,N,N,Green,13
Sierra,President,,Jo Jorgensen,N,N,Libertarian,27
Sierra,President,,Gloria La Riva,N,N,Peace and Freedom,6
Sierra,President,,Brian Carroll,N,Y,,0
Sierra,President,,Mark Charles,N,Y,,1
Sierra,President,,Joseph Kishore,N,Y,,0
Sierra,President,,Brock Pierce,N,Y,,0
Sierra,President,,Jesse Ventura,N,Y,,0
Sierra,U.S. House,1,Audrey Denney,N,N,Democratic,801
Sierra,U.S. House,1,Doug LaMalfa,Y,N,Republican,1129
Sierra,State Senate,1,Pamela Dawn Swartz,N,N,Democratic,730
Sierra,State Senate,1,Brian Dahle,Y,N,Republican,1183
Sierra,State Assembly,1,Elizabeth L Betancourt,N,N,Democratic,776
Sierra,State Assembly,1,Megan Dahle,Y,N,Republican,1131
Siskiyou,President,,Joseph R. Biden,N,N,Democratic,9593
Siskiyou,President,,Donald J. Trump,Y,N,Republican,13290
Siskiyou,President,,"Roque ""Rocky"" De La Fuente Guerra",N,N,American Independent,79
Siskiyou,President,,Howie Hawkins,N,N,Green,116
Siskiyou,President,,Jo Jorgensen,N,N,Libertarian,318
Siskiyou,President,,Gloria La Riva,N,N,Peace and Freedom,54
Siskiyou,President,,Brian Carroll,N,Y,,16
Siskiyou,President,,Mark Charles,N,Y,,3
Siskiyou,President,,Joseph Kishore,N,Y,,0
Siskiyou,President,,Brock Pierce,N,Y,,2
Siskiyou,President,,Jesse Ventura,N,Y,,1
Siskiyou,U.S. House,1,Audrey Denney,N,N,Democratic,10198
Siskiyou,U.S. House,1,Doug LaMalfa,Y,N,Republican,13155
Siskiyou,State Senate,1,Pamela Dawn Swartz,N,N,Democratic,9134
Siskiyou,State Senate,1,Brian Dahle,Y,N,Republican,13867
Siskiyou,State Assembly,1,Elizabeth L Betancourt,N,N,Democratic,9650
Siskiyou,State Assembly,1,Megan Dahle,Y,N,Republican,13463
Solano,President,,Joseph R. Biden,N,N,Democratic,131639
Solano,President,,Donald J. Trump,Y,N,Republican,69306
Solano,President,,"Roque ""Rocky"" De La Fuente Guerra",N,N,American Independent,825
Solano,President,,Howie Hawkins,N,N,Green,958
Solano,President,,Jo Jorgensen,N,N,Libertarian,2475
Solano,President,,Gloria La Riva,N,N,Peace and Freedom,628
Solano,President,,Brian Carroll,N,Y,,37
Solano,President,,Mark Charles,N,Y,,3
Solano,President,,Joseph Kishore,N,Y,,1
Solano,President,,Brock Pierce,N,Y,,1
Solano,President,,Jesse Ventura,N,Y,,4
Solano,U.S. House,3,John Garamendi,Y,N,Democratic,74688
Solano,U.S. House,3,Tamika Hamilton,N,N,Republican,57659
Solano,U.S. House,5,Mike Thompson,Y,N,Democratic,55271
Solano,U.S. House,5,Scott Giblin,N,N,Republican,15352
Solano,State Senate,3,Bill Dodd,Y,N,Democratic,129042
Solano,State Senate,3,Carlos Santamaria,N,N,Republican,72628
Solano,State Assembly,4,Cecilia Aguiar-Curry,Y,N,Democratic,7751
Solano,State Assembly,4,Matthew L. Nelson,N,N,Republican,8226
Solano,State Assembly,11,Jim Frazier,Y,N,Democratic,71943
Solano,State Assembly,11,Debra Schwab,N,N,Republican,42474
Solano,State Assembly,14,Tim Grayson,Y,N,Democratic,52401
Solano,State Assembly,14,Janell Elizabeth Proctor,N,N,Republican,17830
Sonoma,President,,Joseph R. Biden,N,N,Democratic,199938
Sonoma,President,,Donald J. Trump,Y,N,Republican,61825
Sonoma,President,,"Roque ""Rocky"" De La Fuente Guerra",N,N,American Independent,832
Sonoma,President,,Howie Hawkins,N,N,Green,1499
Sonoma,President,,Jo Jorgensen,N,N,Libertarian,3418
Sonoma,President,,Gloria La Riva,N,N,Peace and Freedom,740
Sonoma,President,,Brian Carroll,N,Y,,32
Sonoma,President,,Mark Charles,N,Y,,16
Sonoma,President,,Joseph Kishore,N,Y,,1
Sonoma,President,,Brock Pierce,N,Y,,1
Sonoma,President,,Jesse Ventura,N,Y,,15
Sonoma,U.S. House,2,Jared Huffman,Y,N,Democratic,85568
Sonoma,U.S. House,2,Dale K. Mensing,N,N,Republican,26296
Sonoma,U.S. House,5,Mike Thompson,Y,N,Democratic,117430
Sonoma,U.S. House,5,Scott Giblin,N,N,Republican,34039
Sonoma,State Senate,3,Bill Dodd,Y,N,Democratic,58307
Sonoma,State Senate,3,Carlos Santamaria,N,N,Republican,20492
Sonoma,State Assembly,2,Jim Wood,Y,N,Democratic,81359
Sonoma,State Assembly,2,Charlotte Svolos,N,N,Republican,28857
Sonoma,State Assembly,4,Cecilia Aguiar-Curry,Y,N,Democratic,25665
Sonoma,State Assembly,4,Matthew L. Nelson,N,N,Republican,9762
Sonoma,State Assembly,10,"Veronica ""Roni"" Jacobi",N,N,Democratic,42696
Sonoma,State Assembly,10,Marc Levine,Y,N,Democratic,61396
Stanislaus,President,,Joseph R. Biden,N,N,Democratic,105841
Stanislaus,President,,Donald J. Trump,Y,N,Republican,104145
Stanislaus,President,,"Roque ""Rocky"" De La Fuente Guerra",N,N,American Independent,926
Stanislaus,President,,Howie Hawkins,N,N,Green,742
Stanislaus,President,,Jo Jorgensen,N,N,Libertarian,2494
Stanislaus,President,,Gloria La Riva,N,N,Peace and Freedom,728
Stanislaus,President,,Brian Carroll,N,Y,,62
Stanislaus,President,,Mark Charles,N,Y,,7
Stanislaus,President,,Joseph Kishore,N,Y,,0
Stanislaus,President,,Brock Pierce,N,Y,,0
Stanislaus,President,,Jesse Ventura,N,Y,,9
Stanislaus,U.S. House,10,Josh Harder,Y,N,Democratic,115503
Stanislaus,U.S. House,10,Ted Howze,N,N,Republican,95449
Stanislaus,State Senate,5,Susan Talamantes Eggman,N,N,Democratic,51037
Stanislaus,State Senate,5,Jim Ridenour,N,N,Republican,49874
Stanislaus,State Assembly,12,Paul Akinjo,N,N,Democratic,53549
Stanislaus,State Assembly,12,Heath Flora,Y,N,Republican,85042
Stanislaus,State Assembly,21,Adam Gray,Y,N,Democratic,40883
Stanislaus,State Assembly,21,Joel Gutierrez Campos,N,N,Republican,27978
Sutter,President,,Joseph R. Biden,N,N,Democratic,17367
Sutter,President,,Donald J. Trump,Y,N,Republican,24375
Sutter,President,,"Roque ""Rocky"" De La Fuente Guerra",N,N,American Independent,126
Sutter,President,,Howie Hawkins,N,N,Green,136
Sutter,President,,Jo Jorgensen,N,N,Libertarian,521
Sutter,President,,Gloria La Riva,N,N,Peace and Freedom,115
Sutter,President,,Brian Carroll,N,Y,,3
Sutter,President,,Mark Charles,N,Y,,0
Sutter,President,,Joseph Kishore,N,Y,,0
Sutter,President,,Brock Pierce,N,Y,,0
Sutter,President,,Jesse Ventura,N,Y,,1
Sutter,U.S. House,3,John Garamendi,Y,N,Democratic,18333
Sutter,U.S. House,3,Tamika Hamilton,N,N,Republican,23551
Sutter,State Assembly,3,James R Henson,N,N,Democratic,12980
Sutter,State Assembly,3,James Gallagher,Y,N,Republican,28316
Tehama,President,,Joseph R. Biden,N,N,Democratic,8911
Tehama,President,,Donald J. Trump,Y,N,Republican,19141
Tehama,President,,"Roque ""Rocky"" De La Fuente Guerra",N,N,American Independent,111
Tehama,President,,Howie Hawkins,N,N,Green,90
Tehama,President,,Jo Jorgensen,N,N,Libertarian,403
Tehama,President,,Gloria La Riva,N,N,Peace and Freedom,65
Tehama,President,,Brian Carroll,N,Y,,7
Tehama,President,,Mark Charles,N,Y,,2
Tehama,President,,Joseph Kishore,N,Y,,0
Tehama,President,,Brock Pierce,N,Y,,0
Tehama,President,,Jesse Ventura,N,Y,,1
Tehama,U.S. House,1,Audrey Denney,N,N,Democratic,9507
Tehama,U.S. House,1,Doug LaMalfa,Y,N,Republican,19082
Tehama,State Assembly,3,James R Henson,N,N,Democratic,7337
Tehama,State Assembly,3,James Gallagher,Y,N,Republican,20183
Trinity,President,,Joseph R. Biden,N,N,Democratic,2851
Trinity,President,,Donald J. Trump,Y,N,Republican,3188
Trinity,President,,"Roque ""Rocky"" De La Fuente Guerra",N,N,American Independent,27
Trinity,President,,Howie Hawkins,N,N,Green,50
Trinity,President,,Jo Jorgensen,N,N,Libertarian,117
Trinity,President,,Gloria La Riva,N,N,Peace and Freedom,25
Trinity,President,,Brian Carroll,N,Y,,0
Trinity,President,,Mark Charles,N,Y,,0
Trinity,President,,Joseph Kishore,N,Y,,0
Trinity,President,,Brock Pierce,N,Y,,0
Trinity,President,,Jesse Ventura,N,Y,,1
Trinity,U.S. House,2,Jared Huffman,Y,N,Democratic,3021
Trinity,U.S. House,2,Dale K. Mensing,N,N,Republican,3110
Trinity,State Assembly,2,Jim Wood,Y,N,Democratic,2990
Trinity,State Assembly,2,Charlotte Svolos,N,N,Republican,3169
Tulare,President,,Joseph R. Biden,N,N,Democratic,66105
Tulare,President,,Donald J. Trump,Y,N,Republican,77579
Tulare,President,,"Roque ""Rocky"" De La Fuente Guerra",N,N,American Independent,632
Tulare,President,,Howie Hawkins,N,N,Green,483
Tulare,President,,Jo Jorgensen,N,N,Libertarian,1498
Tulare,President,,Gloria La Riva,N,N,Peace and Freedom,535
Tulare,President,,Brian Carroll,N,Y,,46
Tulare,President,,Mark Charles,N,Y,,4
Tulare,President,,Joseph Kishore,N,Y,,0
Tulare,President,,Brock Pierce,N,Y,,1
Tulare,President,,Jesse Ventura,N,Y,,2
Tulare,U.S. House,21,TJ Cox,Y,N,Democratic,2798
Tulare,U.S. House,21,David G. Valadao,N,N,Republican,2789
Tulare,U.S. House,22,Phil Arballo,N,N,Democratic,49020
Tulare,U.S. House,22,Devin G. Nunes,Y,N,Republican,62548
Tulare,U.S. House,23,Kim Mangone,N,N,Democratic,11929
Tulare,U.S. House,23,Kevin McCarthy,Y,N,Republican,17084
Tulare,State Assembly,23,Jim Patterson,Y,N,Republican,2275
Tulare,State Assembly,26,Drew Phelps,N,N,Democratic,62812
Tulare,State Assembly,26,Devon Mathis,Y,N,Republican,75361
Tuolumne,President,,Joseph R. Biden,N,N,Democratic,11978
Tuolumne,President,,Donald J. Trump,Y,N,Republican,17689
Tuolumne,President,,"Roque ""Rocky"" De La Fuente Guerra",N,N,American Independent,91
Tuolumne,President,,Howie Hawkins,N,N,Green,145
Tuolumne,President,,Jo Jorgensen,N,N,Libertarian,439
Tuolumne,President,,Gloria La Riva,N,N,Peace and Freedom,59
Tuolumne,President,,Brian Carroll,N,Y,,4
Tuolumne,President,,Mark Charles,N,Y,,2
Tuolumne,President,,Joseph Kishore,N,Y,,0
Tuolumne,President,,Brock Pierce,N,Y,,0
Tuolumne,President,,Jesse Ventura,N,Y,,1
Tuolumne,U.S. House,4,Brynne S. Kennedy,N,N,Democratic,12212
Tuolumne,U.S. House,4,Tom McClintock,Y,N,Republican,17916
Tuolumne,State Assembly,5,Frank Bigelow,Y,N,Republican,21158
Ventura,President,,Joseph R. Biden,N,N,Democratic,251388
Ventura,President,,Donald J. Trump,Y,N,Republican,162207
Ventura,President,,"Roque ""Rocky"" De La Fuente Guerra",N,N,American Independent,1278
Ventura,President,,Howie Hawkins,N,N,Green,1766
Ventura,President,,Jo Jorgensen,N,N,Libertarian,5069
Ventura,President,,Gloria La Riva,N,N,Peace and Freedom,990
Ventura,President,,Brian Carroll,N,Y,,84
Ventura,President,,Mark Charles,N,Y,,16
Ventura,President,,Joseph Kishore,N,Y,,5
Ventura,President,,Brock Pierce,N,Y,,5
Ventura,President,,Jesse Ventura,N,Y,,17
Ventura,U.S. House,24,Salud Carbajal,Y,N,Democratic,3372
Ventura,U.S. House,24,Andy Caldwell,N,N,Republican,1828
Ventura,U.S. House,25,Christy Smith,N,N,Democratic,30864
Ventura,U.S. House,25,Mike Garcia,N,N,Republican,36572
Ventura,U.S. House,26,Julia Brownley,Y,N,Democratic,206051
Ventura,U.S. House,26,Ronda Baldwin-Kennedy,N,N,Republican,133457
Ventura,U.S. House,30,Brad Sherman,Y,N,Democratic,717
Ventura,U.S. House,30,Mark S. Reed,N,N,Republican,558
Ventura,State Senate,19,S. Monique LimÃ³n,N,N,Democratic,145078
Ventura,State Senate,19,Gary J. Michaels,N,N,Republican,80630
Ventura,State Senate,27,Henry Stern,Y,N,Democratic,96521
Ventura,State Senate,27,Houman Salem,N,N,Republican,85058
Ventura,State Assembly,37,Steve Bennett,N,N,Democratic,79907
Ventura,State Assembly,37,Charles W. Cole,N,N,Republican,43834
Ventura,State Assembly,38,Suzette Martinez Valladares,N,N,Republican,41666
Ventura,State Assembly,38,Lucie Lapointe Volotzky,N,N,Republican,17697
Ventura,State Assembly,44,Jacqui Irwin,Y,N,Democratic,129799
Ventura,State Assembly,44,Denise Pedrow,N,N,Republican,83731
Ventura,State Assembly,45,Jesse Gabriel,Y,N,Democratic,660
Ventura,State Assembly,45,Jeffi Girgenti,N,N,Republican,584
Yolo,President,,Joseph R. Biden,N,N,Democratic,67598
Yolo,President,,Donald J. Trump,Y,N,Republican,27292
Yolo,President,,"Roque ""Rocky"" De La Fuente Guerra",N,N,American Independent,298
Yolo,President,,Howie Hawkins,N,N,Green,547
Yolo,President,,Jo Jorgensen,N,N,Libertarian,1206
Yolo,President,,Gloria La Riva,N,N,Peace and Freedom,323
Yolo,President,,Brian Carroll,N,Y,,24
Yolo,President,,Mark Charles,N,Y,,3
Yolo,President,,Joseph Kishore,N,Y,,1
Yolo,President,,Brock Pierce,N,Y,,0
Yolo,President,,Jesse Ventura,N,Y,,2
Yolo,U.S. House,3,John Garamendi,Y,N,Democratic,51025
Yolo,U.S. House,3,Tamika Hamilton,N,N,Republican,21512
Yolo,U.S. House,6,Doris Matsui,Y,N,Democratic,14872
Yolo,U.S. House,6,Chris Bish,N,N,Republican,7808
Yolo,State Senate,3,Bill Dodd,Y,N,Democratic,51306
Yolo,State Senate,3,Carlos Santamaria,N,N,Republican,20966
Yolo,State Assembly,4,Cecilia Aguiar-Curry,Y,N,Democratic,51989
Yolo,State Assembly,4,Matthew L. Nelson,N,N,Republican,20284
Yolo,State Assembly,7,Kevin McCarty,Y,N,Democratic,15150
Yolo,State Assembly,7,James O Just,N,N,Libertarian,6278
Yuba,President,,Joseph R. Biden,N,N,Democratic,11230
Yuba,President,,Donald J. Trump,Y,N,Republican,17676
Yuba,President,,"Roque ""Rocky"" De La Fuente Guerra",N,N,American Independent,153
Yuba,President,,Howie Hawkins,N,N,Green,124
Yuba,President,,Jo Jorgensen,N,N,Libertarian,510
Yuba,President,,Gloria La Riva,N,N,Peace and Freedom,94
Yuba,President,,Brian Carroll,N,Y,,4
Yuba,President,,Mark Charles,N,Y,,4
Yuba,President,,Joseph Kishore,N,Y,,0
Yuba,President,,Brock Pierce,N,Y,,0
Yuba,President,,Jesse Ventura,N,Y,,1
Yuba,U.S. House,3,John Garamendi,Y,N,Democratic,11498
Yuba,U.S. House,3,Tamika Hamilton,N,N,Republican,17760
Yuba,State Assembly,3,James R Henson,N,N,Democratic,9519
Yuba,State Assembly,3,James Gallagher,Y,N,Republican,19468
