county,precinct,office,district,party,candidate,votes,election_day,mail
Sutter,LO Comm 01,Governor,,Rep,John Cox,414,135,279
Sutter,LO Comm 02,Governor,,Rep,John Cox,552,190,362
Sutter,Dell Wayne 03,Governor,,Rep,John Cox,366,104,262
Sutter,United Pent 04,Governor,,Rep,John Cox,941,234,707
Sutter,United Pent 05,Governor,,Rep,John Cox,562,182,380
Sutter,7th Day 06,Governor,,Rep,John Cox,133,22,111
Sutter,Sutter Estates 07,Governor,,Rep,John Cox,148,41,107
Sutter,YS Fair 08,Governor,,Rep,John Cox,155,49,106
Sutter,YS Fair 09,Governor,,Rep,John Cox,294,95,199
Sutter,St Isidore 10,Governor,,Rep,John Cox,299,96,203
Sutter,Sutter HS 11,Governor,,Rep,John Cox,708,188,520
Sutter,Sutter HS 12,Governor,,Rep,John Cox,621,192,429
Sutter,Franklin 13,Governor,,Rep,John Cox,255,60,195
Sutter,Meridian 14,Governor,,Rep,John Cox,202,50,152
Sutter,1st United 15,Governor,,Rep,John Cox,550,157,393
Sutter,1st United 16,Governor,,Rep,John Cox,698,191,507
Sutter,Veterans 17,Governor,,Rep,John Cox,334,94,240
Sutter,Veterans 18,Governor,,Rep,John Cox,478,121,357
Sutter,Veterans 19,Governor,,Rep,John Cox,574,138,436
Sutter,Veterans 20,Governor,,Rep,John Cox,555,132,423
Sutter,St Andrew 21,Governor,,Rep,John Cox,411,143,238
Sutter,St Andrew 22,Governor,,Rep,John Cox,526,77,276
Sutter,AK School 23,Governor,,Rep,John Cox,591,109,250
Sutter,AK School 24,Governor,,Rep,John Cox,607,108,343
Sutter,St James 25,Governor,,Rep,John Cox,246,28,114
Sutter,Walnut 26,Governor,,Rep,John Cox,523,64,179
Sutter,Walnut 27,Governor,,Rep,John Cox,507,48,134
Sutter,NV Calvary 28,Governor,,Rep,John Cox,648,91,272
Sutter,NV Calvary 29,Governor,,Rep,John Cox,485,111,179
Sutter,Riverbend 30,Governor,,Rep,John Cox,442,94,190
Sutter,1st Reform 31,Governor,,Rep,John Cox,151,18,31
Sutter,P Grove 32,Governor,,Rep,John Cox,319,39,68
Sutter,E Nicolaus 33,Governor,,Rep,John Cox,525,95,134
Sutter,34,Governor,,Rep,John Cox,454,1,171
Sutter,35,Governor,,Rep,John Cox,317,2,123
Sutter,36,Governor,,Rep,John Cox,91,0,44
Sutter,37,Governor,,Rep,John Cox,472,0,194
Sutter,38,Governor,,Rep,John Cox,261,0,90
Sutter,39,Governor,,Rep,John Cox,128,0,41
Sutter,40,Governor,,Rep,John Cox,272,0,152
Sutter,41,Governor,,Rep,John Cox,339,0,171
Sutter,42,Governor,,Rep,John Cox,309,0,133
Sutter,43,Governor,,Rep,John Cox,225,0,115
Sutter,44,Governor,,Rep,John Cox,400,0,278
Sutter,45,Governor,,Rep,John Cox,230,0,105
Sutter,46,Governor,,Rep,John Cox,60,0,27
Sutter,47,Governor,,Rep,John Cox,45,0,16
Sutter,48,Governor,,Rep,John Cox,183,0,92
Sutter,49,Governor,,Rep,John Cox,302,0,99
Sutter,50,Governor,,Rep,John Cox,45,0,33
Sutter,LO Comm 01,Governor,,Dem,Gavin Newsom,469,153,316
Sutter,LO Comm 02,Governor,,Dem,Gavin Newsom,531,155,376
Sutter,Dell Wayne 03,Governor,,Dem,Gavin Newsom,232,56,176
Sutter,United Pent 04,Governor,,Dem,Gavin Newsom,534,145,389
Sutter,United Pent 05,Governor,,Dem,Gavin Newsom,311,102,209
Sutter,7th Day 06,Governor,,Dem,Gavin Newsom,79,21,58
Sutter,Sutter Estates 07,Governor,,Dem,Gavin Newsom,140,45,95
Sutter,YS Fair 08,Governor,,Dem,Gavin Newsom,183,69,114
Sutter,YS Fair 09,Governor,,Dem,Gavin Newsom,183,62,121
Sutter,St Isidore 10,Governor,,Dem,Gavin Newsom,163,44,119
Sutter,Sutter HS 11,Governor,,Dem,Gavin Newsom,151,44,107
Sutter,Sutter HS 12,Governor,,Dem,Gavin Newsom,136,51,85
Sutter,Franklin 13,Governor,,Dem,Gavin Newsom,64,21,43
Sutter,Meridian 14,Governor,,Dem,Gavin Newsom,39,6,33
Sutter,1st United 15,Governor,,Dem,Gavin Newsom,392,81,311
Sutter,1st United 16,Governor,,Dem,Gavin Newsom,265,83,182
Sutter,Veterans 17,Governor,,Dem,Gavin Newsom,155,48,107
Sutter,Veterans 18,Governor,,Dem,Gavin Newsom,204,50,154
Sutter,Veterans 19,Governor,,Dem,Gavin Newsom,241,68,173
Sutter,Veterans 20,Governor,,Dem,Gavin Newsom,357,111,246
Sutter,St Andrew 21,Governor,,Dem,Gavin Newsom,529,113,321
Sutter,St Andrew 22,Governor,,Dem,Gavin Newsom,497,139,295
Sutter,AK School 23,Governor,,Dem,Gavin Newsom,510,117,370
Sutter,AK School 24,Governor,,Dem,Gavin Newsom,707,160,434
Sutter,St James 25,Governor,,Dem,Gavin Newsom,211,31,161
Sutter,Walnut 26,Governor,,Dem,Gavin Newsom,205,84,200
Sutter,Walnut 27,Governor,,Dem,Gavin Newsom,155,72,206
Sutter,NV Calvary 28,Governor,,Dem,Gavin Newsom,461,117,360
Sutter,NV Calvary 29,Governor,,Dem,Gavin Newsom,370,122,257
Sutter,Riverbend 30,Governor,,Dem,Gavin Newsom,355,92,258
Sutter,1st Reform 31,Governor,,Dem,Gavin Newsom,57,28,65
Sutter,P Grove 32,Governor,,Dem,Gavin Newsom,64,58,80
Sutter,E Nicolaus 33,Governor,,Dem,Gavin Newsom,142,76,145
Sutter,34,Governor,,Dem,Gavin Newsom,159,3,240
Sutter,35,Governor,,Dem,Gavin Newsom,95,1,154
Sutter,36,Governor,,Dem,Gavin Newsom,42,0,54
Sutter,37,Governor,,Dem,Gavin Newsom,210,0,279
Sutter,38,Governor,,Dem,Gavin Newsom,96,0,148
Sutter,39,Governor,,Dem,Gavin Newsom,29,1,55
Sutter,40,Governor,,Dem,Gavin Newsom,199,0,221
Sutter,41,Governor,,Dem,Gavin Newsom,243,0,280
Sutter,42,Governor,,Dem,Gavin Newsom,154,0,191
Sutter,43,Governor,,Dem,Gavin Newsom,170,0,204
Sutter,44,Governor,,Dem,Gavin Newsom,300,0,278
Sutter,45,Governor,,Dem,Gavin Newsom,80,0,115
Sutter,46,Governor,,Dem,Gavin Newsom,11,0,18
Sutter,47,Governor,,Dem,Gavin Newsom,10,0,19
Sutter,48,Governor,,Dem,Gavin Newsom,106,0,123
Sutter,49,Governor,,Dem,Gavin Newsom,96,0,157
Sutter,50,Governor,,Dem,Gavin Newsom,30,0,29
Sutter,LO Comm 01,Lieutenant Governor,,Dem,Ed Hernandez,395,139,256
Sutter,LO Comm 02,Lieutenant Governor,,Dem,Ed Hernandez,488,174,314
Sutter,Dell Wayne 03,Lieutenant Governor,,Dem,Ed Hernandez,178,42,136
Sutter,United Pent 04,Lieutenant Governor,,Dem,Ed Hernandez,446,125,321
Sutter,United Pent 05,Lieutenant Governor,,Dem,Ed Hernandez,277,90,187
Sutter,7th Day 06,Lieutenant Governor,,Dem,Ed Hernandez,58,12,46
Sutter,Sutter Estates 07,Lieutenant Governor,,Dem,Ed Hernandez,102,25,77
Sutter,YS Fair 08,Lieutenant Governor,,Dem,Ed Hernandez,162,70,92
Sutter,YS Fair 09,Lieutenant Governor,,Dem,Ed Hernandez,142,53,89
Sutter,St Isidore 10,Lieutenant Governor,,Dem,Ed Hernandez,118,36,82
Sutter,Sutter HS 11,Lieutenant Governor,,Dem,Ed Hernandez,235,63,172
Sutter,Sutter HS 12,Lieutenant Governor,,Dem,Ed Hernandez,224,85,139
Sutter,Franklin 13,Lieutenant Governor,,Dem,Ed Hernandez,87,23,64
Sutter,Meridian 14,Lieutenant Governor,,Dem,Ed Hernandez,56,14,42
Sutter,1st United 15,Lieutenant Governor,,Dem,Ed Hernandez,312,70,242
Sutter,1st United 16,Lieutenant Governor,,Dem,Ed Hernandez,241,62,179
Sutter,Veterans 17,Lieutenant Governor,,Dem,Ed Hernandez,142,42,100
Sutter,Veterans 18,Lieutenant Governor,,Dem,Ed Hernandez,189,41,148
Sutter,Veterans 19,Lieutenant Governor,,Dem,Ed Hernandez,249,75,174
Sutter,Veterans 20,Lieutenant Governor,,Dem,Ed Hernandez,312,87,225
Sutter,St Andrew 21,Lieutenant Governor,,Dem,Ed Hernandez,323,85,395
Sutter,St Andrew 22,Lieutenant Governor,,Dem,Ed Hernandez,353,127,375
Sutter,AK School 23,Lieutenant Governor,,Dem,Ed Hernandez,359,129,385
Sutter,AK School 24,Lieutenant Governor,,Dem,Ed Hernandez,451,163,553
Sutter,St James 25,Lieutenant Governor,,Dem,Ed Hernandez,142,26,184
Sutter,Walnut 26,Lieutenant Governor,,Dem,Ed Hernandez,243,59,157
Sutter,Walnut 27,Lieutenant Governor,,Dem,Ed Hernandez,182,51,135
Sutter,NV Calvary 28,Lieutenant Governor,,Dem,Ed Hernandez,363,118,371
Sutter,NV Calvary 29,Lieutenant Governor,,Dem,Ed Hernandez,290,132,271
Sutter,Riverbend 30,Lieutenant Governor,,Dem,Ed Hernandez,284,111,281
Sutter,1st Reform 31,Lieutenant Governor,,Dem,Ed Hernandez,49,25,40
Sutter,P Grove 32,Lieutenant Governor,,Dem,Ed Hernandez,107,26,53
Sutter,E Nicolaus 33,Lieutenant Governor,,Dem,Ed Hernandez,229,64,106
Sutter,34,Lieutenant Governor,,Dem,Ed Hernandez,172,2,169
Sutter,35,Lieutenant Governor,,Dem,Ed Hernandez,125,0,112
Sutter,36,Lieutenant Governor,,Dem,Ed Hernandez,44,0,43
Sutter,37,Lieutenant Governor,,Dem,Ed Hernandez,194,0,234
Sutter,38,Lieutenant Governor,,Dem,Ed Hernandez,90,0,113
Sutter,39,Lieutenant Governor,,Dem,Ed Hernandez,41,0,34
Sutter,40,Lieutenant Governor,,Dem,Ed Hernandez,152,0,209
Sutter,41,Lieutenant Governor,,Dem,Ed Hernandez,171,0,270
Sutter,42,Lieutenant Governor,,Dem,Ed Hernandez,133,0,182
Sutter,43,Lieutenant Governor,,Dem,Ed Hernandez,115,0,191
Sutter,44,Lieutenant Governor,,Dem,Ed Hernandez,278,0,326
Sutter,45,Lieutenant Governor,,Dem,Ed Hernandez,105,0,102
Sutter,46,Lieutenant Governor,,Dem,Ed Hernandez,27,0,11
Sutter,47,Lieutenant Governor,,Dem,Ed Hernandez,16,0,10
Sutter,48,Lieutenant Governor,,Dem,Ed Hernandez,92,0,108
Sutter,49,Lieutenant Governor,,Dem,Ed Hernandez,99,0,107
Sutter,50,Lieutenant Governor,,Dem,Ed Hernandez,33,0,35
Sutter,LO Comm 01,Lieutenant Governor,,Dem,Eleni Kounalakis,358,104,254
Sutter,LO Comm 02,Lieutenant Governor,,Dem,Eleni Kounalakis,452,123,329
Sutter,Dell Wayne 03,Lieutenant Governor,,Dem,Eleni Kounalakis,294,77,217
Sutter,United Pent 04,Lieutenant Governor,,Dem,Eleni Kounalakis,628,161,467
Sutter,United Pent 05,Lieutenant Governor,,Dem,Eleni Kounalakis,408,133,275
Sutter,7th Day 06,Lieutenant Governor,,Dem,Eleni Kounalakis,109,23,86
Sutter,Sutter Estates 07,Lieutenant Governor,,Dem,Eleni Kounalakis,135,48,87
Sutter,YS Fair 08,Lieutenant Governor,,Dem,Eleni Kounalakis,130,35,95
Sutter,YS Fair 09,Lieutenant Governor,,Dem,Eleni Kounalakis,233,75,158
Sutter,St Isidore 10,Lieutenant Governor,,Dem,Eleni Kounalakis,197,60,137
Sutter,Sutter HS 11,Lieutenant Governor,,Dem,Eleni Kounalakis,334,108,226
Sutter,Sutter HS 12,Lieutenant Governor,,Dem,Eleni Kounalakis,292,100,192
Sutter,Franklin 13,Lieutenant Governor,,Dem,Eleni Kounalakis,126,36,90
Sutter,Meridian 14,Lieutenant Governor,,Dem,Eleni Kounalakis,104,21,83
Sutter,1st United 15,Lieutenant Governor,,Dem,Eleni Kounalakis,392,96,296
Sutter,1st United 16,Lieutenant Governor,,Dem,Eleni Kounalakis,385,111,274
Sutter,Veterans 17,Lieutenant Governor,,Dem,Eleni Kounalakis,214,62,152
Sutter,Veterans 18,Lieutenant Governor,,Dem,Eleni Kounalakis,295,70,225
Sutter,Veterans 19,Lieutenant Governor,,Dem,Eleni Kounalakis,333,74,259
Sutter,Veterans 20,Lieutenant Governor,,Dem,Eleni Kounalakis,365,95,270
Sutter,St Andrew 21,Lieutenant Governor,,Dem,Eleni Kounalakis,431,110,239
Sutter,St Andrew 22,Lieutenant Governor,,Dem,Eleni Kounalakis,434,146,324
Sutter,AK School 23,Lieutenant Governor,,Dem,Eleni Kounalakis,487,179,363
Sutter,AK School 24,Lieutenant Governor,,Dem,Eleni Kounalakis,594,160,370
Sutter,St James 25,Lieutenant Governor,,Dem,Eleni Kounalakis,192,50,172
Sutter,Walnut 26,Lieutenant Governor,,Dem,Eleni Kounalakis,284,117,357
Sutter,Walnut 27,Lieutenant Governor,,Dem,Eleni Kounalakis,278,118,354
Sutter,NV Calvary 28,Lieutenant Governor,,Dem,Eleni Kounalakis,477,157,423
Sutter,NV Calvary 29,Lieutenant Governor,,Dem,Eleni Kounalakis,379,153,265
Sutter,Riverbend 30,Lieutenant Governor,,Dem,Eleni Kounalakis,350,113,271
Sutter,1st Reform 31,Lieutenant Governor,,Dem,Eleni Kounalakis,93,46,96
Sutter,P Grove 32,Lieutenant Governor,,Dem,Eleni Kounalakis,138,119,181
Sutter,E Nicolaus 33,Lieutenant Governor,,Dem,Eleni Kounalakis,221,165,311
Sutter,34,Lieutenant Governor,,Dem,Eleni Kounalakis,243,2,427
Sutter,35,Lieutenant Governor,,Dem,Eleni Kounalakis,155,3,297
Sutter,36,Lieutenant Governor,,Dem,Eleni Kounalakis,54,0,87
Sutter,37,Lieutenant Governor,,Dem,Eleni Kounalakis,279,0,426
Sutter,38,Lieutenant Governor,,Dem,Eleni Kounalakis,148,0,236
Sutter,39,Lieutenant Governor,,Dem,Eleni Kounalakis,56,1,119
Sutter,40,Lieutenant Governor,,Dem,Eleni Kounalakis,221,0,251
Sutter,41,Lieutenant Governor,,Dem,Eleni Kounalakis,280,0,306
Sutter,42,Lieutenant Governor,,Dem,Eleni Kounalakis,191,0,269
Sutter,43,Lieutenant Governor,,Dem,Eleni Kounalakis,204,0,197
Sutter,44,Lieutenant Governor,,Dem,Eleni Kounalakis,278,0,361
Sutter,45,Lieutenant Governor,,Dem,Eleni Kounalakis,115,0,199
Sutter,46,Lieutenant Governor,,Dem,Eleni Kounalakis,18,0,59
Sutter,47,Lieutenant Governor,,Dem,Eleni Kounalakis,19,0,44
Sutter,48,Lieutenant Governor,,Dem,Eleni Kounalakis,123,0,174
Sutter,49,Lieutenant Governor,,Dem,Eleni Kounalakis,157,0,287
Sutter,50,Lieutenant Governor,,Dem,Eleni Kounalakis,29,0,38
Sutter,LO Comm 01,Secretary of State,,Dem,Alex Padilla,500,163,337
Sutter,LO Comm 02,Secretary of State,,Dem,Alex Padilla,566,180,386
Sutter,Dell Wayne 03,Secretary of State,,Dem,Alex Padilla,239,55,184
Sutter,United Pent 04,Secretary of State,,Dem,Alex Padilla,557,152,405
Sutter,United Pent 05,Secretary of State,,Dem,Alex Padilla,345,108,237
Sutter,7th Day 06,Secretary of State,,Dem,Alex Padilla,80,22,58
Sutter,Sutter Estates 07,Secretary of State,,Dem,Alex Padilla,153,48,105
Sutter,YS Fair 08,Secretary of State,,Dem,Alex Padilla,199,76,123
Sutter,YS Fair 09,Secretary of State,,Dem,Alex Padilla,219,72,147
Sutter,St Isidore 10,Secretary of State,,Dem,Alex Padilla,182,53,129
Sutter,Sutter HS 11,Secretary of State,,Dem,Alex Padilla,172,50,122
Sutter,Sutter HS 12,Secretary of State,,Dem,Alex Padilla,150,62,88
Sutter,Franklin 13,Secretary of State,,Dem,Alex Padilla,71,25,46
Sutter,Meridian 14,Secretary of State,,Dem,Alex Padilla,41,6,35
Sutter,1st United 15,Secretary of State,,Dem,Alex Padilla,427,89,338
Sutter,1st United 16,Secretary of State,,Dem,Alex Padilla,305,96,209
Sutter,Veterans 17,Secretary of State,,Dem,Alex Padilla,160,46,114
Sutter,Veterans 18,Secretary of State,,Dem,Alex Padilla,220,51,169
Sutter,Veterans 19,Secretary of State,,Dem,Alex Padilla,274,72,202
Sutter,Veterans 20,Secretary of State,,Dem,Alex Padilla,377,115,262
Sutter,St Andrew 21,Secretary of State,,Dem,Alex Padilla,517,122,217
Sutter,St Andrew 22,Secretary of State,,Dem,Alex Padilla,502,135,327
Sutter,AK School 23,Secretary of State,,Dem,Alex Padilla,514,165,335
Sutter,AK School 24,Secretary of State,,Dem,Alex Padilla,716,147,347
Sutter,St James 25,Secretary of State,,Dem,Alex Padilla,210,48,167
Sutter,Walnut 26,Secretary of State,,Dem,Alex Padilla,216,111,338
Sutter,Walnut 27,Secretary of State,,Dem,Alex Padilla,186,112,347
Sutter,NV Calvary 28,Secretary of State,,Dem,Alex Padilla,489,147,409
Sutter,NV Calvary 29,Secretary of State,,Dem,Alex Padilla,403,155,272
Sutter,Riverbend 30,Secretary of State,,Dem,Alex Padilla,392,111,260
Sutter,1st Reform 31,Secretary of State,,Dem,Alex Padilla,65,46,93
Sutter,P Grove 32,Secretary of State,,Dem,Alex Padilla,79,108,182
Sutter,E Nicolaus 33,Secretary of State,,Dem,Alex Padilla,170,166,294
Sutter,34,Secretary of State,,Dem,Alex Padilla,171,2,412
Sutter,35,Secretary of State,,Dem,Alex Padilla,112,3,290
Sutter,36,Secretary of State,,Dem,Alex Padilla,43,0,83
Sutter,37,Secretary of State,,Dem,Alex Padilla,234,0,410
Sutter,38,Secretary of State,,Dem,Alex Padilla,113,0,226
Sutter,39,Secretary of State,,Dem,Alex Padilla,34,1,115
Sutter,40,Secretary of State,,Dem,Alex Padilla,209,0,232
Sutter,41,Secretary of State,,Dem,Alex Padilla,270,0,284
Sutter,42,Secretary of State,,Dem,Alex Padilla,182,0,255
Sutter,43,Secretary of State,,Dem,Alex Padilla,191,0,193
Sutter,44,Secretary of State,,Dem,Alex Padilla,326,0,338
Sutter,45,Secretary of State,,Dem,Alex Padilla,102,0,192
Sutter,46,Secretary of State,,Dem,Alex Padilla,11,0,58
Sutter,47,Secretary of State,,Dem,Alex Padilla,10,0,42
Sutter,48,Secretary of State,,Dem,Alex Padilla,108,0,172
Sutter,49,Secretary of State,,Dem,Alex Padilla,107,0,282
Sutter,50,Secretary of State,,Dem,Alex Padilla,35,0,35
Sutter,LO Comm 01,Secretary of State,,Rep,Mark Meuser,368,123,245
Sutter,LO Comm 02,Secretary of State,,Rep,Mark Meuser,492,159,333
Sutter,Dell Wayne 03,Secretary of State,,Rep,Mark Meuser,346,98,248
Sutter,United Pent 04,Secretary of State,,Rep,Mark Meuser,865,214,651
Sutter,United Pent 05,Secretary of State,,Rep,Mark Meuser,511,172,339
Sutter,7th Day 06,Secretary of State,,Rep,Mark Meuser,127,21,106
Sutter,Sutter Estates 07,Secretary of State,,Rep,Mark Meuser,125,33,92
Sutter,YS Fair 08,Secretary of State,,Rep,Mark Meuser,135,42,93
Sutter,YS Fair 09,Secretary of State,,Rep,Mark Meuser,252,84,168
Sutter,St Isidore 10,Secretary of State,,Rep,Mark Meuser,273,85,188
Sutter,Sutter HS 11,Secretary of State,,Rep,Mark Meuser,662,177,485
Sutter,Sutter HS 12,Secretary of State,,Rep,Mark Meuser,588,178,410
Sutter,Franklin 13,Secretary of State,,Rep,Mark Meuser,241,55,186
Sutter,Meridian 14,Secretary of State,,Rep,Mark Meuser,194,48,146
Sutter,1st United 15,Secretary of State,,Rep,Mark Meuser,481,144,337
Sutter,1st United 16,Secretary of State,,Rep,Mark Meuser,622,167,455
Sutter,Veterans 17,Secretary of State,,Rep,Mark Meuser,310,93,217
Sutter,Veterans 18,Secretary of State,,Rep,Mark Meuser,447,115,332
Sutter,Veterans 19,Secretary of State,,Rep,Mark Meuser,523,129,394
Sutter,Veterans 20,Secretary of State,,Rep,Mark Meuser,509,119,390
Sutter,St Andrew 21,Secretary of State,,Rep,Mark Meuser,361,122,410
Sutter,St Andrew 22,Secretary of State,,Rep,Mark Meuser,470,137,377
Sutter,AK School 23,Secretary of State,,Rep,Mark Meuser,542,140,409
Sutter,AK School 24,Secretary of State,,Rep,Mark Meuser,530,172,566
Sutter,St James 25,Secretary of State,,Rep,Mark Meuser,222,29,185
Sutter,Walnut 26,Secretary of State,,Rep,Mark Meuser,474,66,182
Sutter,Walnut 27,Secretary of State,,Rep,Mark Meuser,472,55,135
Sutter,NV Calvary 28,Secretary of State,,Rep,Mark Meuser,580,123,394
Sutter,NV Calvary 29,Secretary of State,,Rep,Mark Meuser,418,132,270
Sutter,Riverbend 30,Secretary of State,,Rep,Mark Meuser,384,111,296
Sutter,1st Reform 31,Secretary of State,,Rep,Mark Meuser,142,24,40
Sutter,P Grove 32,Secretary of State,,Rep,Mark Meuser,300,35,52
Sutter,E Nicolaus 33,Secretary of State,,Rep,Mark Meuser,476,61,118
Sutter,34,Secretary of State,,Rep,Mark Meuser,429,2,186
Sutter,35,Secretary of State,,Rep,Mark Meuser,300,0,116
Sutter,36,Secretary of State,,Rep,Mark Meuser,87,0,47
Sutter,37,Secretary of State,,Rep,Mark Meuser,426,0,252
Sutter,38,Secretary of State,,Rep,Mark Meuser,236,0,125
Sutter,39,Secretary of State,,Rep,Mark Meuser,120,0,38
Sutter,40,Secretary of State,,Rep,Mark Meuser,251,0,229
Sutter,41,Secretary of State,,Rep,Mark Meuser,306,0,295
Sutter,42,Secretary of State,,Rep,Mark Meuser,269,0,200
Sutter,43,Secretary of State,,Rep,Mark Meuser,197,0,193
Sutter,44,Secretary of State,,Rep,Mark Meuser,361,0,345
Sutter,45,Secretary of State,,Rep,Mark Meuser,199,0,110
Sutter,46,Secretary of State,,Rep,Mark Meuser,59,0,11
Sutter,47,Secretary of State,,Rep,Mark Meuser,44,0,12
Sutter,48,Secretary of State,,Rep,Mark Meuser,174,0,108
Sutter,49,Secretary of State,,Rep,Mark Meuser,287,0,115
Sutter,50,Secretary of State,,Rep,Mark Meuser,38,0,39
Sutter,LO Comm 01,Controller,,Rep,Konstantinos Roditis,352,120,232
Sutter,LO Comm 02,Controller,,Rep,Konstantinos Roditis,474,155,319
Sutter,Dell Wayne 03,Controller,,Rep,Konstantinos Roditis,326,92,234
Sutter,United Pent 04,Controller,,Rep,Konstantinos Roditis,811,200,611
Sutter,United Pent 05,Controller,,Rep,Konstantinos Roditis,472,155,317
Sutter,7th Day 06,Controller,,Rep,Konstantinos Roditis,120,20,100
Sutter,Sutter Estates 07,Controller,,Rep,Konstantinos Roditis,120,31,89
Sutter,YS Fair 08,Controller,,Rep,Konstantinos Roditis,141,45,96
Sutter,YS Fair 09,Controller,,Rep,Konstantinos Roditis,245,82,163
Sutter,St Isidore 10,Controller,,Rep,Konstantinos Roditis,269,87,182
Sutter,Sutter HS 11,Controller,,Rep,Konstantinos Roditis,642,170,472
Sutter,Sutter HS 12,Controller,,Rep,Konstantinos Roditis,568,174,394
Sutter,Franklin 13,Controller,,Rep,Konstantinos Roditis,225,53,172
Sutter,Meridian 14,Controller,,Rep,Konstantinos Roditis,185,48,137
Sutter,1st United 15,Controller,,Rep,Konstantinos Roditis,461,141,320
Sutter,1st United 16,Controller,,Rep,Konstantinos Roditis,583,162,421
Sutter,Veterans 17,Controller,,Rep,Konstantinos Roditis,291,84,207
Sutter,Veterans 18,Controller,,Rep,Konstantinos Roditis,424,109,315
Sutter,Veterans 19,Controller,,Rep,Konstantinos Roditis,493,123,370
Sutter,Veterans 20,Controller,,Rep,Konstantinos Roditis,498,110,388
Sutter,St Andrew 21,Controller,,Rep,Konstantinos Roditis,330,113,217
Sutter,St Andrew 22,Controller,,Rep,Konstantinos Roditis,462,135,327
Sutter,AK School 23,Controller,,Rep,Konstantinos Roditis,500,165,335
Sutter,AK School 24,Controller,,Rep,Konstantinos Roditis,494,147,347
Sutter,St James 25,Controller,,Rep,Konstantinos Roditis,215,48,167
Sutter,Walnut 26,Controller,,Rep,Konstantinos Roditis,449,111,338
Sutter,Walnut 27,Controller,,Rep,Konstantinos Roditis,459,112,347
Sutter,NV Calvary 28,Controller,,Rep,Konstantinos Roditis,556,147,409
Sutter,NV Calvary 29,Controller,,Rep,Konstantinos Roditis,427,155,272
Sutter,Riverbend 30,Controller,,Rep,Konstantinos Roditis,371,111,260
Sutter,1st Reform 31,Controller,,Rep,Konstantinos Roditis,139,46,93
Sutter,P Grove 32,Controller,,Rep,Konstantinos Roditis,290,108,182
Sutter,E Nicolaus 33,Controller,,Rep,Konstantinos Roditis,460,166,294
Sutter,34,Controller,,Rep,Konstantinos Roditis,414,2,412
Sutter,35,Controller,,Rep,Konstantinos Roditis,293,3,290
Sutter,36,Controller,,Rep,Konstantinos Roditis,83,0,83
Sutter,37,Controller,,Rep,Konstantinos Roditis,410,0,410
Sutter,38,Controller,,Rep,Konstantinos Roditis,226,0,226
Sutter,39,Controller,,Rep,Konstantinos Roditis,116,1,115
Sutter,40,Controller,,Rep,Konstantinos Roditis,232,0,232
Sutter,41,Controller,,Rep,Konstantinos Roditis,284,0,284
Sutter,42,Controller,,Rep,Konstantinos Roditis,255,0,255
Sutter,43,Controller,,Rep,Konstantinos Roditis,193,0,193
Sutter,44,Controller,,Rep,Konstantinos Roditis,338,0,338
Sutter,45,Controller,,Rep,Konstantinos Roditis,192,0,192
Sutter,46,Controller,,Rep,Konstantinos Roditis,58,0,58
Sutter,47,Controller,,Rep,Konstantinos Roditis,42,0,42
Sutter,48,Controller,,Rep,Konstantinos Roditis,172,0,172
Sutter,49,Controller,,Rep,Konstantinos Roditis,282,0,282
Sutter,50,Controller,,Rep,Konstantinos Roditis,35,0,35
Sutter,LO Comm 01,Controller,,Dem,Betty Yee,513,163,350
Sutter,LO Comm 02,Controller,,Dem,Betty Yee,587,183,404
Sutter,Dell Wayne 03,Controller,,Dem,Betty Yee,256,62,194
Sutter,United Pent 04,Controller,,Dem,Betty Yee,603,165,438
Sutter,United Pent 05,Controller,,Dem,Betty Yee,381,120,261
Sutter,7th Day 06,Controller,,Dem,Betty Yee,88,22,66
Sutter,Sutter Estates 07,Controller,,Dem,Betty Yee,153,46,107
Sutter,YS Fair 08,Controller,,Dem,Betty Yee,192,72,120
Sutter,YS Fair 09,Controller,,Dem,Betty Yee,221,72,149
Sutter,St Isidore 10,Controller,,Dem,Betty Yee,187,53,134
Sutter,Sutter HS 11,Controller,,Dem,Betty Yee,197,58,139
Sutter,Sutter HS 12,Controller,,Dem,Betty Yee,169,65,104
Sutter,Franklin 13,Controller,,Dem,Betty Yee,86,26,60
Sutter,Meridian 14,Controller,,Dem,Betty Yee,49,6,43
Sutter,1st United 15,Controller,,Dem,Betty Yee,447,90,357
Sutter,1st United 16,Controller,,Dem,Betty Yee,338,99,239
Sutter,Veterans 17,Controller,,Dem,Betty Yee,178,54,124
Sutter,Veterans 18,Controller,,Dem,Betty Yee,239,57,182
Sutter,Veterans 19,Controller,,Dem,Betty Yee,299,77,222
Sutter,Veterans 20,Controller,,Dem,Betty Yee,367,116,251
Sutter,St Andrew 21,Controller,,Dem,Betty Yee,537,127,410
Sutter,St Andrew 22,Controller,,Dem,Betty Yee,514,137,377
Sutter,AK School 23,Controller,,Dem,Betty Yee,549,140,409
Sutter,AK School 24,Controller,,Dem,Betty Yee,738,172,566
Sutter,St James 25,Controller,,Dem,Betty Yee,214,29,185
Sutter,Walnut 26,Controller,,Dem,Betty Yee,248,66,182
Sutter,Walnut 27,Controller,,Dem,Betty Yee,190,55,135
Sutter,NV Calvary 28,Controller,,Dem,Betty Yee,517,123,394
Sutter,NV Calvary 29,Controller,,Dem,Betty Yee,402,132,270
Sutter,Riverbend 30,Controller,,Dem,Betty Yee,407,111,296
Sutter,1st Reform 31,Controller,,Dem,Betty Yee,64,24,40
Sutter,P Grove 32,Controller,,Dem,Betty Yee,87,35,52
Sutter,E Nicolaus 33,Controller,,Dem,Betty Yee,179,61,118
Sutter,34,Controller,,Dem,Betty Yee,188,2,186
Sutter,35,Controller,,Dem,Betty Yee,116,0,116
Sutter,36,Controller,,Dem,Betty Yee,47,0,47
Sutter,37,Controller,,Dem,Betty Yee,252,0,252
Sutter,38,Controller,,Dem,Betty Yee,125,0,125
Sutter,39,Controller,,Dem,Betty Yee,38,0,38
Sutter,40,Controller,,Dem,Betty Yee,229,0,229
Sutter,41,Controller,,Dem,Betty Yee,295,0,295
Sutter,42,Controller,,Dem,Betty Yee,200,0,200
Sutter,43,Controller,,Dem,Betty Yee,193,0,193
Sutter,44,Controller,,Dem,Betty Yee,345,0,345
Sutter,45,Controller,,Dem,Betty Yee,110,0,110
Sutter,46,Controller,,Dem,Betty Yee,11,0,11
Sutter,47,Controller,,Dem,Betty Yee,12,0,12
Sutter,48,Controller,,Dem,Betty Yee,108,0,108
Sutter,49,Controller,,Dem,Betty Yee,115,0,115
Sutter,50,Controller,,Dem,Betty Yee,39,0,39
Sutter,LO Comm 01,Treasurer,,Rep,Greg Conlon,376,122,254
Sutter,LO Comm 02,Treasurer,,Rep,Greg Conlon,497,167,330
Sutter,Dell Wayne 03,Treasurer,,Rep,Greg Conlon,342,98,244
Sutter,United Pent 04,Treasurer,,Rep,Greg Conlon,872,217,655
Sutter,United Pent 05,Treasurer,,Rep,Greg Conlon,502,168,334
Sutter,7th Day 06,Treasurer,,Rep,Greg Conlon,122,20,102
Sutter,Sutter Estates 07,Treasurer,,Rep,Greg Conlon,132,37,95
Sutter,YS Fair 08,Treasurer,,Rep,Greg Conlon,143,51,92
Sutter,YS Fair 09,Treasurer,,Rep,Greg Conlon,248,82,166
Sutter,St Isidore 10,Treasurer,,Rep,Greg Conlon,284,90,194
Sutter,Sutter HS 11,Treasurer,,Rep,Greg Conlon,672,173,499
Sutter,Sutter HS 12,Treasurer,,Rep,Greg Conlon,579,175,404
Sutter,Franklin 13,Treasurer,,Rep,Greg Conlon,243,61,182
Sutter,Meridian 14,Treasurer,,Rep,Greg Conlon,192,50,142
Sutter,1st United 15,Treasurer,,Rep,Greg Conlon,495,148,347
Sutter,1st United 16,Treasurer,,Rep,Greg Conlon,626,167,459
Sutter,Veterans 17,Treasurer,,Rep,Greg Conlon,311,94,217
Sutter,Veterans 18,Treasurer,,Rep,Greg Conlon,455,119,336
Sutter,Veterans 19,Treasurer,,Rep,Greg Conlon,515,130,385
Sutter,Veterans 20,Treasurer,,Rep,Greg Conlon,496,113,383
Sutter,St Andrew 21,Treasurer,,Rep,Greg Conlon,355,123,232
Sutter,St Andrew 22,Treasurer,,Rep,Greg Conlon,494,153,341
Sutter,AK School 23,Treasurer,,Rep,Greg Conlon,535,169,366
Sutter,AK School 24,Treasurer,,Rep,Greg Conlon,561,163,398
Sutter,St James 25,Treasurer,,Rep,Greg Conlon,231,54,177
Sutter,Walnut 26,Treasurer,,Rep,Greg Conlon,466,123,343
Sutter,Walnut 27,Treasurer,,Rep,Greg Conlon,468,118,350
Sutter,NV Calvary 28,Treasurer,,Rep,Greg Conlon,579,153,426
Sutter,NV Calvary 29,Treasurer,,Rep,Greg Conlon,438,164,274
Sutter,Riverbend 30,Treasurer,,Rep,Greg Conlon,389,120,269
Sutter,1st Reform 31,Treasurer,,Rep,Greg Conlon,142,49,93
Sutter,P Grove 32,Treasurer,,Rep,Greg Conlon,304,120,184
Sutter,E Nicolaus 33,Treasurer,,Rep,Greg Conlon,489,178,311
Sutter,34,Treasurer,,Rep,Greg Conlon,425,2,423
Sutter,35,Treasurer,,Rep,Greg Conlon,305,3,302
Sutter,36,Treasurer,,Rep,Greg Conlon,83,0,83
Sutter,37,Treasurer,,Rep,Greg Conlon,417,0,417
Sutter,38,Treasurer,,Rep,Greg Conlon,232,0,232
Sutter,39,Treasurer,,Rep,Greg Conlon,118,1,117
Sutter,40,Treasurer,,Rep,Greg Conlon,239,0,239
Sutter,41,Treasurer,,Rep,Greg Conlon,302,0,302
Sutter,42,Treasurer,,Rep,Greg Conlon,271,0,271
Sutter,43,Treasurer,,Rep,Greg Conlon,199,0,199
Sutter,44,Treasurer,,Rep,Greg Conlon,363,0,363
Sutter,45,Treasurer,,Rep,Greg Conlon,212,0,212
Sutter,46,Treasurer,,Rep,Greg Conlon,60,0,60
Sutter,47,Treasurer,,Rep,Greg Conlon,43,0,43
Sutter,48,Treasurer,,Rep,Greg Conlon,173,0,173
Sutter,49,Treasurer,,Rep,Greg Conlon,285,0,285
Sutter,50,Treasurer,,Rep,Greg Conlon,41,0,41
Sutter,LO Comm 01,Treasurer,,Dem,Fiona Ma,486,161,325
Sutter,LO Comm 02,Treasurer,,Dem,Fiona Ma,560,169,391
Sutter,Dell Wayne 03,Treasurer,,Dem,Fiona Ma,241,57,184
Sutter,United Pent 04,Treasurer,,Dem,Fiona Ma,537,145,392
Sutter,United Pent 05,Treasurer,,Dem,Fiona Ma,350,108,242
Sutter,7th Day 06,Treasurer,,Dem,Fiona Ma,83,21,62
Sutter,Sutter Estates 07,Treasurer,,Dem,Fiona Ma,145,42,103
Sutter,YS Fair 08,Treasurer,,Dem,Fiona Ma,190,66,124
Sutter,YS Fair 09,Treasurer,,Dem,Fiona Ma,213,69,144
Sutter,St Isidore 10,Treasurer,,Dem,Fiona Ma,169,49,12
Sutter,Sutter HS 11,Treasurer,,Dem,Fiona Ma,159,53,106
Sutter,Sutter HS 12,Treasurer,,Dem,Fiona Ma,157,63,94
Sutter,Franklin 13,Treasurer,,Dem,Fiona Ma,68,18,5
Sutter,Meridian 14,Treasurer,,Dem,Fiona Ma,44,5,39
Sutter,1st United 15,Treasurer,,Dem,Fiona Ma,408,84,324
Sutter,1st United 16,Treasurer,,Dem,Fiona Ma,294,92,202
Sutter,Veterans 17,Treasurer,,Dem,Fiona Ma,153,42,111
Sutter,Veterans 18,Treasurer,,Dem,Fiona Ma,212,49,163
Sutter,Veterans 19,Treasurer,,Dem,Fiona Ma,270,69,201
Sutter,Veterans 20,Treasurer,,Dem,Fiona Ma,381,121,260
Sutter,St Andrew 21,Treasurer,,Dem,Fiona Ma,504,117,387
Sutter,St Andrew 22,Treasurer,,Dem,Fiona Ma,479,118,361
Sutter,AK School 23,Treasurer,,Dem,Fiona Ma,509,133,376
Sutter,AK School 24,Treasurer,,Dem,Fiona Ma,679,158,521
Sutter,St James 25,Treasurer,,Dem,Fiona Ma,198,22,176
Sutter,Walnut 26,Treasurer,,Dem,Fiona Ma,220,56,164
Sutter,Walnut 27,Treasurer,,Dem,Fiona Ma,179,46,133
Sutter,NV Calvary 28,Treasurer,,Dem,Fiona Ma,490,117,373
Sutter,NV Calvary 29,Treasurer,,Dem,Fiona Ma,394,126,268
Sutter,Riverbend 30,Treasurer,,Dem,Fiona Ma,385,102,283
Sutter,1st Reform 31,Treasurer,,Dem,Fiona Ma,62,21,41
Sutter,P Grove 32,Treasurer,,Dem,Fiona Ma,68,22,46
Sutter,E Nicolaus 33,Treasurer,,Dem,Fiona Ma,150,51,99
Sutter,34,Treasurer,,Dem,Fiona Ma,175,2,173
Sutter,35,Treasurer,,Dem,Fiona Ma,108,0,108
Sutter,36,Treasurer,,Dem,Fiona Ma,48,0,48
Sutter,37,Treasurer,,Dem,Fiona Ma,237,0,237
Sutter,38,Treasurer,,Dem,Fiona Ma,118,0,118
Sutter,39,Treasurer,,Dem,Fiona Ma,33,0,33
Sutter,40,Treasurer,,Dem,Fiona Ma,216,0,216
Sutter,41,Treasurer,,Dem,Fiona Ma,276,0,276
Sutter,42,Treasurer,,Dem,Fiona Ma,183,0,183
Sutter,43,Treasurer,,Dem,Fiona Ma,184,0,184
Sutter,44,Treasurer,,Dem,Fiona Ma,316,0,316
Sutter,45,Treasurer,,Dem,Fiona Ma,91,0,91
Sutter,46,Treasurer,,Dem,Fiona Ma,11,0,11
Sutter,47,Treasurer,,Dem,Fiona Ma,11,0,11
Sutter,48,Treasurer,,Dem,Fiona Ma,109,0,109
Sutter,49,Treasurer,,Dem,Fiona Ma,107,0,107
Sutter,50,Treasurer,,Dem,Fiona Ma,34,0,34
Sutter,LO Comm 01,Attorney General,,Rep,Steven Bailey,379,123,256
Sutter,LO Comm 02,Attorney General,,Rep,Steven Bailey,498,160,338
Sutter,Dell Wayne 03,Attorney General,,Rep,Steven Bailey,353,98,255
Sutter,United Pent 04,Attorney General,,Rep,Steven Bailey,890,216,674
Sutter,United Pent 05,Attorney General,,Rep,Steven Bailey,527,168,359
Sutter,7th Day 06,Attorney General,,Rep,Steven Bailey,121,19,102
Sutter,Sutter Estates 07,Attorney General,,Rep,Steven Bailey,133,37,96
Sutter,YS Fair 08,Attorney General,,Rep,Steven Bailey,136,42,94
Sutter,YS Fair 09,Attorney General,,Rep,Steven Bailey,262,88,174
Sutter,St Isidore 10,Attorney General,,Rep,Steven Bailey,288,94,194
Sutter,Sutter HS 11,Attorney General,,Rep,Steven Bailey,677,181,496
Sutter,Sutter HS 12,Attorney General,,Rep,Steven Bailey,594,180,414
Sutter,Franklin 13,Attorney General,,Rep,Steven Bailey,243,56,187
Sutter,Meridian 14,Attorney General,,Rep,Steven Bailey,196,50,146
Sutter,1st United 15,Attorney General,,Rep,Steven Bailey,503,152,351
Sutter,1st United 16,Attorney General,,Rep,Steven Bailey,651,181,470
Sutter,Veterans 17,Attorney General,,Rep,Steven Bailey,308,95,213
Sutter,Veterans 18,Attorney General,,Rep,Steven Bailey,459,117,342
Sutter,Veterans 19,Attorney General,,Rep,Steven Bailey,539,131,408
Sutter,Veterans 20,Attorney General,,Rep,Steven Bailey,510,116,394
Sutter,St Andrew 21,Attorney General,,Rep,Steven Bailey,376,126,250
Sutter,St Andrew 22,Attorney General,,Rep,Steven Bailey,494,145,349
Sutter,AK School 23,Attorney General,,Rep,Steven Bailey,554,176,378
Sutter,AK School 24,Attorney General,,Rep,Steven Bailey,570,167,403
Sutter,St James 25,Attorney General,,Rep,Steven Bailey,234,55,179
Sutter,Walnut 26,Attorney General,,Rep,Steven Bailey,476,124,352
Sutter,Walnut 27,Attorney General,,Rep,Steven Bailey,486,121,365
Sutter,NV Calvary 28,Attorney General,,Rep,Steven Bailey,608,165,443
Sutter,NV Calvary 29,Attorney General,,Rep,Steven Bailey,453,172,281
Sutter,Riverbend 30,Attorney General,,Rep,Steven Bailey,404,119,285
Sutter,1st Reform 31,Attorney General,,Rep,Steven Bailey,146,50,96
Sutter,P Grove 32,Attorney General,,Rep,Steven Bailey,315,121,194
Sutter,E Nicolaus 33,Attorney General,,Rep,Steven Bailey,497,180,317
Sutter,34,Attorney General,,Rep,Steven Bailey,440,3,437
Sutter,35,Attorney General,,Rep,Steven Bailey,314,3,311
Sutter,36,Attorney General,,Rep,Steven Bailey,89,0,89
Sutter,37,Attorney General,,Rep,Steven Bailey,444,0,444
Sutter,38,Attorney General,,Rep,Steven Bailey,255,0,255
Sutter,39,Attorney General,,Rep,Steven Bailey,118,1,117
Sutter,40,Attorney General,,Rep,Steven Bailey,255,0,255
Sutter,41,Attorney General,,Rep,Steven Bailey,318,0,318
Sutter,42,Attorney General,,Rep,Steven Bailey,284,0,284
Sutter,43,Attorney General,,Rep,Steven Bailey,210,0,210
Sutter,44,Attorney General,,Rep,Steven Bailey,370,0,370
Sutter,45,Attorney General,,Rep,Steven Bailey,218,0,218
Sutter,46,Attorney General,,Rep,Steven Bailey,60,0,60
Sutter,47,Attorney General,,Rep,Steven Bailey,44,0,44
Sutter,48,Attorney General,,Rep,Steven Bailey,176,0,176
Sutter,49,Attorney General,,Rep,Steven Bailey,296,0,296
Sutter,50,Attorney General,,Rep,Steven Bailey,40,0,40
Sutter,LO Comm 01,Attorney General,,Dem,Xavier Becerra,491,167,324
Sutter,LO Comm 02,Attorney General,,Dem,Xavier Becerra,559,178,381
Sutter,Dell Wayne 03,Attorney General,,Dem,Xavier Becerra,233,58,175
Sutter,United Pent 04,Attorney General,,Dem,Xavier Becerra,526,146,38
Sutter,United Pent 05,Attorney General,,Dem,Xavier Becerra,328,107,221
Sutter,7th Day 06,Attorney General,,Dem,Xavier Becerra,87,22,65
Sutter,Sutter Estates 07,Attorney General,,Dem,Xavier Becerra,148,42,106
Sutter,YS Fair 08,Attorney General,,Dem,Xavier Becerra,199,77,122
Sutter,YS Fair 09,Attorney General,,Dem,Xavier Becerra,200,64,136
Sutter,St Isidore 10,Attorney General,,Dem,Xavier Becerra,170,45,125
Sutter,Sutter HS 11,Attorney General,,Dem,Xavier Becerra,159,47,112
Sutter,Sutter HS 12,Attorney General,,Dem,Xavier Becerra,147,60,87
Sutter,Franklin 13,Attorney General,,Dem,Xavier Becerra,73,24,49
Sutter,Meridian 14,Attorney General,,Dem,Xavier Becerra,39,5,34
Sutter,1st United 15,Attorney General,,Dem,Xavier Becerra,408,80,328
Sutter,1st United 16,Attorney General,,Dem,Xavier Becerra,282,83,199
Sutter,Veterans 17,Attorney General,,Dem,Xavier Becerra,167,44,123
Sutter,Veterans 18,Attorney General,,Dem,Xavier Becerra,211,51,160
Sutter,Veterans 19,Attorney General,,Dem,Xavier Becerra,257,66,191
Sutter,Veterans 20,Attorney General,,Dem,Xavier Becerra,376,120,256
Sutter,St Andrew 21,Attorney General,,Dem,Xavier Becerra,496,118,378
Sutter,St Andrew 22,Attorney General,,Dem,Xavier Becerra,491,130,361
Sutter,AK School 23,Attorney General,,Dem,Xavier Becerra,493,123,37
Sutter,AK School 24,Attorney General,,Dem,Xavier Becerra,669,156,513
Sutter,St James 25,Attorney General,,Dem,Xavier Becerra,198,23,175
Sutter,Walnut 26,Attorney General,,Dem,Xavier Becerra,227,58,169
Sutter,Walnut 27,Attorney General,,Dem,Xavier Becerra,165,44,121
Sutter,NV Calvary 28,Attorney General,,Dem,Xavier Becerra,473,108,365
Sutter,NV Calvary 29,Attorney General,,Dem,Xavier Becerra,382,117,265
Sutter,Riverbend 30,Attorney General,,Dem,Xavier Becerra,377,106,271
Sutter,1st Reform 31,Attorney General,,Dem,Xavier Becerra,58,20,38
Sutter,P Grove 32,Attorney General,,Dem,Xavier Becerra,65,24,41
Sutter,E Nicolaus 33,Attorney General,,Dem,Xavier Becerra,144,48,96
Sutter,34,Attorney General,,Dem,Xavier Becerra,161,1,160
Sutter,35,Attorney General,,Dem,Xavier Becerra,99,0,99
Sutter,36,Attorney General,,Dem,Xavier Becerra,42,0,42
Sutter,37,Attorney General,,Dem,Xavier Becerra,218,0,218
Sutter,38,Attorney General,,Dem,Xavier Becerra,101,0,101
Sutter,39,Attorney General,,Dem,Xavier Becerra,36,0,36
Sutter,40,Attorney General,,Dem,Xavier Becerra,209,0,209
Sutter,41,Attorney General,,Dem,Xavier Becerra,261,0,261
Sutter,42,Attorney General,,Dem,Xavier Becerra,171,0,171
Sutter,43,Attorney General,,Dem,Xavier Becerra,181,0,181
Sutter,44,Attorney General,,Dem,Xavier Becerra,309,0,309
Sutter,45,Attorney General,,Dem,Xavier Becerra,87,0,87
Sutter,46,Attorney General,,Dem,Xavier Becerra,11,0,11
Sutter,47,Attorney General,,Dem,Xavier Becerra,10,0,10
Sutter,48,Attorney General,,Dem,Xavier Becerra,110,0,110
Sutter,49,Attorney General,,Dem,Xavier Becerra,101,0,101
Sutter,50,Attorney General,,Dem,Xavier Becerra,34,0,34
Sutter,LO Comm 01,Insurance Commissioner,,Dem,Ricardo Lara,440,147,293
Sutter,LO Comm 02,Insurance Commissioner,,Dem,Ricardo Lara,495,155,340
Sutter,Dell Wayne 03,Insurance Commissioner,,Dem,Ricardo Lara,205,47,158
Sutter,United Pent 04,Insurance Commissioner,,Dem,Ricardo Lara,428,117,311
Sutter,United Pent 05,Insurance Commissioner,,Dem,Ricardo Lara,267,93,174
Sutter,7th Day 06,Insurance Commissioner,,Dem,Ricardo Lara,54,16,38
Sutter,Sutter Estates 07,Insurance Commissioner,,Dem,Ricardo Lara,124,40,84
Sutter,YS Fair 08,Insurance Commissioner,,Dem,Ricardo Lara,182,72,110
Sutter,YS Fair 09,Insurance Commissioner,,Dem,Ricardo Lara,157,53,104
Sutter,St Isidore 10,Insurance Commissioner,,Dem,Ricardo Lara,137,34,103
Sutter,Sutter HS 11,Insurance Commissioner,,Dem,Ricardo Lara,130,40,90
Sutter,Sutter HS 12,Insurance Commissioner,,Dem,Ricardo Lara,137,57,80
Sutter,Franklin 13,Insurance Commissioner,,Dem,Ricardo Lara,59,13,46
Sutter,Meridian 14,Insurance Commissioner,,Dem,Ricardo Lara,37,7,30
Sutter,1st United 15,Insurance Commissioner,,Dem,Ricardo Lara,360,62,298
Sutter,1st United 16,Insurance Commissioner,,Dem,Ricardo Lara,214,61,153
Sutter,Veterans 17,Insurance Commissioner,,Dem,Ricardo Lara,130,39,91
Sutter,Veterans 18,Insurance Commissioner,,Dem,Ricardo Lara,161,38,123
Sutter,Veterans 19,Insurance Commissioner,,Dem,Ricardo Lara,205,53,152
Sutter,Veterans 20,Insurance Commissioner,,Dem,Ricardo Lara,300,93,207
Sutter,St Andrew 21,Insurance Commissioner,,Dem,Ricardo Lara,444,102,342
Sutter,St Andrew 22,Insurance Commissioner,,Dem,Ricardo Lara,403,101,302
Sutter,AK School 23,Insurance Commissioner,,Dem,Ricardo Lara,452,116,336
Sutter,AK School 24,Insurance Commissioner,,Dem,Ricardo Lara,635,148,487
Sutter,St James 25,Insurance Commissioner,,Dem,Ricardo Lara,165,20,145
Sutter,Walnut 26,Insurance Commissioner,,Dem,Ricardo Lara,177,52,125
Sutter,Walnut 27,Insurance Commissioner,,Dem,Ricardo Lara,139,43,96
Sutter,NV Calvary 28,Insurance Commissioner,,Dem,Ricardo Lara,399,96,303
Sutter,NV Calvary 29,Insurance Commissioner,,Dem,Ricardo Lara,315,109,206
Sutter,Riverbend 30,Insurance Commissioner,,Dem,Ricardo Lara,333,96,237
Sutter,1st Reform 31,Insurance Commissioner,,Dem,Ricardo Lara,51,19,32
Sutter,P Grove 32,Insurance Commissioner,,Dem,Ricardo Lara,54,14,40
Sutter,E Nicolaus 33,Insurance Commissioner,,Dem,Ricardo Lara,122,52,70
Sutter,34,Insurance Commissioner,,Dem,Ricardo Lara,141,0,141
Sutter,35,Insurance Commissioner,,Dem,Ricardo Lara,97,0,97
Sutter,36,Insurance Commissioner,,Dem,Ricardo Lara,36,0,36
Sutter,37,Insurance Commissioner,,Dem,Ricardo Lara,164,0,164
Sutter,38,Insurance Commissioner,,Dem,Ricardo Lara,88,0,88
Sutter,39,Insurance Commissioner,,Dem,Ricardo Lara,37,0,37
Sutter,40,Insurance Commissioner,,Dem,Ricardo Lara,167,0,167
Sutter,41,Insurance Commissioner,,Dem,Ricardo Lara,213,0,213
Sutter,42,Insurance Commissioner,,Dem,Ricardo Lara,153,0,153
Sutter,43,Insurance Commissioner,,Dem,Ricardo Lara,158,0,158
Sutter,44,Insurance Commissioner,,Dem,Ricardo Lara,282,0,282
Sutter,45,Insurance Commissioner,,Dem,Ricardo Lara,73,0,73
Sutter,46,Insurance Commissioner,,Dem,Ricardo Lara,8,0,8
Sutter,47,Insurance Commissioner,,Dem,Ricardo Lara,10,0,10
Sutter,48,Insurance Commissioner,,Dem,Ricardo Lara,87,0,87
Sutter,49,Insurance Commissioner,,Dem,Ricardo Lara,79,0,79
Sutter,50,Insurance Commissioner,,Dem,Ricardo Lara,31,0,31
Sutter,LO Comm 01,Insurance Commissioner,,NPP,Steve Poizner,394,122,272
Sutter,LO Comm 02,Insurance Commissioner,,NPP,Steve Poizner,524,169,355
Sutter,Dell Wayne 03,Insurance Commissioner,,NPP,Steve Poizner,353,101,252
Sutter,United Pent 04,Insurance Commissioner,,NPP,Steve Poizner,899,218,681
Sutter,United Pent 05,Insurance Commissioner,,NPP,Steve Poizner,556,171,385
Sutter,7th Day 06,Insurance Commissioner,,NPP,Steve Poizner,147,24,123
Sutter,Sutter Estates 07,Insurance Commissioner,,NPP,Steve Poizner,143,37,106
Sutter,YS Fair 08,Insurance Commissioner,,NPP,Steve Poizner,145,44,101
Sutter,YS Fair 09,Insurance Commissioner,,NPP,Steve Poizner,294,97,197
Sutter,St Isidore 10,Insurance Commissioner,,NPP,Steve Poizner,291,93,198
Sutter,Sutter HS 11,Insurance Commissioner,,NPP,Steve Poizner,663,180,483
Sutter,Sutter HS 12,Insurance Commissioner,,NPP,Steve Poizner,557,168,389
Sutter,Franklin 13,Insurance Commissioner,,NPP,Steve Poizner,240,65,175
Sutter,Meridian 14,Insurance Commissioner,,NPP,Steve Poizner,182,44,138
Sutter,1st United 15,Insurance Commissioner,,NPP,Steve Poizner,501,151,350
Sutter,1st United 16,Insurance Commissioner,,NPP,Steve Poizner,669,191,478
Sutter,Veterans 17,Insurance Commissioner,,NPP,Steve Poizner,308,85,223
Sutter,Veterans 18,Insurance Commissioner,,NPP,Steve Poizner,472,122,350
Sutter,Veterans 19,Insurance Commissioner,,NPP,Steve Poizner,544,129,415
Sutter,Veterans 20,Insurance Commissioner,,NPP,Steve Poizner,536,124,412
Sutter,St Andrew 21,Insurance Commissioner,,NPP,Steve Poizner,394,122,272
Sutter,St Andrew 22,Insurance Commissioner,,NPP,Steve Poizner,548,160,388
Sutter,AK School 23,Insurance Commissioner,,NPP,Steve Poizner,543,162,381
Sutter,AK School 24,Insurance Commissioner,,NPP,Steve Poizner,559,163,396
Sutter,St James 25,Insurance Commissioner,,NPP,Steve Poizner,246,55,191
Sutter,Walnut 26,Insurance Commissioner,,NPP,Steve Poizner,496,120,376
Sutter,Walnut 27,Insurance Commissioner,,NPP,Steve Poizner,474,112,362
Sutter,NV Calvary 28,Insurance Commissioner,,NPP,Steve Poizner,630,156,474
Sutter,NV Calvary 29,Insurance Commissioner,,NPP,Steve Poizner,481,167,314
Sutter,Riverbend 30,Insurance Commissioner,,NPP,Steve Poizner,417,118,299
Sutter,1st Reform 31,Insurance Commissioner,,NPP,Steve Poizner,143,45,98
Sutter,P Grove 32,Insurance Commissioner,,NPP,Steve Poizner,296,114,182
Sutter,E Nicolaus 33,Insurance Commissioner,,NPP,Steve Poizner,472,161,311
Sutter,34,Insurance Commissioner,,NPP,Steve Poizner,431,4,427
Sutter,35,Insurance Commissioner,,NPP,Steve Poizner,283,3,280
Sutter,36,Insurance Commissioner,,NPP,Steve Poizner,87,0,87
Sutter,37,Insurance Commissioner,,NPP,Steve Poizner,462,0,462
Sutter,38,Insurance Commissioner,,NPP,Steve Poizner,236,0,236
Sutter,39,Insurance Commissioner,,NPP,Steve Poizner,108,1,107
Sutter,40,Insurance Commissioner,,NPP,Steve Poizner,279,0,279
Sutter,41,Insurance Commissioner,,NPP,Steve Poizner,335,0,335
Sutter,42,Insurance Commissioner,,NPP,Steve Poizner,279,0,279
Sutter,43,Insurance Commissioner,,NPP,Steve Poizner,211,0,211
Sutter,44,Insurance Commissioner,,NPP,Steve Poizner,366,0,366
Sutter,45,Insurance Commissioner,,NPP,Steve Poizner,209,0,209
Sutter,46,Insurance Commissioner,,NPP,Steve Poizner,59,0,59
Sutter,47,Insurance Commissioner,,NPP,Steve Poizner,42,0,42
Sutter,48,Insurance Commissioner,,NPP,Steve Poizner,181,0,181
Sutter,49,Insurance Commissioner,,NPP,Steve Poizner,284,0,284
Sutter,50,Insurance Commissioner,,NPP,Steve Poizner,39,0,39
Sutter,LO Comm 01,U.S. Senate,,Dem,Dianne Feinstein,356,116,240
Sutter,LO Comm 02,U.S. Senate,,Dem,Dianne Feinstein,423,128,295
Sutter,Dell Wayne 03,U.S. Senate,,Dem,Dianne Feinstein,219,51,168
Sutter,United Pent 04,U.S. Senate,,Dem,Dianne Feinstein,522,149,373
Sutter,United Pent 05,U.S. Senate,,Dem,Dianne Feinstein,288,100,188
Sutter,7th Day 06,U.S. Senate,,Dem,Dianne Feinstein,90,14,76
Sutter,Sutter Estates 07,U.S. Senate,,Dem,Dianne Feinstein,112,34,78
Sutter,YS Fair 08,U.S. Senate,,Dem,Dianne Feinstein,122,48,74
Sutter,YS Fair 09,U.S. Senate,,Dem,Dianne Feinstein,159,49,110
Sutter,St Isidore 10,U.S. Senate,,Dem,Dianne Feinstein,180,51,129
Sutter,Sutter HS 11,U.S. Senate,,Dem,Dianne Feinstein,211,65,146
Sutter,Sutter HS 12,U.S. Senate,,Dem,Dianne Feinstein,183,73,110
Sutter,Franklin 13,U.S. Senate,,Dem,Dianne Feinstein,91,21,70
Sutter,Meridian 14,U.S. Senate,,Dem,Dianne Feinstein,48,8,40
Sutter,1st United 15,U.S. Senate,,Dem,Dianne Feinstein,363,83,280
Sutter,1st United 16,U.S. Senate,,Dem,Dianne Feinstein,287,87,200
Sutter,Veterans 17,U.S. Senate,,Dem,Dianne Feinstein,161,53,108
Sutter,Veterans 18,U.S. Senate,,Dem,Dianne Feinstein,210,55,155
Sutter,Veterans 19,U.S. Senate,,Dem,Dianne Feinstein,286,76,210
Sutter,Veterans 20,U.S. Senate,,Dem,Dianne Feinstein,335,98,237
Sutter,St Andrew 21,U.S. Senate,,Dem,Dianne Feinstein,349,80,269
Sutter,St Andrew 22,U.S. Senate,,Dem,Dianne Feinstein,417,108,309
Sutter,AK School 23,U.S. Senate,,Dem,Dianne Feinstein,421,104,317
Sutter,AK School 24,U.S. Senate,,Dem,Dianne Feinstein,571,138,433
Sutter,St James 25,U.S. Senate,,Dem,Dianne Feinstein,165,22,143
Sutter,Walnut 26,U.S. Senate,,Dem,Dianne Feinstein,243,75,168
Sutter,Walnut 27,U.S. Senate,,Dem,Dianne Feinstein,205,53,152
Sutter,NV Calvary 28,U.S. Senate,,Dem,Dianne Feinstein,404,99,305
Sutter,NV Calvary 29,U.S. Senate,,Dem,Dianne Feinstein,329,115,214
Sutter,Riverbend 30,U.S. Senate,,Dem,Dianne Feinstein,307,95,212
Sutter,1st Reform 31,U.S. Senate,,Dem,Dianne Feinstein,59,23,36
Sutter,P Grove 32,U.S. Senate,,Dem,Dianne Feinstein,119,47,72
Sutter,E Nicolaus 33,U.S. Senate,,Dem,Dianne Feinstein,216,81,135
Sutter,34,U.S. Senate,,Dem,Dianne Feinstein,218,1,217
Sutter,35,U.S. Senate,,Dem,Dianne Feinstein,129,1,128
Sutter,36,U.S. Senate,,Dem,Dianne Feinstein,35,0,35
Sutter,37,U.S. Senate,,Dem,Dianne Feinstein,227,0,227
Sutter,38,U.S. Senate,,Dem,Dianne Feinstein,88,0,88
Sutter,39,U.S. Senate,,Dem,Dianne Feinstein,51,1,50
Sutter,40,U.S. Senate,,Dem,Dianne Feinstein,176,0,176
Sutter,41,U.S. Senate,,Dem,Dianne Feinstein,197,0,197
Sutter,42,U.S. Senate,,Dem,Dianne Feinstein,164,0,164
Sutter,43,U.S. Senate,,Dem,Dianne Feinstein,132,0,132
Sutter,44,U.S. Senate,,Dem,Dianne Feinstein,268,0,268
Sutter,45,U.S. Senate,,Dem,Dianne Feinstein,80,0,80
Sutter,46,U.S. Senate,,Dem,Dianne Feinstein,17,0,17
Sutter,47,U.S. Senate,,Dem,Dianne Feinstein,11,0,11
Sutter,48,U.S. Senate,,Dem,Dianne Feinstein,99,0,99
Sutter,49,U.S. Senate,,Dem,Dianne Feinstein,133,0,133
Sutter,50,U.S. Senate,,Dem,Dianne Feinstein,25,0,25
Sutter,LO Comm 01,U.S. Senate,,Dem,Kevin DeLeon,443,140,303
Sutter,LO Comm 02,U.S. Senate,,Dem,Kevin DeLeon,555,186,369
Sutter,Dell Wayne 03,U.S. Senate,,Dem,Kevin DeLeon,275,69,206
Sutter,United Pent 04,U.S. Senate,,Dem,Kevin DeLeon,640,150,490
Sutter,United Pent 05,U.S. Senate,,Dem,Kevin DeLeon,431,136,295
Sutter,7th Day 06,U.S. Senate,,Dem,Kevin DeLeon,92,24,68
Sutter,Sutter Estates 07,U.S. Senate,,Dem,Kevin DeLeon,146,42,104
Sutter,YS Fair 08,U.S. Senate,,Dem,Kevin DeLeon,180,58,122
Sutter,YS Fair 09,U.S. Senate,,Dem,Kevin DeLeon,235,81,154
Sutter,St Isidore 10,U.S. Senate,,Dem,Kevin DeLeon,197,59,138
Sutter,Sutter HS 11,U.S. Senate,,Dem,Kevin DeLeon,435,121,314
Sutter,Sutter HS 12,U.S. Senate,,Dem,Kevin DeLeon,426,136,290
Sutter,Franklin 13,U.S. Senate,,Dem,Kevin DeLeon,154,37,117
Sutter,Meridian 14,U.S. Senate,,Dem,Kevin DeLeon,129,30,99
Sutter,1st United 15,U.S. Senate,,Dem,Kevin DeLeon,393,103,290
Sutter,1st United 16,U.S. Senate,,Dem,Kevin DeLeon,448,120,328
Sutter,Veterans 17,U.S. Senate,,Dem,Kevin DeLeon,234,61,173
Sutter,Veterans 18,U.S. Senate,,Dem,Kevin DeLeon,324,78,246
Sutter,Veterans 19,U.S. Senate,,Dem,Kevin DeLeon,357,83,274
Sutter,Veterans 20,U.S. Senate,,Dem,Kevin DeLeon,418,108,310
Sutter,St Andrew 21,U.S. Senate,,Dem,Kevin DeLeon,457,138,319
Sutter,St Andrew 22,U.S. Senate,,Dem,Kevin DeLeon,451,128,323
Sutter,AK School 23,U.S. Senate,,Dem,Kevin DeLeon,488,140,348
Sutter,AK School 24,U.S. Senate,,Dem,Kevin DeLeon,559,159,400
Sutter,St James 25,U.S. Senate,,Dem,Kevin DeLeon,202,43,159
Sutter,Walnut 26,U.S. Senate,,Dem,Kevin DeLeon,341,82,259
Sutter,Walnut 27,U.S. Senate,,Dem,Kevin DeLeon,309,79,230
Sutter,NV Calvary 28,U.S. Senate,,Dem,Kevin DeLeon,511,128,383
Sutter,NV Calvary 29,U.S. Senate,,Dem,Kevin DeLeon,403,134,269
Sutter,Riverbend 30,U.S. Senate,,Dem,Kevin DeLeon,374,102,272
Sutter,1st Reform 31,U.S. Senate,,Dem,Kevin DeLeon,116,39,77
Sutter,P Grove 32,U.S. Senate,,Dem,Kevin DeLeon,169,63,106
Sutter,E Nicolaus 33,U.S. Senate,,Dem,Kevin DeLeon,303,97,206
Sutter,34,U.S. Senate,,Dem,Kevin DeLeon,270,3,267
Sutter,35,U.S. Senate,,Dem,Kevin DeLeon,188,1,187
Sutter,36,U.S. Senate,,Dem,Kevin DeLeon,70,0,70
Sutter,37,U.S. Senate,,Dem,Kevin DeLeon,322,0,322
Sutter,38,U.S. Senate,,Dem,Kevin DeLeon,193,0,193
Sutter,39,U.S. Senate,,Dem,Kevin DeLeon,60,0,60
Sutter,40,U.S. Senate,,Dem,Kevin DeLeon,247,0,247
Sutter,41,U.S. Senate,,Dem,Kevin DeLeon,279,0,279
Sutter,42,U.S. Senate,,Dem,Kevin DeLeon,213,0,213
Sutter,43,U.S. Senate,,Dem,Kevin DeLeon,210,0,210
Sutter,44,U.S. Senate,,Dem,Kevin DeLeon,324,0,324
Sutter,45,U.S. Senate,,Dem,Kevin DeLeon,172,0,172
Sutter,46,U.S. Senate,,Dem,Kevin DeLeon,36,0,36
Sutter,47,U.S. Senate,,Dem,Kevin DeLeon,27,0,27
Sutter,48,U.S. Senate,,Dem,Kevin DeLeon,140,0,140
Sutter,49,U.S. Senate,,Dem,Kevin DeLeon,176,0,176
Sutter,50,U.S. Senate,,Dem,Kevin DeLeon,44,0,44
Sutter,LO Comm 01,Superintendent of Public Instruction,,None,Marshall Tuck,495,,
Sutter,LO Comm 02,Superintendent of Public Instruction,,None,Marshall Tuck,573,,
Sutter,Dell Wayne 03,Superintendent of Public Instruction,,None,Marshall Tuck,362,,
Sutter,United Pent 04,Superintendent of Public Instruction,,None,Marshall Tuck,853,,
Sutter,United Pent 05,Superintendent of Public Instruction,,None,Marshall Tuck,547,,
Sutter,7th Day 06,Superintendent of Public Instruction,,None,Marshall Tuck,109,,
Sutter,Sutter Estates 07,Superintendent of Public Instruction,,None,Marshall Tuck,177,,
Sutter,YS Fair 08,Superintendent of Public Instruction,,None,Marshall Tuck,187,,
Sutter,YS Fair 09,Superintendent of Public Instruction,,None,Marshall Tuck,274,,
Sutter,St Isidore 10,Superintendent of Public Instruction,,None,Marshall Tuck,276,,
Sutter,Sutter HS 11,Superintendent of Public Instruction,,None,Marshall Tuck,564,,
Sutter,Sutter HS 12,Superintendent of Public Instruction,,None,Marshall Tuck,502,,
Sutter,Franklin 13,Superintendent of Public Instruction,,None,Marshall Tuck,193,,
Sutter,Meridian 14,Superintendent of Public Instruction,,None,Marshall Tuck,167,,
Sutter,1st United 15,Superintendent of Public Instruction,,None,Marshall Tuck,556,,
Sutter,1st United 16,Superintendent of Public Instruction,,None,Marshall Tuck,582,,
Sutter,Veterans 17,Superintendent of Public Instruction,,None,Marshall Tuck,315,,
Sutter,Veterans 18,Superintendent of Public Instruction,,None,Marshall Tuck,430,,
Sutter,Veterans 19,Superintendent of Public Instruction,,None,Marshall Tuck,516,,
Sutter,Veterans 20,Superintendent of Public Instruction,,None,Marshall Tuck,519,,
Sutter,St Andrew 21,Superintendent of Public Instruction,,None,Marshall Tuck,488,,
Sutter,St Andrew 22,Superintendent of Public Instruction,,None,Marshall Tuck,556,,
Sutter,AK School 23,Superintendent of Public Instruction,,None,Marshall Tuck,595,,
Sutter,AK School 24,Superintendent of Public Instruction,,None,Marshall Tuck,709,,
Sutter,St James 25,Superintendent of Public Instruction,,None,Marshall Tuck,250,,
Sutter,Walnut 26,Superintendent of Public Instruction,,None,Marshall Tuck,436,,
Sutter,Walnut 27,Superintendent of Public Instruction,,None,Marshall Tuck,412,,
Sutter,NV Calvary 28,Superintendent of Public Instruction,,None,Marshall Tuck,625,,
Sutter,NV Calvary 29,Superintendent of Public Instruction,,None,Marshall Tuck,454,,
Sutter,Riverbend 30,Superintendent of Public Instruction,,None,Marshall Tuck,445,,
Sutter,1st Reform 31,Superintendent of Public Instruction,,None,Marshall Tuck,134,,
Sutter,P Grove 32,Superintendent of Public Instruction,,None,Marshall Tuck,247,,
Sutter,E Nicolaus 33,Superintendent of Public Instruction,,None,Marshall Tuck,399,,
Sutter,34,Superintendent of Public Instruction,,None,Marshall Tuck,395,,
Sutter,35,Superintendent of Public Instruction,,None,Marshall Tuck,260,,
Sutter,36,Superintendent of Public Instruction,,None,Marshall Tuck,83,,
Sutter,37,Superintendent of Public Instruction,,None,Marshall Tuck,416,,
Sutter,38,Superintendent of Public Instruction,,None,Marshall Tuck,189,,
Sutter,39,Superintendent of Public Instruction,,None,Marshall Tuck,114,,
Sutter,40,Superintendent of Public Instruction,,None,Marshall Tuck,268,,
Sutter,41,Superintendent of Public Instruction,,None,Marshall Tuck,366,,
Sutter,42,Superintendent of Public Instruction,,None,Marshall Tuck,280,,
Sutter,43,Superintendent of Public Instruction,,None,Marshall Tuck,228,,
Sutter,44,Superintendent of Public Instruction,,None,Marshall Tuck,402,,
Sutter,45,Superintendent of Public Instruction,,None,Marshall Tuck,206,,
Sutter,46,Superintendent of Public Instruction,,None,Marshall Tuck,51,,
Sutter,47,Superintendent of Public Instruction,,None,Marshall Tuck,34,,
Sutter,48,Superintendent of Public Instruction,,None,Marshall Tuck,183,,
Sutter,49,Superintendent of Public Instruction,,None,Marshall Tuck,241,,
Sutter,50,Superintendent of Public Instruction,,None,Marshall Tuck,53,,
Sutter,LO Comm 01,Superintendent of Public Instruction,,None,Tony Thurmond,311,,
Sutter,LO Comm 02,Superintendent of Public Instruction,,None,Tony Thurmond,401,,
Sutter,Dell Wayne 03,Superintendent of Public Instruction,,None,Tony Thurmond,153,,
Sutter,United Pent 04,Superintendent of Public Instruction,,None,Tony Thurmond,422,,
Sutter,United Pent 05,Superintendent of Public Instruction,,None,Tony Thurmond,251,,
Sutter,7th Day 06,Superintendent of Public Instruction,,None,Tony Thurmond,77,,
Sutter,Sutter Estates 07,Superintendent of Public Instruction,,None,Tony Thurmond,75,,
Sutter,YS Fair 08,Superintendent of Public Instruction,,None,Tony Thurmond,123,,
Sutter,YS Fair 09,Superintendent of Public Instruction,,None,Tony Thurmond,152,,
Sutter,St Isidore 10,Superintendent of Public Instruction,,None,Tony Thurmond,130,,
Sutter,Sutter HS 11,Superintendent of Public Instruction,,None,Tony Thurmond,194,,
Sutter,Sutter HS 12,Superintendent of Public Instruction,,None,Tony Thurmond,171,,
Sutter,Franklin 13,Superintendent of Public Instruction,,None,Tony Thurmond,76,,
Sutter,Meridian 14,Superintendent of Public Instruction,,None,Tony Thurmond,48,,
Sutter,1st United 15,Superintendent of Public Instruction,,None,Tony Thurmond,259,,
Sutter,1st United 16,Superintendent of Public Instruction,,None,Tony Thurmond,247,,
Sutter,Veterans 17,Superintendent of Public Instruction,,None,Tony Thurmond,116,,
Sutter,Veterans 18,Superintendent of Public Instruction,,None,Tony Thurmond,163,,
Sutter,Veterans 19,Superintendent of Public Instruction,,None,Tony Thurmond,191,,
Sutter,Veterans 20,Superintendent of Public Instruction,,None,Tony Thurmond,240,,
Sutter,St Andrew 21,Superintendent of Public Instruction,,None,Tony Thurmond,300,,
Sutter,St Andrew 22,Superintendent of Public Instruction,,None,Tony Thurmond,339,,
Sutter,AK School 23,Superintendent of Public Instruction,,None,Tony Thurmond,358,,
Sutter,AK School 24,Superintendent of Public Instruction,,None,Tony Thurmond,442,,
Sutter,St James 25,Superintendent of Public Instruction,,None,Tony Thurmond,132,,
Sutter,Walnut 26,Superintendent of Public Instruction,,None,Tony Thurmond,207,,
Sutter,Walnut 27,Superintendent of Public Instruction,,None,Tony Thurmond,170,,
Sutter,NV Calvary 28,Superintendent of Public Instruction,,None,Tony Thurmond,344,,
Sutter,NV Calvary 29,Superintendent of Public Instruction,,None,Tony Thurmond,293,,
Sutter,Riverbend 30,Superintendent of Public Instruction,,None,Tony Thurmond,271,,
Sutter,1st Reform 31,Superintendent of Public Instruction,,None,Tony Thurmond,48,,
Sutter,P Grove 32,Superintendent of Public Instruction,,None,Tony Thurmond,88,,
Sutter,E Nicolaus 33,Superintendent of Public Instruction,,None,Tony Thurmond,154,,
Sutter,34,Superintendent of Public Instruction,,None,Tony Thurmond,136,,
Sutter,35,Superintendent of Public Instruction,,None,Tony Thurmond,102,,
Sutter,36,Superintendent of Public Instruction,,None,Tony Thurmond,35,,
Sutter,37,Superintendent of Public Instruction,,None,Tony Thurmond,177,,
Sutter,38,Superintendent of Public Instruction,,None,Tony Thurmond,108,,
Sutter,39,Superintendent of Public Instruction,,None,Tony Thurmond,24,,
Sutter,40,Superintendent of Public Instruction,,None,Tony Thurmond,147,,
Sutter,41,Superintendent of Public Instruction,,None,Tony Thurmond,169,,
Sutter,42,Superintendent of Public Instruction,,None,Tony Thurmond,124,,
Sutter,43,Superintendent of Public Instruction,,None,Tony Thurmond,129,,
Sutter,44,Superintendent of Public Instruction,,None,Tony Thurmond,207,,
Sutter,45,Superintendent of Public Instruction,,None,Tony Thurmond,70,,
Sutter,46,Superintendent of Public Instruction,,None,Tony Thurmond,8,,
Sutter,47,Superintendent of Public Instruction,,None,Tony Thurmond,10,,
Sutter,48,Superintendent of Public Instruction,,None,Tony Thurmond,72,,
Sutter,49,Superintendent of Public Instruction,,None,Tony Thurmond,99,,
Sutter,50,Superintendent of Public Instruction,,None,Tony Thurmond,17,,
Sutter,LO Comm 01,U.S. House,3,Dem,John Garamendi,531,172,359
Sutter,LO Comm 02,U.S. House,3,Dem,John Garamendi,628,187,441
Sutter,Dell Wayne 03,U.S. House,3,Dem,John Garamendi,268,66,202
Sutter,United Pent 04,U.S. House,3,Dem,John Garamendi,639,169,470
Sutter,United Pent 05,U.S. House,3,Dem,John Garamendi,404,126,278
Sutter,7th Day 06,U.S. House,3,Dem,John Garamendi,92,24,68
Sutter,Sutter Estates 07,U.S. House,3,Dem,John Garamendi,168,51,117
Sutter,YS Fair 08,U.S. House,3,Dem,John Garamendi,199,73,126
Sutter,YS Fair 09,U.S. House,3,Dem,John Garamendi,236,77,159
Sutter,St Isidore 10,U.S. House,3,Dem,John Garamendi,208,57,151
Sutter,Sutter HS 11,U.S. House,3,Dem,John Garamendi,217,69,148
Sutter,Sutter HS 12,U.S. House,3,Dem,John Garamendi,217,78,139
Sutter,Franklin 13,U.S. House,3,Dem,John Garamendi,97,28,69
Sutter,Meridian 14,U.S. House,3,Dem,John Garamendi,53,7,46
Sutter,1st United 15,U.S. House,3,Dem,John Garamendi,473,101,372
Sutter,1st United 16,U.S. House,3,Dem,John Garamendi,360,104,256
Sutter,Veterans 17,U.S. House,3,Dem,John Garamendi,197,54,143
Sutter,Veterans 18,U.S. House,3,Dem,John Garamendi,253,57,196
Sutter,Veterans 19,U.S. House,3,Dem,John Garamendi,326,78,248
Sutter,Veterans 20,U.S. House,3,Dem,John Garamendi,433,133,300
Sutter,St Andrew 21,U.S. House,3,Dem,John Garamendi,585,133,452
Sutter,St Andrew 22,U.S. House,3,Dem,John Garamendi,570,144,426
Sutter,AK School 23,U.S. House,3,Dem,John Garamendi,583,150,433
Sutter,AK School 24,U.S. House,3,Dem,John Garamendi,785,175,610
Sutter,St James 25,U.S. House,3,Dem,John Garamendi,224,31,193
Sutter,Walnut 26,U.S. House,3,Dem,John Garamendi,295,76,219
Sutter,Walnut 27,U.S. House,3,Dem,John Garamendi,228,56,172
Sutter,NV Calvary 28,U.S. House,3,Dem,John Garamendi,536,127,409
Sutter,NV Calvary 29,U.S. House,3,Dem,John Garamendi,441,141,300
Sutter,Riverbend 30,U.S. House,3,Dem,John Garamendi,419,122,297
Sutter,1st Reform 31,U.S. House,3,Dem,John Garamendi,73,27,46
Sutter,P Grove 32,U.S. House,3,Dem,John Garamendi,91,30,61
Sutter,E Nicolaus 33,U.S. House,3,Dem,John Garamendi,198,66,132
Sutter,34,U.S. House,3,Dem,John Garamendi,219,2,217
Sutter,35,U.S. House,3,Dem,John Garamendi,146,0,146
Sutter,36,U.S. House,3,Dem,John Garamendi,49,0,49
Sutter,37,U.S. House,3,Dem,John Garamendi,281,0,281
Sutter,38,U.S. House,3,Dem,John Garamendi,132,0,132
Sutter,39,U.S. House,3,Dem,John Garamendi,46,0,46
Sutter,40,U.S. House,3,Dem,John Garamendi,228,0,228
Sutter,41,U.S. House,3,Dem,John Garamendi,285,0,285
Sutter,42,U.S. House,3,Dem,John Garamendi,186,0,186
Sutter,43,U.S. House,3,Dem,John Garamendi,202,0,202
Sutter,44,U.S. House,3,Dem,John Garamendi,355,0,355
Sutter,45,U.S. House,3,Dem,John Garamendi,110,0,110
Sutter,46,U.S. House,3,Dem,John Garamendi,12,0,12
Sutter,47,U.S. House,3,Dem,John Garamendi,14,0,14
Sutter,48,U.S. House,3,Dem,John Garamendi,118,0,118
Sutter,49,U.S. House,3,Dem,John Garamendi,126,0,126
Sutter,50,U.S. House,3,Dem,John Garamendi,36,0,36
Sutter,LO Comm 01,U.S. House,3,Rep,Charlie Schaupp,344,114,230
Sutter,LO Comm 02,U.S. House,3,Rep,Charlie Schaupp,442,153,289
Sutter,Dell Wayne 03,U.S. House,3,Rep,Charlie Schaupp,322,90,232
Sutter,United Pent 04,U.S. House,3,Rep,Charlie Schaupp,800,203,597
Sutter,United Pent 05,U.S. House,3,Rep,Charlie Schaupp,469,159,310
Sutter,7th Day 06,U.S. House,3,Rep,Charlie Schaupp,113,18,95
Sutter,Sutter Estates 07,U.S. House,3,Rep,Charlie Schaupp,117,33,84
Sutter,YS Fair 08,U.S. House,3,Rep,Charlie Schaupp,138,46,92
Sutter,YS Fair 09,U.S. House,3,Rep,Charlie Schaupp,239,84,155
Sutter,St Isidore 10,U.S. House,3,Rep,Charlie Schaupp,257,84,173
Sutter,Sutter HS 11,U.S. House,3,Rep,Charlie Schaupp,630,164,466
Sutter,Sutter HS 12,U.S. House,3,Rep,Charlie Schaupp,537,166,371
Sutter,Franklin 13,U.S. House,3,Rep,Charlie Schaupp,221,52,169
Sutter,Meridian 14,U.S. House,3,Rep,Charlie Schaupp,187,49,138
Sutter,1st United 15,U.S. House,3,Rep,Charlie Schaupp,451,133,318
Sutter,1st United 16,U.S. House,3,Rep,Charlie Schaupp,590,164,426
Sutter,Veterans 17,U.S. House,3,Rep,Charlie Schaupp,285,88,197
Sutter,Veterans 18,U.S. House,3,Rep,Charlie Schaupp,423,111,312
Sutter,Veterans 19,U.S. House,3,Rep,Charlie Schaupp,483,125,358
Sutter,Veterans 20,U.S. House,3,Rep,Charlie Schaupp,466,112,354
Sutter,St Andrew 21,U.S. House,3,Rep,Charlie Schaupp,308,114,194
Sutter,St Andrew 22,U.S. House,3,Rep,Charlie Schaupp,438,136,302
Sutter,AK School 23,U.S. House,3,Rep,Charlie Schaupp,489,155,334
Sutter,AK School 24,U.S. House,3,Rep,Charlie Schaupp,508,158,350
Sutter,St James 25,U.S. House,3,Rep,Charlie Schaupp,217,51,166
Sutter,Walnut 26,U.S. House,3,Rep,Charlie Schaupp,415,102,313
Sutter,Walnut 27,U.S. House,3,Rep,Charlie Schaupp,431,111,320
Sutter,NV Calvary 28,U.S. House,3,Rep,Charlie Schaupp,553,144,409
Sutter,NV Calvary 29,U.S. House,3,Rep,Charlie Schaupp,401,150,251
Sutter,Riverbend 30,U.S. House,3,Rep,Charlie Schaupp,369,106,263
Sutter,1st Reform 31,U.S. House,3,Rep,Charlie Schaupp,133,45,88
Sutter,P Grove 32,U.S. House,3,Rep,Charlie Schaupp,291,116,175
Sutter,E Nicolaus 33,U.S. House,3,Rep,Charlie Schaupp,461,165,296
Sutter,34,U.S. House,3,Rep,Charlie Schaupp,391,2,389
Sutter,35,U.S. House,3,Rep,Charlie Schaupp,268,3,265
Sutter,36,U.S. House,3,Rep,Charlie Schaupp,80,0,80
Sutter,37,U.S. House,3,Rep,Charlie Schaupp,390,0,390
Sutter,38,U.S. House,3,Rep,Charlie Schaupp,225,0,225
Sutter,39,U.S. House,3,Rep,Charlie Schaupp,108,1,107
Sutter,40,U.S. House,3,Rep,Charlie Schaupp,245,0,245
Sutter,41,U.S. House,3,Rep,Charlie Schaupp,292,0,292
Sutter,42,U.S. House,3,Rep,Charlie Schaupp,275,0,275
Sutter,43,U.S. House,3,Rep,Charlie Schaupp,187,0,187
Sutter,44,U.S. House,3,Rep,Charlie Schaupp,341,0,341
Sutter,45,U.S. House,3,Rep,Charlie Schaupp,199,0,199
Sutter,46,U.S. House,3,Rep,Charlie Schaupp,59,0,59
Sutter,47,U.S. House,3,Rep,Charlie Schaupp,41,0,41
Sutter,48,U.S. House,3,Rep,Charlie Schaupp,167,0,167
Sutter,49,U.S. House,3,Rep,Charlie Schaupp,274,0,274
Sutter,50,U.S. House,3,Rep,Charlie Schaupp,38,0,38
Sutter,LO Comm 01,State Senate,4,Dem,Philip Kim,445,148,297
Sutter,LO Comm 02,State Senate,4,Dem,Philip Kim,494,153,341
Sutter,Dell Wayne 03,State Senate,4,Dem,Philip Kim,222,53,169
Sutter,United Pent 04,State Senate,4,Dem,Philip Kim,468,129,339
Sutter,United Pent 05,State Senate,4,Dem,Philip Kim,308,95,213
Sutter,7th Day 06,State Senate,4,Dem,Philip Kim,75,21,54
Sutter,Sutter Estates 07,State Senate,4,Dem,Philip Kim,131,44,87
Sutter,YS Fair 08,State Senate,4,Dem,Philip Kim,172,67,105
Sutter,YS Fair 09,State Senate,4,Dem,Philip Kim,186,66,120
Sutter,St Isidore 10,State Senate,4,Dem,Philip Kim,150,45,105
Sutter,Sutter HS 11,State Senate,4,Dem,Philip Kim,130,42,88
Sutter,Sutter HS 12,State Senate,4,Dem,Philip Kim,124,56,68
Sutter,Franklin 13,State Senate,4,Dem,Philip Kim,55,18,37
Sutter,Meridian 14,State Senate,4,Dem,Philip Kim,33,5,28
Sutter,1st United 15,State Senate,4,Dem,Philip Kim,389,77,312
Sutter,1st United 16,State Senate,4,Dem,Philip Kim,245,79,166
Sutter,Veterans 17,State Senate,4,Dem,Philip Kim,147,45,102
Sutter,Veterans 18,State Senate,4,Dem,Philip Kim,175,43,132
Sutter,Veterans 19,State Senate,4,Dem,Philip Kim,219,59,160
Sutter,Veterans 20,State Senate,4,Dem,Philip Kim,325,106,219
Sutter,St Andrew 21,State Senate,4,Dem,Philip Kim,442,103,339
Sutter,St Andrew 22,State Senate,4,Dem,Philip Kim,436,121,315
Sutter,AK School 23,State Senate,4,Dem,Philip Kim,460,117,343
Sutter,AK School 24,State Senate,4,Dem,Philip Kim,654,145,509
Sutter,St James 25,State Senate,4,Dem,Philip Kim,173,22,151
Sutter,Walnut 26,State Senate,4,Dem,Philip Kim,177,49,128
Sutter,Walnut 27,State Senate,4,Dem,Philip Kim,147,41,106
Sutter,NV Calvary 28,State Senate,4,Dem,Philip Kim,440,106,334
Sutter,NV Calvary 29,State Senate,4,Dem,Philip Kim,353,113,240
Sutter,Riverbend 30,State Senate,4,Dem,Philip Kim,344,93,251
Sutter,1st Reform 31,State Senate,4,Dem,Philip Kim,47,14,33
Sutter,P Grove 32,State Senate,4,Dem,Philip Kim,48,21,27
Sutter,E Nicolaus 33,State Senate,4,Dem,Philip Kim,111,41,70
Sutter,34,State Senate,4,Dem,Philip Kim,138,2,136
Sutter,35,State Senate,4,Dem,Philip Kim,82,0,82
Sutter,36,State Senate,4,Dem,Philip Kim,33,0,33
Sutter,37,State Senate,4,Dem,Philip Kim,186,0,186
Sutter,38,State Senate,4,Dem,Philip Kim,96,0,96
Sutter,39,State Senate,4,Dem,Philip Kim,32,0,32
Sutter,40,State Senate,4,Dem,Philip Kim,188,0,188
Sutter,41,State Senate,4,Dem,Philip Kim,239,0,239
Sutter,42,State Senate,4,Dem,Philip Kim,158,0,158
Sutter,43,State Senate,4,Dem,Philip Kim,166,0,166
Sutter,44,State Senate,4,Dem,Philip Kim,276,0,276
Sutter,45,State Senate,4,Dem,Philip Kim,76,0,76
Sutter,46,State Senate,4,Dem,Philip Kim,11,0,11
Sutter,47,State Senate,4,Dem,Philip Kim,10,0,10
Sutter,48,State Senate,4,Dem,Philip Kim,94,0,94
Sutter,49,State Senate,4,Dem,Philip Kim,85,0,85
Sutter,50,State Senate,4,Dem,Philip Kim,35,0,35
Sutter,LO Comm 01,State Senate,4,Rep,James Nielsen,424,139,285
Sutter,LO Comm 02,State Senate,4,Rep,James Nielsen,563,186,377
Sutter,Dell Wayne 03,State Senate,4,Rep,James Nielsen,357,102,255
Sutter,United Pent 04,State Senate,4,Rep,James Nielsen,946,239,707
Sutter,United Pent 05,State Senate,4,Rep,James Nielsen,555,185,370
Sutter,7th Day 06,State Senate,4,Rep,James Nielsen,131,21,110
Sutter,Sutter Estates 07,State Senate,4,Rep,James Nielsen,149,37,112
Sutter,YS Fair 08,State Senate,4,Rep,James Nielsen,162,51,111
Sutter,YS Fair 09,State Senate,4,Rep,James Nielsen,284,94,190
Sutter,St Isidore 10,State Senate,4,Rep,James Nielsen,309,93,216
Sutter,Sutter HS 11,State Senate,4,Rep,James Nielsen,704,188,516
Sutter,Sutter HS 12,State Senate,4,Rep,James Nielsen,619,186,433
Sutter,Franklin 13,State Senate,4,Rep,James Nielsen,255,60,195
Sutter,Meridian 14,State Senate,4,Rep,James Nielsen,203,51,152
Sutter,1st United 15,State Senate,4,Rep,James Nielsen,517,155,362
Sutter,1st United 16,State Senate,4,Rep,James Nielsen,690,187,503
Sutter,Veterans 17,State Senate,4,Rep,James Nielsen,326,94,232
Sutter,Veterans 18,State Senate,4,Rep,James Nielsen,494,125,369
Sutter,Veterans 19,State Senate,4,Rep,James Nielsen,586,142,444
Sutter,Veterans 20,State Senate,4,Rep,James Nielsen,558,130,428
Sutter,St Andrew 21,State Senate,4,Rep,James Nielsen,431,140,291
Sutter,St Andrew 22,State Senate,4,Rep,James Nielsen,530,153,377
Sutter,AK School 23,State Senate,4,Rep,James Nielsen,587,183,404
Sutter,AK School 24,State Senate,4,Rep,James Nielsen,607,184,423
Sutter,St James 25,State Senate,4,Rep,James Nielsen,260,58,202
Sutter,Walnut 26,State Senate,4,Rep,James Nielsen,525,129,396
Sutter,Walnut 27,State Senate,4,Rep,James Nielsen,503,124,379
Sutter,NV Calvary 28,State Senate,4,Rep,James Nielsen,638,168,470
Sutter,NV Calvary 29,State Senate,4,Rep,James Nielsen,481,176,305
Sutter,Riverbend 30,State Senate,4,Rep,James Nielsen,425,127,298
Sutter,1st Reform 31,State Senate,4,Rep,James Nielsen,156,57,99
Sutter,P Grove 32,State Senate,4,Rep,James Nielsen,328,124,204
Sutter,E Nicolaus 33,State Senate,4,Rep,James Nielsen,527,188,339
Sutter,34,State Senate,4,Rep,James Nielsen,462,2,460
Sutter,35,State Senate,4,Rep,James Nielsen,330,3,327
Sutter,36,State Senate,4,Rep,James Nielsen,94,0,94
Sutter,37,State Senate,4,Rep,James Nielsen,473,0,473
Sutter,38,State Senate,4,Rep,James Nielsen,254,0,254
Sutter,39,State Senate,4,Rep,James Nielsen,123,1,122
Sutter,40,State Senate,4,Rep,James Nielsen,272,0,272
Sutter,41,State Senate,4,Rep,James Nielsen,333,0,333
Sutter,42,State Senate,4,Rep,James Nielsen,297,0,297
Sutter,43,State Senate,4,Rep,James Nielsen,217,0,217
Sutter,44,State Senate,4,Rep,James Nielsen,399,0,399
Sutter,45,State Senate,4,Rep,James Nielsen,221,0,221
Sutter,46,State Senate,4,Rep,James Nielsen,60,0,60
Sutter,47,State Senate,4,Rep,James Nielsen,45,0,45
Sutter,48,State Senate,4,Rep,James Nielsen,183,0,183
Sutter,49,State Senate,4,Rep,James Nielsen,313,0,313
Sutter,50,State Senate,4,Rep,James Nielsen,39,0,39
Sutter,LO Comm 01,State Assembly,3,Dem,Sonia Aery,445,148,297
Sutter,LO Comm 02,State Assembly,3,Dem,Sonia Aery,502,153,349
Sutter,Dell Wayne 03,State Assembly,3,Dem,Sonia Aery,211,46,165
Sutter,United Pent 04,State Assembly,3,Dem,Sonia Aery,441,132,309
Sutter,United Pent 05,State Assembly,3,Dem,Sonia Aery,304,98,206
Sutter,7th Day 06,State Assembly,3,Dem,Sonia Aery,77,21,56
Sutter,Sutter Estates 07,State Assembly,3,Dem,Sonia Aery,127,42,85
Sutter,YS Fair 08,State Assembly,3,Dem,Sonia Aery,174,63,111
Sutter,YS Fair 09,State Assembly,3,Dem,Sonia Aery,176,59,117
Sutter,St Isidore 10,State Assembly,3,Dem,Sonia Aery,135,42,93
Sutter,Sutter HS 11,State Assembly,3,Dem,Sonia Aery,123,37,86
Sutter,Sutter HS 12,State Assembly,3,Dem,Sonia Aery,112,49,63
Sutter,Franklin 13,State Assembly,3,Dem,Sonia Aery,47,15,32
Sutter,Meridian 14,State Assembly,3,Dem,Sonia Aery,32,5,27
Sutter,1st United 15,State Assembly,3,Dem,Sonia Aery,375,78,297
Sutter,1st United 16,State Assembly,3,Dem,Sonia Aery,234,71,163
Sutter,Veterans 17,State Assembly,3,Dem,Sonia Aery,139,40,99
Sutter,Veterans 18,State Assembly,3,Dem,Sonia Aery,169,39,130
Sutter,Veterans 19,State Assembly,3,Dem,Sonia Aery,217,59,158
Sutter,Veterans 20,State Assembly,3,Dem,Sonia Aery,321,109,212
Sutter,St Andrew 21,State Assembly,3,Dem,Sonia Aery,493,108,385
Sutter,St Andrew 22,State Assembly,3,Dem,Sonia Aery,460,123,337
Sutter,AK School 23,State Assembly,3,Dem,Sonia Aery,466,123,343
Sutter,AK School 24,State Assembly,3,Dem,Sonia Aery,651,153,498
Sutter,St James 25,State Assembly,3,Dem,Sonia Aery,191,21,170
Sutter,Walnut 26,State Assembly,3,Dem,Sonia Aery,161,47,114
Sutter,Walnut 27,State Assembly,3,Dem,Sonia Aery,138,41,97
Sutter,NV Calvary 28,State Assembly,3,Dem,Sonia Aery,424,94,330
Sutter,NV Calvary 29,State Assembly,3,Dem,Sonia Aery,354,107,247
Sutter,Riverbend 30,State Assembly,3,Dem,Sonia Aery,353,100,253
Sutter,1st Reform 31,State Assembly,3,Dem,Sonia Aery,51,18,33
Sutter,P Grove 32,State Assembly,3,Dem,Sonia Aery,49,20,29
Sutter,E Nicolaus 33,State Assembly,3,Dem,Sonia Aery,101,32,69
Sutter,34,State Assembly,3,Dem,Sonia Aery,124,2,122
Sutter,35,State Assembly,3,Dem,Sonia Aery,85,0,85
Sutter,36,State Assembly,3,Dem,Sonia Aery,35,0,35
Sutter,37,State Assembly,3,Dem,Sonia Aery,168,0,168
Sutter,38,State Assembly,3,Dem,Sonia Aery,96,0,96
Sutter,39,State Assembly,3,Dem,Sonia Aery,26,0,26
Sutter,40,State Assembly,3,Dem,Sonia Aery,185,0,185
Sutter,41,State Assembly,3,Dem,Sonia Aery,226,0,226
Sutter,42,State Assembly,3,Dem,Sonia Aery,144,0,144
Sutter,43,State Assembly,3,Dem,Sonia Aery,161,0,161
Sutter,44,State Assembly,3,Dem,Sonia Aery,302,0,302
Sutter,45,State Assembly,3,Dem,Sonia Aery,68,0,68
Sutter,46,State Assembly,3,Dem,Sonia Aery,10,0,10
Sutter,47,State Assembly,3,Dem,Sonia Aery,9,0,9
Sutter,48,State Assembly,3,Dem,Sonia Aery,89,0,89
Sutter,49,State Assembly,3,Dem,Sonia Aery,77,1,76
Sutter,50,State Assembly,3,Dem,Sonia Aery,33,0,33
Sutter,LO Comm 01,State Assembly,3,Rep,James Gallagher,421,136,285
Sutter,LO Comm 02,State Assembly,3,Rep,James Gallagher,562,186,376
Sutter,Dell Wayne 03,State Assembly,3,Rep,James Gallagher,372,110,262
Sutter,United Pent 04,State Assembly,3,Rep,James Gallagher,1004,241,763
Sutter,United Pent 05,State Assembly,3,Rep,James Gallagher,565,183,382
Sutter,7th Day 06,State Assembly,3,Rep,James Gallagher,131,21,110
Sutter,Sutter Estates 07,State Assembly,3,Rep,James Gallagher,161,44,117
Sutter,YS Fair 08,State Assembly,3,Rep,James Gallagher,163,56,107
Sutter,YS Fair 09,State Assembly,3,Rep,James Gallagher,296,102,194
Sutter,St Isidore 10,State Assembly,3,Rep,James Gallagher,327,96,231
Sutter,Sutter HS 11,State Assembly,3,Rep,James Gallagher,721,193,528
Sutter,Sutter HS 12,State Assembly,3,Rep,James Gallagher,635,192,443
Sutter,Franklin 13,State Assembly,3,Rep,James Gallagher,269,65,204
Sutter,Meridian 14,State Assembly,3,Rep,James Gallagher,207,50,157
Sutter,1st United 15,State Assembly,3,Rep,James Gallagher,551,155,396
Sutter,1st United 16,State Assembly,3,Rep,James Gallagher,717,200,517
Sutter,Veterans 17,State Assembly,3,Rep,James Gallagher,337,100,237
Sutter,Veterans 18,State Assembly,3,Rep,James Gallagher,508,129,379
Sutter,Veterans 19,State Assembly,3,Rep,James Gallagher,597,142,455
Sutter,Veterans 20,State Assembly,3,Rep,James Gallagher,577,127,450
Sutter,St Andrew 21,State Assembly,3,Rep,James Gallagher,452,144,308
Sutter,St Andrew 22,State Assembly,3,Rep,James Gallagher,562,157,405
Sutter,AK School 23,State Assembly,3,Rep,James Gallagher,620,181,439
Sutter,AK School 24,State Assembly,3,Rep,James Gallagher,659,179,480
Sutter,St James 25,State Assembly,3,Rep,James Gallagher,264,63,201
Sutter,Walnut 26,State Assembly,3,Rep,James Gallagher,558,133,425
Sutter,Walnut 27,State Assembly,3,Rep,James Gallagher,520,126,394
Sutter,NV Calvary 28,State Assembly,3,Rep,James Gallagher,675,182,493
Sutter,NV Calvary 29,State Assembly,3,Rep,James Gallagher,486,188,298
Sutter,Riverbend 30,State Assembly,3,Rep,James Gallagher,437,124,313
Sutter,1st Reform 31,State Assembly,3,Rep,James Gallagher,154,54,100
Sutter,P Grove 32,State Assembly,3,Rep,James Gallagher,336,127,209
Sutter,E Nicolaus 33,State Assembly,3,Rep,James Gallagher,556,200,356
Sutter,34,State Assembly,3,Rep,James Gallagher,481,2,479
Sutter,35,State Assembly,3,Rep,James Gallagher,333,3,330
Sutter,36,State Assembly,3,Rep,James Gallagher,94,0,94
Sutter,37,State Assembly,3,Rep,James Gallagher,505,0,505
Sutter,38,State Assembly,3,Rep,James Gallagher,260,0,260
Sutter,39,State Assembly,3,Rep,James Gallagher,129,1,128
Sutter,40,State Assembly,3,Rep,James Gallagher,277,0,277
Sutter,41,State Assembly,3,Rep,James Gallagher,353,0,353
Sutter,42,State Assembly,3,Rep,James Gallagher,316,0,316
Sutter,43,State Assembly,3,Rep,James Gallagher,224,0,224
Sutter,44,State Assembly,3,Rep,James Gallagher,389,0,389
Sutter,45,State Assembly,3,Rep,James Gallagher,234,0,234
Sutter,46,State Assembly,3,Rep,James Gallagher,61,0,61
Sutter,47,State Assembly,3,Rep,James Gallagher,47,0,47
Sutter,48,State Assembly,3,Rep,James Gallagher,194,0,194
Sutter,49,State Assembly,3,Rep,James Gallagher,321,0,321
Sutter,50,State Assembly,3,Rep,James Gallagher,44,0,44
